channel,veil_fit,name,lo,hi,lam_center,ok,npix,sigma,sigma_err,fwhm,fwhm_err,dlam,dlam_err,veil,veil_err,c0,c1,chi2_nu
E,True,T390-400,390,400,395,True,21,1.011791,0.005162552,2.382585,0.01215688,0.1125364,0.006320206,0.003400215,0.006502553,561.8193,3.714049,6.547046
E,True,T400-410,400,410,405,True,22,0.9950602,0.02940655,2.343188,0.06924713,-0.03593743,0.03200579,0.02604128,0.04491365,555.1176,0.4520958,5.155555
E,True,T410-420,410,420,415,True,21,1.030975,0.03442749,2.42776,0.08107055,0.2604284,0.03294441,-0.02382192,0.04763752,598.1834,1.321328,5.276541
E,True,T420-430,420,430,425,True,21,1.027711,0.01875834,2.420074,0.04417251,0.1343879,0.03648705,-0.05760173,0.0235212,631.1136,1.589311,3.828157
E,True,T430-440,430,440,435,True,21,0.8912633,0.01207167,2.098765,0.02842662,0.1393188,0.008520681,0.04147646,0.01580892,590.4389,-0.09322294,38.21658
E,True,T440-450,440,450,445,True,21,0.963922,0.03177758,2.269863,0.07483049,-0.04721424,0.02784802,0.02855924,0.03690886,600.9875,1.79376,2.584347
E,True,T450-460,450,460,455,True,21,1.143855,0.06773047,2.693572,0.1594931,0.01568553,0.02702258,-0.2102353,0.06417718,796.2826,0.5766122,2.693322
E,True,T460-470,460,470,465,True,20,1.025023,0.06203775,2.413745,0.1460877,0.008190188,0.04211858,-0.2079145,0.06007064,798.2332,0.489827,5.313598
E,True,T470-480,470,480,475,True,21,1.105764,0.05118485,2.603875,0.1205311,0.05274977,0.05241027,-0.1880431,0.0969579,783.5919,0.03331982,6.943376
E,True,T480-490,480,490,485,True,21,0.9640685,0.0185814,2.270208,0.04375585,-0.03899631,0.01148658,0.04593973,0.01395628,618.2691,0.1238296,4.021723
E,True,T490-500,490,500,495,True,21,1.137781,0.03281067,2.679269,0.07726322,-0.01004916,0.02592059,-0.1125877,0.02205743,735.2474,1.268092,2.271866
E,True,T500-510,500,510,505,True,20,0.86507,0.02948673,2.037084,0.06943594,0.1288534,0.02614476,0.3037145,0.06320507,500.3708,0.4842493,8.694859
E,True,T510-520,510,520,515,True,21,1.063365,0.02586254,2.504033,0.06090164,-0.01346774,0.01794429,-0.06206457,0.02844976,706.36,1.506934,2.988157
E,True,T520-530,520,530,525,True,21,0.9758711,0.02041228,2.298001,0.04806724,-0.01664267,0.01869214,0.04442223,0.02753346,637.944,0.003361473,2.878069
E,True,T530-540,530,540,535,True,20,1.00421,0.03122512,2.364733,0.07352955,0.00502706,0.02388272,-0.09754388,0.04305254,736.2536,0.5141831,1.890723
E,True,T540-550,540,550,545,True,21,1.026627,0.08236011,2.417521,0.1939432,0.06452711,0.0748343,-0.02848275,0.08385987,680.6299,0.02892343,2.30727
E,True,T550-560,550,560,555,True,20,1.005291,0.1080216,2.36728,0.2543714,-0.127492,0.06521459,0.04841755,0.09481925,630.3037,-0.4187701,3.583189
E,True,T560-570,560,570,565,False,21,,,,,,,,,,,
E,True,T580-590,580,590,585,False,20,,,,,,,,,,,
E,True,T590-600,590,600,595,True,21,0.7776296,0.05260431,1.831178,0.1238737,0.166732,0.09880966,0.3070022,0.1460947,487.531,1.688997,8.138297
E,True,T600-610,600,610,605,True,20,1.373982,0.1332651,3.23548,0.3138152,-0.3046276,0.06366436,-0.232982,0.07221706,863.8702,2.484714,1.217976
E,True,T610-620,610,620,615,True,20,0.999363,0.05103821,2.35332,0.1201858,-0.1121362,0.04850333,-0.01370257,0.04058616,681.4214,0.8256591,1.66127
E,True,T650-660,650,660,655,True,20,1.069767,0.01978469,2.519108,0.04658938,-0.07669028,0.01367739,-0.1055137,0.01807215,760.349,3.268482,4.636889
E,True,T660-670,660,670,665,False,20,,,,,,,,,,,
E,True,T670-680,670,680,675,True,20,1.021399,0.195807,2.405211,0.4610903,-0.1243836,0.1519928,-0.2985167,0.2591514,1003.169,0.6684339,1.105846
E,True,T850-860,850,860,855,True,20,0.9748084,0.01534041,2.295498,0.03612392,0.1170622,0.01257472,0.2144831,0.02070643,599.2202,0.9419644,8.865905
E,True,T860-870,860,870,865,True,20,1.094282,0.02378833,2.576838,0.05601724,0.157521,0.01513412,-0.0809822,0.02124262,792.9682,1.389177,5.823008
Ld,True,T390-400,390,400,395,True,21,1.222607,0.004385662,2.879019,0.01032744,0.1554806,0.005534454,0.01202135,0.004406086,54.93539,0.009857867,12.61422
Ld,True,T400-410,400,410,405,True,21,0.980888,0.02449686,2.309815,0.05768571,0.264816,0.01716472,0.1934203,0.03062412,44.19192,-0.2540264,7.967792
Ld,True,T410-420,410,420,415,True,22,1.209579,0.0302193,2.84834,0.07116102,0.1929522,0.0203366,-0.09838024,0.02842739,56.41275,-0.2067586,6.045404
Ld,True,T420-430,420,430,425,True,21,1.230957,0.02281228,2.898682,0.05371882,0.07988701,0.03865493,0.005776859,0.02555077,48.53834,-0.1968816,2.48143
Ld,True,T430-440,430,440,435,True,21,1.192344,0.009075882,2.807755,0.02137207,0.1930443,0.01291456,-0.01404124,0.009536785,47.86422,-0.2743097,9.148739
Ld,True,T440-450,440,450,445,True,21,1.229806,0.05554653,2.895971,0.1308021,-0.1428375,0.02145899,-0.06127802,0.04842913,47.55145,-0.2139663,2.429202
Ld,True,T450-460,450,460,455,True,21,1.147742,0.04075748,2.702725,0.09597654,0.1769792,0.02220469,-0.05160223,0.04846835,44.97725,-0.2121289,3.715607
Ld,True,T460-470,460,470,465,True,20,1.320144,0.1073405,3.108701,0.2527677,0.03374373,0.05656239,-0.2855947,0.0941532,56.76027,-0.2524162,2.127931
Ld,True,T470-480,470,480,475,True,21,1.159613,0.04732016,2.73068,0.1114305,0.1852663,0.05850852,-0.2721911,0.0640062,53.02811,-0.3206336,7.202245
Ld,True,T480-490,480,490,485,True,21,1.157814,0.02395489,2.726443,0.05640946,0.03877832,0.01287016,0.05627655,0.01934443,35.33295,-0.1476725,3.010232
Ld,True,T490-500,490,500,495,True,21,1.273552,0.02827556,2.998985,0.06658386,0.0554943,0.02969367,-0.05750926,0.02525451,38.03114,-0.1201089,2.254213
Ld,True,T500-510,500,510,505,True,20,1.113503,0.05216965,2.622098,0.1228501,0.2030474,0.04234224,0.3683542,0.08135771,25.0528,-0.0803575,3.868645
Ld,True,T510-520,510,520,515,True,21,1.247915,0.03581482,2.938614,0.08433747,0.03377318,0.02346447,-0.06935852,0.03641862,35.84952,-0.06913158,1.552728
Ld,True,T520-530,520,530,525,True,21,1.229565,0.02607358,2.895403,0.0613986,0.005814262,0.02114146,-0.0289881,0.03455533,33.16215,-0.1321558,1.400391
Ld,True,T530-540,530,540,535,True,20,1.141388,0.03810226,2.687763,0.08972397,-0.04482447,0.02626311,-0.02210709,0.05516161,31.64313,-0.1102142,1.213877
Ld,True,T540-550,540,550,545,True,21,1.094022,0.08075003,2.576225,0.1901518,0.1138805,0.0837892,-0.007278943,0.09291556,29.85901,-0.1032712,1.833773
Ld,True,T550-560,550,560,555,True,20,1.075376,0.1054953,2.532317,0.2484225,-0.1909684,0.07355297,0.1139482,0.0927873,25.6368,-0.1160669,1.71983
Ld,True,T560-570,560,570,565,False,21,,,,,,,,,,,
Ld,True,T580-590,580,590,585,False,21,,,,,,,,,,,
Ld,True,T590-600,590,600,595,True,20,0.6603948,0.04362601,1.555111,0.1027314,0.4767775,0.07273995,0.8126057,0.204138,13.15907,0.01145694,1.703404
Ld,True,T600-610,600,610,605,True,20,1.11209,0.0974701,2.618771,0.2295246,-0.3861836,0.06416078,0.0210244,0.06625358,23.67687,-0.02584685,3.59337
Ld,True,T610-620,610,620,615,True,21,1.193327,0.08681194,2.81007,0.2044265,-0.003189673,0.05540364,-0.09155027,0.05089412,26.20649,-0.03070128,1.019378
Ld,True,T650-660,650,660,655,True,20,1.207346,0.02135612,2.843083,0.05028981,-0.08281212,0.01339443,-0.08741581,0.01932383,23.85758,0.04481766,14.67434
Ld,True,T660-670,660,670,665,False,21,,,,,,,,,,,
Ld,True,T670-680,670,680,675,True,20,1.042398,0.2244936,2.45466,0.528642,-0.3112142,0.1754828,-0.2419038,0.3319351,28.49703,-0.03556967,1.171477
Ld,True,T850-860,850,860,855,True,21,0.9812038,0.02307896,2.310558,0.05434679,0.1445477,0.01992604,0.2348885,0.03220248,13.63354,0.001303687,5.30869
Ld,True,T860-870,860,870,865,True,20,1.167495,0.04728983,2.74924,0.111359,0.1625419,0.03030603,-0.06350421,0.0439814,17.84923,0.001973303,1.707369
Lu,True,T390-400,390,400,395,True,21,1.224389,0.009947467,2.883217,0.02342449,0.1874724,0.01402067,0.01749577,0.01022767,3.541272,0.0222077,5.488476
Lu,True,T400-410,400,410,405,True,21,1.131575,0.0502425,2.664656,0.118312,0.1017058,0.05582814,0.04417416,0.06536,3.412796,-0.006380017,2.594533
Lu,True,T410-420,410,420,415,True,22,1.218805,0.06572752,2.870066,0.1547765,0.1712535,0.05787733,-0.08750219,0.06734593,3.923932,0.006811562,3.169855
Lu,True,T420-430,420,430,425,True,21,1.251561,0.0298494,2.9472,0.07028996,-0.02867113,0.05435782,-0.01197712,0.03119569,3.674603,0.006575715,2.875327
Lu,True,T430-440,430,440,435,True,21,1.197927,0.01449987,2.820903,0.03414459,0.1827162,0.01961378,0.01364719,0.01480107,3.600696,-0.002360508,4.63217
Lu,True,T440-450,440,450,445,True,21,1.008424,0.04217873,2.374656,0.09932332,-0.07912037,0.02796079,0.2081177,0.04372473,3.05888,0.02155023,7.530015
Lu,True,T450-460,450,460,455,True,21,1.228345,0.09970462,2.892531,0.2347864,0.09110805,0.04326677,-0.0990753,0.1166813,4.249574,0.007767514,1.470518
Lu,True,T460-470,460,470,465,False,20,,,,,,,,,,,
Lu,True,T470-480,470,480,475,True,21,1.006449,0.0779122,2.370005,0.1834692,-0.04176476,0.08717292,0.1085078,0.2470762,3.65001,0.02048344,3.859103
Lu,True,T480-490,480,490,485,True,21,1.121636,0.03324015,2.641251,0.07827457,0.01415159,0.01861341,0.1076825,0.03047027,3.8542,0.01123181,2.514934
Lu,True,T490-500,490,500,495,True,21,1.205406,0.02840345,2.838513,0.06688502,0.02161382,0.05186629,0.1672492,0.05017096,3.778003,0.01590694,1.854303
Lu,True,T500-510,500,510,505,True,20,1.108521,0.06834746,2.610368,0.160946,0.2744468,0.04499264,0.2289468,0.09306284,3.747263,0.01810457,1.179515
Lu,True,T510-520,510,520,515,True,21,1.228759,0.03021542,2.893505,0.07115187,-0.265284,0.02027936,-0.01942297,0.0289263,4.956136,0.02860694,12.03363
Lu,True,T520-530,520,530,525,True,21,1.193363,0.02368166,2.810156,0.05576604,0.05659953,0.01960432,-0.0004684288,0.0338616,5.222177,0.03273163,1.369999
Lu,True,T530-540,530,540,535,True,20,1.206751,0.04126264,2.841681,0.09716609,-0.1485689,0.03848867,-0.1438619,0.05206159,6.42045,0.03071289,1.541986
Lu,True,T540-550,540,550,545,False,21,,,,,,,,,,,
Lu,True,T550-560,550,560,555,True,20,1.211921,0.180108,2.853857,0.4241218,-0.1137875,0.09234748,0.08503124,0.1501591,5.260807,0.009695781,0.8866046
Lu,True,T560-570,560,570,565,False,21,,,,,,,,,,,
Lu,True,T580-590,580,590,585,False,21,,,,,,,,,,,
Lu,True,T590-600,590,600,595,True,20,0.761341,0.07969832,1.792821,0.1876752,0.712656,0.1448233,0.6202547,0.2556717,1.882821,-0.05934829,0.8796281
Lu,True,T600-610,600,610,605,False,20,,,,,,,,,,,
Lu,True,T610-620,610,620,615,True,21,1.458198,0.1793286,3.433795,0.4222865,-0.005836755,0.1400051,-0.2469551,0.08906549,3.024536,-0.009874723,2.090863
Lu,True,T650-660,650,660,655,True,20,1.278021,0.04422447,3.00951,0.1041407,-0.0187392,0.02530975,-0.1687514,0.03548814,2.185083,-0.01438608,2.744965
Lu,True,T660-670,660,670,665,False,21,,,,,,,,,,,
Lu,True,T670-680,670,680,675,False,20,,,,,,,,,,,
Lu,True,T850-860,850,860,855,True,21,1.028955,0.06005709,2.423004,0.1414236,0.238982,0.05996822,0.4047906,0.09544673,0.4874572,-0.0009154312,1.299839
Lu,True,T860-870,860,870,865,True,20,1.014066,0.1270596,2.387942,0.2992025,0.1566958,0.08870597,0.1517879,0.1360583,0.5856985,0.0005839734,1.551185
E,False,T390-400,390,400,395,True,21,1.013641,0.003739536,2.386943,0.008805935,0.1128413,0.006296067,0,0,563.789,3.677997,6.178155
E,False,T400-410,400,410,405,True,22,1.007952,0.0196497,2.373545,0.0462715,-0.04152223,0.03006483,0,0,569.6083,0.4567399,4.888774
E,False,T410-420,410,420,415,True,21,1.017396,0.02188489,2.395785,0.05153497,0.2675333,0.02800968,0,0,583.9777,1.261066,4.980295
E,False,T420-430,420,430,425,True,21,0.990895,0.009933303,2.333379,0.02339114,0.06735693,0.02053746,0,0,595.5479,1.14114,3.939069
E,False,T430-440,430,440,435,True,21,0.9195457,0.004947315,2.165365,0.01165004,0.1269805,0.007728458,0,0,614.8237,-0.5235912,36.46225
E,False,T440-450,440,450,445,True,21,0.9817166,0.02314101,2.311766,0.05449291,-0.05428607,0.02718892,0,0,618.1181,1.658396,2.467673
E,False,T450-460,450,460,455,True,21,0.95493,0.02337967,2.248688,0.05505491,0.04522002,0.02261297,0,0,628.7776,0.6715717,3.013849
E,False,T460-470,460,470,465,True,20,0.9163597,0.03428309,2.157862,0.08073052,0.05024182,0.03791522,0,0,631.9735,-0.2829007,5.975532
E,False,T470-480,470,480,475,True,21,1.046385,0.02786091,2.464048,0.06560742,0.07742799,0.05038534,0,0,636.3697,0.5428231,6.766079
E,False,T480-490,480,490,485,True,21,1.013807,0.01160794,2.387332,0.02733461,-0.03267522,0.01127906,0,0,646.7589,0.4313527,4.4651
E,False,T490-500,490,500,495,True,21,1.078623,0.02983806,2.539964,0.07026327,-0.04991866,0.0249094,0,0,652.5308,0.9802729,3.460424
E,False,T500-510,500,510,505,True,20,0.9784093,0.02257307,2.303978,0.05315551,0.1004878,0.02439148,0,0,652.4749,0.05115221,10.54604
E,False,T510-520,510,520,515,True,21,1.02015,0.01348543,2.40227,0.03175577,-0.03951922,0.01299847,0,0,662.5404,0.8242544,3.112857
E,False,T520-530,520,530,525,True,21,1.001271,0.0125422,2.357814,0.02953463,-0.01946171,0.01869224,0,0,666.2663,-0.07392907,2.885646
E,False,T530-540,530,540,535,True,20,0.9504406,0.01609157,2.238116,0.03789276,8.383813e-05,0.02291632,0,0,664.2571,0.2749067,2.101306
E,False,T540-550,540,550,545,True,21,1.00416,0.038036,2.364616,0.08956793,0.0789055,0.06164544,0,0,661.2974,0.04414836,2.179665
E,False,T550-560,550,560,555,True,20,1.051008,0.06576881,2.474935,0.1548737,-0.1214624,0.06600448,0,0,660.7634,-0.3361778,3.377583
E,False,T560-570,560,570,565,True,21,1.105398,0.05157386,2.603013,0.1214472,-0.1143006,0.09224261,0,0,654.5991,-1.553291,4.297257
E,False,T580-590,580,590,585,True,20,0.769287,0.01374481,1.811532,0.03236656,-0.1359085,0.01885317,0,0,649.7666,-2.250958,58.35283
E,False,T590-600,590,600,595,True,21,0.8004386,0.04282312,1.884889,0.1008407,-0.02602696,0.04520816,0,0,636.9541,2.649314,8.114234
E,False,T600-610,600,610,605,True,20,1.078041,0.04931276,2.538592,0.1161227,-0.2754012,0.05067295,0,0,662.5618,1.426839,1.881415
E,False,T610-620,610,620,615,True,20,0.9886173,0.03782546,2.328016,0.08907216,-0.118495,0.04270033,0,0,672.1003,0.7896444,1.56505
E,False,T650-660,650,660,655,True,20,0.989746,0.01195876,2.330674,0.02816072,-0.09640777,0.01347581,0,0,680.1302,2.247359,6.369857
E,False,T660-670,660,670,665,True,20,0.9546445,0.05700593,2.248016,0.1342387,0.1815714,0.08899139,0,0,699.7899,0.504252,1.806405
E,False,T670-680,670,680,675,True,20,0.8778143,0.1149932,2.067095,0.2707883,-0.04899796,0.1153223,0,0,703.5517,0.006253097,1.096562
E,False,T850-860,850,860,855,True,20,1.11562,0.008542893,2.627084,0.02011698,0.1303916,0.01295253,0,0,727.597,0.9642448,18.59187
E,False,T860-870,860,870,865,True,20,1.030253,0.01359175,2.42606,0.03200612,0.1489877,0.01460375,0,0,728.766,0.6999225,6.448837
Ld,False,T390-400,390,400,395,True,21,1.230256,0.003385467,2.897033,0.007972166,0.1559065,0.005547429,0,0,55.60151,-0.009247977,12.31991
Ld,False,T400-410,400,410,405,True,21,1.131056,0.01844748,2.663433,0.04344049,0.1785958,0.01663904,0,0,52.78197,-0.3148739,9.929064
Ld,False,T410-420,410,420,415,True,22,1.137364,0.01580468,2.678288,0.03721717,0.2235109,0.01746984,0,0,50.87672,-0.1908967,6.430973
Ld,False,T420-430,420,430,425,True,21,1.235068,0.01267941,2.908362,0.02985773,0.08645989,0.02450725,0,0,48.81216,-0.1950813,2.33894
Ld,False,T430-440,430,440,435,True,21,1.182367,0.006040872,2.784261,0.01422517,0.2005015,0.01208404,0,0,47.20705,-0.26166,8.73026
Ld,False,T440-450,440,450,445,True,21,1.170008,0.02332281,2.755158,0.05492102,-0.124529,0.01626624,0,0,44.62966,-0.1672955,2.38801
Ld,False,T450-460,450,460,455,True,21,1.109427,0.01516046,2.6125,0.03570016,0.1816992,0.02154753,0,0,42.6582,-0.1988214,3.570376
Ld,False,T460-470,460,470,465,True,20,1.080691,0.02928831,2.544833,0.06896869,0.1549494,0.03176264,0,0,40.52282,-0.2426978,2.642422
Ld,False,T470-480,470,480,475,True,21,1.072357,0.03398193,2.525209,0.08002132,0.2542638,0.05700231,0,0,38.62095,-0.185663,7.553021
Ld,False,T480-490,480,490,485,True,21,1.223669,0.009170207,2.881521,0.02159419,0.05528384,0.01162882,0,0,37.31598,-0.1341379,3.35124
Ld,False,T490-500,490,500,495,True,21,1.22948,0.02038912,2.895205,0.0480127,0.0141315,0.02347736,0,0,35.85034,-0.1149118,2.397984
Ld,False,T500-510,500,510,505,True,20,1.426761,0.04429409,3.359765,0.1043046,0.1738294,0.04375497,0,0,34.26901,-0.1335063,5.011187
Ld,False,T510-520,510,520,515,True,21,1.190495,0.01641538,2.803402,0.03865526,0.002204545,0.01626246,0,0,33.36614,-0.09390941,1.654327
Ld,False,T520-530,520,530,525,True,21,1.211641,0.01383876,2.853197,0.03258779,0.006748492,0.02124228,0,0,32.19897,-0.1260868,1.359565
Ld,False,T530-540,530,540,535,True,20,1.129787,0.02423662,2.660446,0.05707288,-0.04233379,0.02541023,0,0,30.9444,-0.1091495,1.147754
Ld,False,T540-550,540,550,545,True,21,1.089355,0.04495904,2.565234,0.1058704,0.1173187,0.06559394,0,0,29.64206,-0.102418,1.726371
Ld,False,T550-560,550,560,555,True,20,1.188337,0.06320495,2.79832,0.1488363,-0.1313823,0.06249044,0,0,28.5466,-0.1187921,1.728712
Ld,False,T560-570,560,570,565,True,21,1.257472,0.08106846,2.961119,0.1909016,0.1444653,0.1321937,0,0,27.27636,-0.1689398,5.024231
Ld,False,T580-590,580,590,585,True,21,1.000531,0.02231205,2.356071,0.05254087,0.0456354,0.03063775,0,0,25.17022,-0.221024,45.84313
Ld,False,T590-600,590,600,595,True,20,0.7094417,0.03119924,1.670607,0.0734686,0.1957167,0.03882879,0,0,23.82368,0.04208212,4.658755
Ld,False,T600-610,600,610,605,True,20,1.137558,0.05590162,2.678744,0.1316383,-0.3954504,0.06389513,0,0,24.17441,-0.02506503,3.375481
Ld,False,T610-620,610,620,615,True,21,1.088092,0.04626856,2.562261,0.1089541,-0.003046439,0.05076813,0,0,23.80774,-0.03290642,1.167881
Ld,False,T650-660,650,660,655,True,20,1.125639,0.009917667,2.650677,0.02335432,-0.1033641,0.01194592,0,0,21.77412,0.02578949,14.9341
Ld,False,T660-670,660,670,665,True,21,0.8990254,0.0572207,2.117043,0.1347444,0.006559102,0.0857401,0,0,21.92328,-0.02663602,1.496728
Ld,False,T670-680,670,680,675,True,20,0.9489364,0.1434245,2.234574,0.3377388,-0.2426088,0.1636483,0,0,21.60479,-0.03673375,1.121443
Ld,False,T850-860,850,860,855,True,21,1.086626,0.01698015,2.558808,0.03998519,0.09055721,0.01778979,0,0,16.8216,-0.0110022,9.508002
Ld,False,T860-870,860,870,865,True,20,1.11494,0.02581451,2.625482,0.06078853,0.1495975,0.02838978,0,0,16.71749,-0.008300131,1.733625
Lu,False,T390-400,390,400,395,True,21,1.236798,0.006973672,2.912437,0.01642174,0.1884107,0.01411816,0,0,3.604397,0.02091529,5.34518
Lu,False,T400-410,400,410,405,True,21,1.161238,0.0320872,2.734506,0.07555958,0.06912495,0.03641628,0,0,3.563767,-0.006773928,2.463858
Lu,False,T410-420,410,420,415,True,22,1.150139,0.03419344,2.70837,0.08051941,0.1859176,0.05209021,0,0,3.580961,0.005958604,3.075886
Lu,False,T420-430,420,430,425,True,21,1.242096,0.01673365,2.924912,0.03940473,-0.04281101,0.04064204,0,0,3.631618,0.006059944,2.714342
Lu,False,T430-440,430,440,435,True,21,1.208152,0.009592736,2.844981,0.02258917,0.1840052,0.01963473,0,0,3.64902,-0.003369035,4.411249
Lu,False,T440-450,440,450,445,True,21,1.224053,0.03268549,2.882425,0.07696844,-0.02654721,0.02382082,0,0,3.699154,0.01922909,8.195262
Lu,False,T450-460,450,460,455,True,21,1.150072,0.02791644,2.708213,0.06573819,0.1091457,0.03653266,0,0,3.828247,0.007438428,1.417858
Lu,False,T460-470,460,470,465,True,20,1.050317,0.04724737,2.473307,0.1112591,-0.1380698,0.06188631,0,0,3.896763,0.008632516,2.514794
Lu,False,T470-480,470,480,475,True,21,1.036589,0.03505965,2.440982,0.08255917,-0.05795561,0.08027702,0,0,4.045506,0.0213972,3.650448
Lu,False,T480-490,480,490,485,True,21,1.236559,0.01639107,2.911875,0.03859801,0.03564568,0.01771527,0,0,4.269662,0.01755889,3.03465
Lu,False,T490-500,490,500,495,True,21,1.268772,0.02028689,2.98773,0.04777196,0.104255,0.0450138,0,0,4.4097,0.01889665,2.588143
Lu,False,T500-510,500,510,505,True,20,1.289823,0.05219377,3.0373,0.1229069,0.2498916,0.04808743,0,0,4.603707,0.01998253,1.514729
Lu,False,T510-520,510,520,515,True,21,1.214226,0.01865727,2.859283,0.04393452,-0.2700225,0.01810462,0,0,4.859991,0.0269724,11.35672
Lu,False,T520-530,520,530,525,True,21,1.193108,0.01454163,2.809555,0.03424293,0.05660261,0.01959938,0,0,5.219727,0.03272225,1.289422
Lu,False,T530-540,530,540,535,True,20,1.136697,0.03006368,2.676716,0.07079455,-0.1611422,0.03875856,0,0,5.496828,0.02362971,1.831337
Lu,False,T540-550,540,550,545,True,21,1.161896,0.07033256,2.736057,0.1656205,0.07473668,0.1001196,0,0,5.620312,0.007564581,1.979893
Lu,False,T550-560,550,560,555,True,20,1.314555,0.08044809,3.09554,0.1894408,-0.08473825,0.08587882,0,0,5.706664,0.01188814,0.8463902
Lu,False,T560-570,560,570,565,True,21,1.022923,0.05752713,2.408801,0.135466,0.1865083,0.08053487,0,0,5.688451,-0.0326801,9.200511
Lu,False,T580-590,580,590,585,True,21,0.8795686,0.02266288,2.071226,0.053367,-0.1180669,0.02074289,0,0,4.18556,-0.1301105,39.98231
Lu,False,T590-600,590,600,595,True,20,0.9633504,0.07055648,2.268517,0.1661478,0.2560151,0.06800884,0,0,3.045997,-0.09335789,1.348362
Lu,False,T600-610,600,610,605,False,20,,,,,,,,,,,
Lu,False,T610-620,610,620,615,True,21,1.132892,0.07723897,2.667756,0.1818839,-0.09433703,0.08321762,0,0,2.277854,-0.009769697,2.460286
Lu,False,T650-660,650,660,655,True,20,1.108559,0.01658489,2.610457,0.03905443,-0.04229651,0.02224039,0,0,1.816164,-0.01469954,3.923956
Lu,False,T660-670,660,670,665,True,21,0.7286122,0.1123591,1.715751,0.2645854,-0.8343826,0.122163,0,0,1.720869,0.0003256973,9.039323
Lu,False,T670-680,670,680,675,True,20,0.638674,0.09180596,1.503962,0.2161865,0.7193393,0.138676,0,0,1.78502,0.009473536,1.834789
Lu,False,T850-860,850,860,855,True,21,1.282059,0.03785784,3.019017,0.0891484,0.2457777,0.06188361,0,0,0.6848585,-0.00108506,3.06081
Lu,False,T860-870,860,870,865,True,20,1.166578,0.07440264,2.747082,0.1752048,0.1619108,0.09333264,0,0,0.6741614,0.001246823,1.513515
