instrument,case,label,method,h,rms_line,rms_away,rms_true_line,rms_rho_line,n_scenes,rms_Ca_K,rms_Ca_H,rms_G_band,rms_H_beta,rms_Mg_b,rms_Na_D,rms_H_alpha,rms_O2_B,rms_O2_A,rms_H2O,reduction,line_over_away
HYPSTAR_122304,i_offset,"(i) grid offset only, equal SRFs",cubic,1,1.469e-07,7.117e-08,2.563e-05,8.829e-05,25,2.462e-06,2.025e-06,3.535e-07,3.93e-08,2.351e-08,3.308e-08,3.719e-08,8.559e-08,1.128e-07,3.492e-08,0.9818,2.064
HYPSTAR_122304,i_offset,"(i) grid offset only, equal SRFs",cubic,5,1.734e-08,1.393e-08,1.086e-05,8.829e-05,25,1.813e-07,1.541e-07,2.167e-08,5.6e-09,3.476e-09,2.645e-09,2.071e-09,5.199e-09,8.471e-09,4.319e-09,0.9708,1.245
HYPSTAR_122304,i_offset,"(i) grid offset only, equal SRFs",linear,1,5.578e-06,1.889e-06,2.563e-05,0.002777,25,8.912e-05,7.41e-05,1.281e-05,5.415e-07,1.462e-06,1.864e-06,9.896e-07,2.672e-06,1.481e-06,2.007e-07,0,2.952
HYPSTAR_122304,i_offset,"(i) grid offset only, equal SRFs",linear,5,4.193e-07,1.827e-07,1.086e-05,0.002777,25,3.818e-06,3.425e-06,7.222e-07,3.585e-08,1.067e-07,9.254e-08,5.767e-08,1.559e-07,8.211e-08,1.397e-08,0,2.294
HYPSTAR_122304,i_offset,"(i) grid offset only, equal SRFs",ruddick2023,1,6.941e-08,3.504e-08,2.563e-05,8.235e-05,25,1.682e-06,1.382e-06,1.517e-07,3.62e-08,2.339e-08,9.049e-09,9.283e-09,1.351e-08,4.372e-08,3.508e-08,0.989,1.981
HYPSTAR_122304,i_offset,"(i) grid offset only, equal SRFs",ruddick2023,5,1.482e-08,1.302e-08,1.086e-05,8.235e-05,25,1.499e-07,1.453e-07,1.5e-08,5.594e-09,2.988e-09,1.355e-09,8.842e-10,1.568e-09,4.702e-09,4.32e-09,0.9743,1.139
HYPSTAR_122304,i_offset,"(i) grid offset only, equal SRFs",sinc,1,2.778e-07,8.179e-08,2.563e-05,0.0001242,25,3.397e-06,2.835e-06,5.051e-07,4.9e-08,5.309e-08,3.863e-08,3.644e-08,7.664e-08,9.142e-08,3.593e-08,0.9723,3.396
HYPSTAR_122304,i_offset,"(i) grid offset only, equal SRFs",sinc,5,3.02e-08,2.561e-08,1.086e-05,0.0001242,25,3.327e-07,2.93e-07,6.917e-08,5.721e-09,1.319e-08,7.33e-09,2.852e-09,7.161e-09,1.021e-08,4.226e-09,0.9354,1.18
HYPSTAR_122304,i_offset,"(i) grid offset only, equal SRFs",srf,1,6.941e-08,3.504e-08,2.563e-05,8.235e-05,25,1.682e-06,1.382e-06,1.517e-07,3.62e-08,2.339e-08,9.049e-09,9.283e-09,1.351e-08,4.372e-08,3.508e-08,0.989,1.981
HYPSTAR_122304,i_offset,"(i) grid offset only, equal SRFs",srf,5,1.482e-08,1.302e-08,1.086e-05,8.235e-05,25,1.499e-07,1.453e-07,1.5e-08,5.594e-09,2.988e-09,1.355e-09,8.842e-10,1.568e-09,4.702e-09,4.32e-09,0.9743,1.139
HYPSTAR_122304,ii_mismatch,"(ii) SRF mismatch, no offset",cubic,1,0.0001537,5.541e-05,2.563e-05,0.01319,25,0.002098,0.00174,0.0003666,0.0001374,6.65e-05,2.225e-05,6.681e-06,1.6e-05,6.933e-06,3.264e-07,0,2.774
HYPSTAR_122304,ii_mismatch,"(ii) SRF mismatch, no offset",cubic,5,9.784e-06,4.324e-06,1.086e-05,0.01319,25,9.086e-05,7.967e-05,1.855e-05,7.7e-06,4.091e-06,1.013e-06,3.585e-07,8.34e-07,3.518e-07,2.688e-08,0,2.263
HYPSTAR_122304,ii_mismatch,"(ii) SRF mismatch, no offset",linear,1,0.0001537,5.541e-05,2.563e-05,0.01319,25,0.002098,0.00174,0.0003666,0.0001374,6.65e-05,2.225e-05,6.681e-06,1.6e-05,6.933e-06,3.264e-07,0,2.774
HYPSTAR_122304,ii_mismatch,"(ii) SRF mismatch, no offset",linear,5,9.784e-06,4.324e-06,1.086e-05,0.01319,25,9.086e-05,7.967e-05,1.855e-05,7.7e-06,4.091e-06,1.013e-06,3.585e-07,8.34e-07,3.518e-07,2.688e-08,0,2.263
HYPSTAR_122304,ii_mismatch,"(ii) SRF mismatch, no offset",ruddick2023,1,0.0001537,5.541e-05,2.563e-05,0.01319,25,0.002098,0.00174,0.0003666,0.0001374,6.65e-05,2.225e-05,6.681e-06,1.6e-05,6.933e-06,3.264e-07,0,2.774
HYPSTAR_122304,ii_mismatch,"(ii) SRF mismatch, no offset",ruddick2023,5,9.784e-06,4.324e-06,1.086e-05,0.01319,25,9.086e-05,7.967e-05,1.855e-05,7.7e-06,4.091e-06,1.013e-06,3.585e-07,8.34e-07,3.518e-07,2.688e-08,0,2.263
HYPSTAR_122304,ii_mismatch,"(ii) SRF mismatch, no offset",sinc,1,0.0001537,5.541e-05,2.563e-05,0.01319,25,0.002098,0.00174,0.0003666,0.0001374,6.65e-05,2.225e-05,6.681e-06,1.6e-05,6.933e-06,3.264e-07,4.441e-16,2.774
HYPSTAR_122304,ii_mismatch,"(ii) SRF mismatch, no offset",sinc,5,9.784e-06,4.324e-06,1.086e-05,0.01319,25,9.086e-05,7.967e-05,1.855e-05,7.7e-06,4.091e-06,1.013e-06,3.585e-07,8.34e-07,3.518e-07,2.688e-08,-2.22e-16,2.263
HYPSTAR_122304,ii_mismatch,"(ii) SRF mismatch, no offset",srf,1,6.941e-08,3.504e-08,2.563e-05,8.235e-05,25,1.682e-06,1.382e-06,1.517e-07,3.62e-08,2.339e-08,9.049e-09,9.283e-09,1.351e-08,4.372e-08,3.508e-08,0.9996,1.981
HYPSTAR_122304,ii_mismatch,"(ii) SRF mismatch, no offset",srf,5,1.482e-08,1.302e-08,1.086e-05,8.235e-05,25,1.499e-07,1.453e-07,1.5e-08,5.594e-09,2.988e-09,1.355e-09,8.842e-10,1.568e-09,4.702e-09,4.32e-09,0.9988,1.139
HYPSTAR_122304,iii_both,(iii) offset + SRF mismatch,cubic,1,0.0001536,5.538e-05,2.563e-05,0.01315,25,0.002096,0.001739,0.0003664,0.0001374,6.649e-05,2.221e-05,6.658e-06,1.59e-05,6.886e-06,3.25e-07,-0.06184,2.775
HYPSTAR_122304,iii_both,(iii) offset + SRF mismatch,cubic,5,9.778e-06,4.322e-06,1.086e-05,0.01315,25,9.078e-05,7.961e-05,1.854e-05,7.7e-06,4.09e-06,1.012e-06,3.578e-07,8.314e-07,3.504e-07,2.686e-08,-0.07379,2.262
HYPSTAR_122304,iii_both,(iii) offset + SRF mismatch,linear,1,0.0001447,5.165e-05,2.563e-05,0.009738,25,0.001906,0.001582,0.0003429,0.0001367,6.416e-05,1.923e-05,5.224e-06,1.174e-05,4.523e-06,2.26e-07,0,2.801
HYPSTAR_122304,iii_both,(iii) offset + SRF mismatch,linear,5,9.105e-06,4.031e-06,1.086e-05,0.009738,25,8.283e-05,7.27e-05,1.741e-05,7.657e-06,3.946e-06,8.816e-07,2.854e-07,6.302e-07,2.388e-07,1.614e-08,0,2.259
HYPSTAR_122304,iii_both,(iii) offset + SRF mismatch,ruddick2023,1,0.0001537,5.541e-05,2.563e-05,0.01319,25,0.002098,0.00174,0.0003666,0.0001374,6.65e-05,2.225e-05,6.681e-06,1.6e-05,6.933e-06,3.264e-07,-0.06233,2.774
HYPSTAR_122304,iii_both,(iii) offset + SRF mismatch,ruddick2023,5,9.784e-06,4.324e-06,1.086e-05,0.01319,25,9.086e-05,7.967e-05,1.855e-05,7.7e-06,4.091e-06,1.013e-06,3.585e-07,8.34e-07,3.518e-07,2.688e-08,-0.07449,2.263
HYPSTAR_122304,iii_both,(iii) offset + SRF mismatch,sinc,1,0.0001537,5.541e-05,2.563e-05,0.01313,25,0.002097,0.00174,0.0003666,0.0001374,6.649e-05,2.225e-05,6.677e-06,1.598e-05,6.913e-06,3.259e-07,-0.06231,2.774
HYPSTAR_122304,iii_both,(iii) offset + SRF mismatch,sinc,5,9.774e-06,4.319e-06,1.086e-05,0.01313,25,9.087e-05,7.97e-05,1.854e-05,7.698e-06,4.091e-06,1.013e-06,3.578e-07,8.312e-07,3.492e-07,2.71e-08,-0.07343,2.263
HYPSTAR_122304,iii_both,(iii) offset + SRF mismatch,srf,1,6.941e-08,3.504e-08,2.563e-05,8.235e-05,25,1.682e-06,1.382e-06,1.517e-07,3.62e-08,2.339e-08,9.049e-09,9.283e-09,1.351e-08,4.372e-08,3.508e-08,0.9996,1.981
HYPSTAR_122304,iii_both,(iii) offset + SRF mismatch,srf,5,1.482e-08,1.302e-08,1.086e-05,8.235e-05,25,1.499e-07,1.453e-07,1.5e-08,5.594e-09,2.988e-09,1.355e-09,8.842e-10,1.568e-09,4.702e-09,4.32e-09,0.9988,1.139
HYPSTAR_122304,iv_shift+0.1,(iv) E wavelength error +0.1 nm (rigid),cubic,1,0.00016,5.724e-05,2.563e-05,0.01894,25,0.002122,0.001757,0.0003771,0.0001438,7.161e-05,2.395e-05,7.391e-06,1.856e-05,9.003e-06,5.102e-07,-0.05999,2.796
HYPSTAR_122304,iv_shift+0.1,(iv) E wavelength error +0.1 nm (rigid),cubic,5,1.072e-05,4.396e-06,1.086e-05,0.01894,25,9.297e-05,8.238e-05,2.044e-05,9.073e-06,4.944e-06,1.253e-06,4.54e-07,1.163e-06,5.779e-07,5.269e-08,-0.06625,2.438
HYPSTAR_122304,iv_shift+0.1,(iv) E wavelength error +0.1 nm (rigid),linear,1,0.000151,5.35e-05,2.563e-05,0.01582,25,0.001931,0.0016,0.0003531,0.0001429,6.954e-05,2.127e-05,6.149e-06,1.482e-05,6.719e-06,4.477e-07,0,2.822
HYPSTAR_122304,iv_shift+0.1,(iv) E wavelength error +0.1 nm (rigid),linear,5,1.005e-05,4.137e-06,1.086e-05,0.01582,25,8.524e-05,7.573e-05,1.936e-05,9.039e-06,4.828e-06,1.154e-06,4.001e-07,1.009e-06,4.862e-07,5.071e-08,0,2.429
HYPSTAR_122304,iv_shift+0.1,(iv) E wavelength error +0.1 nm (rigid),ruddick2023,1,0.00016,5.726e-05,2.563e-05,0.01868,25,0.002125,0.00176,0.000377,0.0001438,7.137e-05,2.366e-05,7.278e-06,1.821e-05,8.703e-06,4.936e-07,-0.06013,2.795
HYPSTAR_122304,iv_shift+0.1,(iv) E wavelength error +0.1 nm (rigid),ruddick2023,5,1.068e-05,4.408e-06,1.086e-05,0.01868,25,9.307e-05,8.254e-05,2.043e-05,9.071e-06,4.935e-06,1.244e-06,4.492e-07,1.15e-06,5.697e-07,5.223e-08,-0.06315,2.424
HYPSTAR_122304,iv_shift+0.1,(iv) E wavelength error +0.1 nm (rigid),sinc,1,0.0001601,5.727e-05,2.563e-05,0.01891,25,0.002124,0.001758,0.0003773,0.0001438,7.162e-05,2.397e-05,7.407e-06,1.864e-05,9.035e-06,5.102e-07,-0.06034,2.795
HYPSTAR_122304,iv_shift+0.1,(iv) E wavelength error +0.1 nm (rigid),sinc,5,1.072e-05,4.401e-06,1.086e-05,0.01891,25,9.32e-05,8.258e-05,2.047e-05,9.073e-06,4.938e-06,1.249e-06,4.529e-07,1.16e-06,5.764e-07,5.294e-08,-0.06657,2.436
HYPSTAR_122304,iv_shift+0.1,(iv) E wavelength error +0.1 nm (rigid),srf,1,5.743e-05,1.952e-05,2.563e-05,0.0106,25,0.0006553,0.0005385,0.0001345,5.729e-05,2.996e-05,1.029e-05,3.565e-06,8.395e-06,3.997e-06,4.401e-07,0.6193,2.942
HYPSTAR_122304,iv_shift+0.1,(iv) E wavelength error +0.1 nm (rigid),srf,5,4.484e-06,2.19e-06,1.086e-05,0.0106,25,4.185e-05,3.464e-05,9.42e-06,5.069e-06,2.95e-06,7.828e-07,2.93e-07,7.412e-07,3.593e-07,4.938e-08,0.5537,2.047
HYPSTAR_122304,iv_shift+0.3,(iv) E wavelength error +0.3 nm (rigid),cubic,1,0.0002026,7.006e-05,2.563e-05,0.03822,25,0.002442,0.002011,0.0004722,0.0001902,0.0001007,3.452e-05,1.168e-05,2.973e-05,1.571e-05,9.838e-07,-0.04315,2.892
HYPSTAR_122304,iv_shift+0.3,(iv) E wavelength error +0.3 nm (rigid),cubic,5,1.559e-05,6.668e-06,1.086e-05,0.03822,25,0.0001341,0.0001151,3.15e-05,1.62e-05,9.273e-06,2.451e-06,9.167e-07,2.424e-06,1.238e-06,1.073e-07,-0.03565,2.338
HYPSTAR_122304,iv_shift+0.3,(iv) E wavelength error +0.3 nm (rigid),linear,1,0.0001942,6.659e-05,2.563e-05,0.03545,25,0.002263,0.001864,0.0004497,0.0001894,9.909e-05,3.248e-05,1.08e-05,2.668e-05,1.344e-05,9.308e-07,0,2.917
HYPSTAR_122304,iv_shift+0.3,(iv) E wavelength error +0.3 nm (rigid),linear,5,1.505e-05,6.504e-06,1.086e-05,0.03545,25,0.0001278,0.0001097,3.066e-05,1.618e-05,9.207e-06,2.393e-06,8.863e-07,2.32e-06,1.146e-06,1.054e-07,0,2.314
HYPSTAR_122304,iv_shift+0.3,(iv) E wavelength error +0.3 nm (rigid),ruddick2023,1,0.0002006,6.926e-05,2.563e-05,0.03703,25,0.002406,0.001983,0.0004663,0.00019,9.959e-05,3.311e-05,1.108e-05,2.778e-05,1.426e-05,9.24e-07,-0.03305,2.897
HYPSTAR_122304,iv_shift+0.3,(iv) E wavelength error +0.3 nm (rigid),ruddick2023,5,1.543e-05,6.635e-06,1.086e-05,0.03703,25,0.0001321,0.0001137,3.129e-05,1.619e-05,9.239e-06,2.413e-06,8.971e-07,2.369e-06,1.201e-06,1.058e-07,-0.02485,2.325
HYPSTAR_122304,iv_shift+0.3,(iv) E wavelength error +0.3 nm (rigid),sinc,1,0.0002026,7.01e-05,2.563e-05,0.03819,25,0.002445,0.002013,0.0004724,0.0001902,0.0001007,3.454e-05,1.17e-05,2.979e-05,1.574e-05,9.834e-07,-0.04333,2.891
HYPSTAR_122304,iv_shift+0.3,(iv) E wavelength error +0.3 nm (rigid),sinc,5,1.56e-05,6.682e-06,1.086e-05,0.03819,25,0.0001344,0.0001153,3.154e-05,1.62e-05,9.263e-06,2.444e-06,9.152e-07,2.419e-06,1.236e-06,1.076e-07,-0.0363,2.334
HYPSTAR_122304,iv_shift+0.3,(iv) E wavelength error +0.3 nm (rigid),srf,1,0.0001697,5.784e-05,2.563e-05,0.03268,25,0.001924,0.00158,0.0003988,0.0001718,8.936e-05,3.08e-05,1.061e-05,2.529e-05,1.18e-05,9.514e-07,0.1256,2.934
HYPSTAR_122304,iv_shift+0.3,(iv) E wavelength error +0.3 nm (rigid),srf,5,1.338e-05,6.488e-06,1.086e-05,0.03268,25,0.0001251,0.0001032,2.803e-05,1.52e-05,8.83e-06,2.346e-06,8.788e-07,2.241e-06,1.045e-06,1.044e-07,0.1107,2.063
HYPSTAR_122304,iv_shift-0.1,(iv) E wavelength error -0.1 nm (rigid),cubic,1,0.0001601,5.726e-05,2.563e-05,0.01427,25,0.002175,0.001806,0.0003854,0.0001449,7.024e-05,2.378e-05,7.402e-06,1.667e-05,6.507e-06,4.23e-07,-0.05499,2.796
HYPSTAR_122304,iv_shift-0.1,(iv) E wavelength error -0.1 nm (rigid),cubic,5,1.037e-05,5.121e-06,1.086e-05,0.01427,25,0.0001031,8.789e-05,2.04e-05,8.996e-06,4.933e-06,1.257e-06,4.572e-07,1.031e-06,3.787e-07,2.952e-08,-0.05975,2.024
HYPSTAR_122304,iv_shift-0.1,(iv) E wavelength error -0.1 nm (rigid),linear,1,0.0001518,5.37e-05,2.563e-05,0.01205,25,0.001993,0.001655,0.0003634,0.0001442,6.785e-05,2.079e-05,6.031e-06,1.281e-05,4.534e-06,3.193e-07,0,2.826
HYPSTAR_122304,iv_shift-0.1,(iv) E wavelength error -0.1 nm (rigid),linear,5,9.782e-06,4.842e-06,1.086e-05,0.01205,25,9.571e-05,8.138e-05,1.942e-05,8.956e-06,4.806e-06,1.144e-06,3.983e-07,8.859e-07,3.202e-07,2.707e-08,0,2.02
HYPSTAR_122304,iv_shift-0.1,(iv) E wavelength error -0.1 nm (rigid),ruddick2023,1,0.0001594,5.698e-05,2.563e-05,0.01415,25,0.00216,0.001792,0.0003835,0.0001448,7.024e-05,2.377e-05,7.36e-06,1.658e-05,6.407e-06,4.079e-07,-0.0506,2.797
HYPSTAR_122304,iv_shift-0.1,(iv) E wavelength error -0.1 nm (rigid),ruddick2023,5,1.037e-05,5.087e-06,1.086e-05,0.01415,25,0.0001023,8.715e-05,2.034e-05,8.994e-06,4.931e-06,1.253e-06,4.548e-07,1.025e-06,3.744e-07,2.896e-08,-0.05959,2.038
HYPSTAR_122304,iv_shift-0.1,(iv) E wavelength error -0.1 nm (rigid),sinc,1,0.0001602,5.728e-05,2.563e-05,0.01427,25,0.002176,0.001806,0.0003856,0.0001449,7.024e-05,2.381e-05,7.421e-06,1.675e-05,6.52e-06,4.254e-07,-0.05539,2.796
HYPSTAR_122304,iv_shift-0.1,(iv) E wavelength error -0.1 nm (rigid),sinc,5,1.036e-05,5.111e-06,1.086e-05,0.01427,25,0.000103,8.783e-05,2.038e-05,8.992e-06,4.94e-06,1.262e-06,4.582e-07,1.035e-06,3.787e-07,2.934e-08,-0.05872,2.026
HYPSTAR_122304,iv_shift-0.1,(iv) E wavelength error -0.1 nm (rigid),srf,1,5.802e-05,1.961e-05,2.563e-05,0.01013,25,0.0006672,0.0005486,0.0001354,5.684e-05,2.987e-05,1.019e-05,3.551e-06,8.279e-06,3.56e-06,2.676e-07,0.6177,2.959
HYPSTAR_122304,iv_shift-0.1,(iv) E wavelength error -0.1 nm (rigid),srf,5,4.514e-06,2.228e-06,1.086e-05,0.01013,25,4.193e-05,3.489e-05,9.51e-06,5.068e-06,2.926e-06,7.727e-07,2.925e-07,7.332e-07,3.228e-07,2.642e-08,0.5386,2.026
HYPSTAR_122304,iv_shift-0.3,(iv) E wavelength error -0.3 nm (rigid),cubic,1,0.0002049,7.029e-05,2.563e-05,0.02886,25,0.002612,0.002163,0.0004927,0.0001899,9.745e-05,3.371e-05,1.167e-05,2.56e-05,1.014e-05,9.429e-07,-0.03418,2.914
HYPSTAR_122304,iv_shift-0.3,(iv) E wavelength error -0.3 nm (rigid),cubic,5,1.505e-05,8.102e-06,1.086e-05,0.02886,25,0.0001521,0.0001255,3.174e-05,1.602e-05,9.215e-06,2.426e-06,9.163e-07,2.182e-06,8.841e-07,8.677e-08,-0.02492,1.857
HYPSTAR_122304,iv_shift-0.3,(iv) E wavelength error -0.3 nm (rigid),linear,1,0.0001981,6.723e-05,2.563e-05,0.02809,25,0.00245,0.002027,0.0004742,0.0001895,9.526e-05,3.11e-05,1.057e-05,2.28e-05,9.036e-06,8.616e-07,0,2.947
HYPSTAR_122304,iv_shift-0.3,(iv) E wavelength error -0.3 nm (rigid),linear,5,1.468e-05,7.864e-06,1.086e-05,0.02809,25,0.0001458,0.0001201,3.108e-05,1.599e-05,9.132e-06,2.349e-06,8.788e-07,2.108e-06,8.739e-07,8.525e-08,0,1.867
HYPSTAR_122304,iv_shift-0.3,(iv) E wavelength error -0.3 nm (rigid),ruddick2023,1,0.0002012,6.88e-05,2.563e-05,0.02806,25,0.00253,0.002094,0.0004829,0.0001896,9.688e-05,3.29e-05,1.119e-05,2.405e-05,8.874e-06,8.758e-07,-0.01662,2.925
HYPSTAR_122304,iv_shift-0.3,(iv) E wavelength error -0.3 nm (rigid),ruddick2023,5,1.494e-05,7.988e-06,1.086e-05,0.02806,25,0.0001486,0.0001225,3.143e-05,1.601e-05,9.192e-06,2.398e-06,9.005e-07,2.139e-06,8.615e-07,8.487e-08,-0.01762,1.87
HYPSTAR_122304,iv_shift-0.3,(iv) E wavelength error -0.3 nm (rigid),sinc,1,0.0002049,7.031e-05,2.563e-05,0.02887,25,0.002613,0.002163,0.0004929,0.0001899,9.744e-05,3.374e-05,1.169e-05,2.566e-05,1.013e-05,9.451e-07,-0.03448,2.914
HYPSTAR_122304,iv_shift-0.3,(iv) E wavelength error -0.3 nm (rigid),sinc,5,1.503e-05,8.087e-06,1.086e-05,0.02887,25,0.0001518,0.0001253,3.169e-05,1.601e-05,9.226e-06,2.433e-06,9.178e-07,2.187e-06,8.849e-07,8.655e-08,-0.02371,1.858
HYPSTAR_122304,iv_shift-0.3,(iv) E wavelength error -0.3 nm (rigid),srf,1,0.0001737,5.826e-05,2.563e-05,0.02959,25,0.002,0.001647,0.0004027,0.0001674,8.839e-05,3.003e-05,1.055e-05,2.424e-05,1.013e-05,8.536e-07,0.1232,2.981
HYPSTAR_122304,iv_shift-0.3,(iv) E wavelength error -0.3 nm (rigid),srf,5,1.349e-05,6.673e-06,1.086e-05,0.02959,25,0.0001234,0.0001035,2.85e-05,1.513e-05,8.754e-06,2.302e-06,8.723e-07,2.17e-06,9.375e-07,8.528e-08,0.08045,2.021
HYPSTAR_122304,iv_stretch+0.1,(iv) E wavelength stretch +0.1 nm at the ends,cubic,1,0.0001578,5.671e-05,2.563e-05,0.01565,25,0.002175,0.001805,0.0003807,0.0001406,6.731e-05,2.23e-05,6.685e-06,1.628e-05,7.882e-06,5.723e-07,-0.05704,2.782
HYPSTAR_122304,iv_stretch+0.1,(iv) E wavelength stretch +0.1 nm at the ends,cubic,5,1.007e-05,5.03e-06,1.086e-05,0.01565,25,0.000103,8.782e-05,1.987e-05,8.176e-06,4.294e-06,1.023e-06,3.588e-07,8.685e-07,4.575e-07,6.013e-08,-0.06388,2.003
HYPSTAR_122304,iv_stretch+0.1,(iv) E wavelength stretch +0.1 nm at the ends,linear,1,0.0001493,5.311e-05,2.563e-05,0.01232,25,0.001992,0.001654,0.0003583,0.0001399,6.492e-05,1.928e-05,5.26e-06,1.217e-05,5.541e-06,5.138e-07,0,2.81
HYPSTAR_122304,iv_stretch+0.1,(iv) E wavelength stretch +0.1 nm at the ends,linear,5,9.468e-06,4.747e-06,1.086e-05,0.01232,25,9.552e-05,8.129e-05,1.885e-05,8.134e-06,4.152e-06,8.918e-07,2.87e-07,6.727e-07,3.587e-07,5.821e-08,0,1.995
HYPSTAR_122304,iv_stretch+0.1,(iv) E wavelength stretch +0.1 nm at the ends,ruddick2023,1,0.0001572,5.648e-05,2.563e-05,0.01556,25,0.00216,0.001792,0.0003793,0.0001405,6.734e-05,2.235e-05,6.701e-06,1.632e-05,7.781e-06,5.498e-07,-0.0541,2.783
HYPSTAR_122304,iv_stretch+0.1,(iv) E wavelength stretch +0.1 nm at the ends,ruddick2023,5,1.008e-05,4.998e-06,1.086e-05,0.01556,25,0.0001021,8.71e-05,1.982e-05,8.176e-06,4.294e-06,1.024e-06,3.592e-07,8.691e-07,4.544e-07,5.952e-08,-0.06424,2.016
HYPSTAR_122304,iv_stretch+0.1,(iv) E wavelength stretch +0.1 nm at the ends,sinc,1,0.0001578,5.674e-05,2.563e-05,0.01562,25,0.002176,0.001806,0.0003809,0.0001406,6.731e-05,2.233e-05,6.704e-06,1.637e-05,7.913e-06,5.722e-07,-0.05745,2.782
HYPSTAR_122304,iv_stretch+0.1,(iv) E wavelength stretch +0.1 nm at the ends,sinc,5,1.006e-05,5.02e-06,1.086e-05,0.01562,25,0.0001029,8.777e-05,1.985e-05,8.173e-06,4.297e-06,1.024e-06,3.587e-07,8.673e-07,4.561e-07,6.038e-08,-0.06289,2.005
HYPSTAR_122304,iv_stretch+0.1,(iv) E wavelength stretch +0.1 nm at the ends,srf,1,4.613e-05,1.587e-05,2.563e-05,0.005755,25,0.0006532,0.000537,0.0001123,3.418e-05,1.417e-05,1.749e-06,4.152e-07,1.981e-06,2.318e-06,5.118e-07,0.6922,2.908
HYPSTAR_122304,iv_stretch+0.1,(iv) E wavelength stretch +0.1 nm at the ends,srf,5,3.579e-06,1.999e-06,1.086e-05,0.005755,25,4.11e-05,3.418e-05,7.898e-06,3.053e-06,1.369e-06,1.338e-07,3.441e-08,1.749e-07,2.106e-07,5.695e-08,0.6219,1.791
HYPSTAR_122304,iv_stretch-0.1,(iv) E wavelength stretch -0.1 nm at the ends,cubic,1,0.0001576,5.646e-05,2.563e-05,0.01284,25,0.002118,0.001753,0.0003726,0.0001393,6.77e-05,2.223e-05,6.649e-06,1.572e-05,6.417e-06,4.843e-07,-0.06122,2.791
HYPSTAR_122304,iv_stretch-0.1,(iv) E wavelength stretch -0.1 nm at the ends,cubic,5,1.041e-05,4.324e-06,1.086e-05,0.01284,25,9.257e-05,8.201e-05,1.985e-05,8.241e-06,4.287e-06,1.018e-06,3.595e-07,8.284e-07,3.264e-07,3.683e-08,-0.06999,2.407
HYPSTAR_122304,iv_stretch-0.1,(iv) E wavelength stretch -0.1 nm at the ends,linear,1,0.0001485,5.27e-05,2.563e-05,0.00994,25,0.001928,0.001597,0.0003487,0.0001385,6.548e-05,1.928e-05,5.21e-06,1.156e-05,4.189e-06,3.893e-07,0,2.818
HYPSTAR_122304,iv_stretch-0.1,(iv) E wavelength stretch -0.1 nm at the ends,linear,5,9.727e-06,4.061e-06,1.086e-05,0.00994,25,8.484e-05,7.536e-05,1.875e-05,8.204e-06,4.152e-06,8.904e-07,2.871e-07,6.312e-07,2.354e-07,3.483e-08,0,2.395
HYPSTAR_122304,iv_stretch-0.1,(iv) E wavelength stretch -0.1 nm at the ends,ruddick2023,1,0.0001577,5.652e-05,2.563e-05,0.01286,25,0.002122,0.001757,0.0003728,0.0001394,6.761e-05,2.224e-05,6.677e-06,1.584e-05,6.458e-06,4.621e-07,-0.06202,2.791
HYPSTAR_122304,iv_stretch-0.1,(iv) E wavelength stretch -0.1 nm at the ends,ruddick2023,5,1.038e-05,4.338e-06,1.086e-05,0.01286,25,9.27e-05,8.218e-05,1.984e-05,8.241e-06,4.285e-06,1.019e-06,3.603e-07,8.313e-07,3.269e-07,3.609e-08,-0.06726,2.393
HYPSTAR_122304,iv_stretch-0.1,(iv) E wavelength stretch -0.1 nm at the ends,sinc,1,0.0001577,5.65e-05,2.563e-05,0.01283,25,0.00212,0.001755,0.0003728,0.0001393,6.77e-05,2.226e-05,6.668e-06,1.58e-05,6.436e-06,4.867e-07,-0.06157,2.79
HYPSTAR_122304,iv_stretch-0.1,(iv) E wavelength stretch -0.1 nm at the ends,sinc,5,1.041e-05,4.329e-06,1.086e-05,0.01283,25,9.28e-05,8.221e-05,1.987e-05,8.241e-06,4.284e-06,1.018e-06,3.596e-07,8.293e-07,3.259e-07,3.664e-08,-0.07024,2.405
HYPSTAR_122304,iv_stretch-0.1,(iv) E wavelength stretch -0.1 nm at the ends,srf,1,4.545e-05,1.58e-05,2.563e-05,0.005516,25,0.0006417,0.0005273,0.0001115,3.426e-05,1.414e-05,1.772e-06,3.891e-07,1.976e-06,1.951e-06,3.48e-07,0.6949,2.877
HYPSTAR_122304,iv_stretch-0.1,(iv) E wavelength stretch -0.1 nm at the ends,srf,5,3.551e-06,1.96e-06,1.086e-05,0.005516,25,4.104e-05,3.395e-05,7.827e-06,3.051e-06,1.385e-06,1.399e-07,3.225e-08,1.747e-07,1.765e-07,3.446e-08,0.6328,1.811
HYPSTAR_122304,v_wrongsrf_E+0.3,(v) correction told FWHM_E +0.3 nm,cubic,1,0.0001536,5.538e-05,2.563e-05,0.01315,25,0.002096,0.001739,0.0003664,0.0001374,6.649e-05,2.221e-05,6.658e-06,1.59e-05,6.886e-06,3.25e-07,-0.06184,2.775
HYPSTAR_122304,v_wrongsrf_E+0.3,(v) correction told FWHM_E +0.3 nm,cubic,5,9.778e-06,4.322e-06,1.086e-05,0.01315,25,9.078e-05,7.961e-05,1.854e-05,7.7e-06,4.09e-06,1.012e-06,3.578e-07,8.314e-07,3.504e-07,2.686e-08,-0.07379,2.262
HYPSTAR_122304,v_wrongsrf_E+0.3,(v) correction told FWHM_E +0.3 nm,linear,1,0.0001447,5.165e-05,2.563e-05,0.009738,25,0.001906,0.001582,0.0003429,0.0001367,6.416e-05,1.923e-05,5.224e-06,1.174e-05,4.523e-06,2.26e-07,0,2.801
HYPSTAR_122304,v_wrongsrf_E+0.3,(v) correction told FWHM_E +0.3 nm,linear,5,9.105e-06,4.031e-06,1.086e-05,0.009738,25,8.283e-05,7.27e-05,1.741e-05,7.657e-06,3.946e-06,8.816e-07,2.854e-07,6.302e-07,2.388e-07,1.614e-08,0,2.259
HYPSTAR_122304,v_wrongsrf_E+0.3,(v) correction told FWHM_E +0.3 nm,ruddick2023,1,0.0001507,5.399e-05,2.563e-05,0.01239,25,0.002029,0.001685,0.0003588,0.0001371,6.576e-05,2.119e-05,6.207e-06,1.434e-05,5.92e-06,2.927e-07,-0.04164,2.792
HYPSTAR_122304,v_wrongsrf_E+0.3,(v) correction told FWHM_E +0.3 nm,ruddick2023,5,9.584e-06,4.251e-06,1.086e-05,0.01239,25,8.805e-05,7.731e-05,1.827e-05,7.691e-06,4.06e-06,9.786e-07,3.437e-07,7.877e-07,3.249e-07,2.628e-08,-0.05252,2.255
HYPSTAR_122304,v_wrongsrf_E+0.3,(v) correction told FWHM_E +0.3 nm,sinc,1,0.0001537,5.541e-05,2.563e-05,0.01313,25,0.002097,0.00174,0.0003666,0.0001374,6.649e-05,2.225e-05,6.677e-06,1.598e-05,6.913e-06,3.259e-07,-0.06231,2.774
HYPSTAR_122304,v_wrongsrf_E+0.3,(v) correction told FWHM_E +0.3 nm,sinc,5,9.774e-06,4.319e-06,1.086e-05,0.01313,25,9.087e-05,7.97e-05,1.854e-05,7.698e-06,4.091e-06,1.013e-06,3.578e-07,8.312e-07,3.492e-07,2.71e-08,-0.07343,2.263
HYPSTAR_122304,v_wrongsrf_E+0.3,(v) correction told FWHM_E +0.3 nm,srf,1,0.0001027,3.729e-05,2.563e-05,0.0145,25,0.00129,0.00107,0.0002398,0.0001022,5.041e-05,1.838e-05,6.139e-06,1.518e-05,7.594e-06,5.575e-07,0.2895,2.755
HYPSTAR_122304,v_wrongsrf_E+0.3,(v) correction told FWHM_E +0.3 nm,srf,5,6.276e-06,2.744e-06,1.086e-05,0.0145,25,5.565e-05,4.88e-05,1.188e-05,5.457e-06,3.05e-06,8.414e-07,3.395e-07,8.368e-07,4.172e-07,3.641e-08,0.3107,2.287
HYPSTAR_122304,v_wrongsrf_E-0.3,(v) correction told FWHM_E -0.3 nm,cubic,1,0.0001536,5.538e-05,2.563e-05,0.01315,25,0.002096,0.001739,0.0003664,0.0001374,6.649e-05,2.221e-05,6.658e-06,1.59e-05,6.886e-06,3.25e-07,-0.06184,2.775
HYPSTAR_122304,v_wrongsrf_E-0.3,(v) correction told FWHM_E -0.3 nm,cubic,5,9.778e-06,4.322e-06,1.086e-05,0.01315,25,9.078e-05,7.961e-05,1.854e-05,7.7e-06,4.09e-06,1.012e-06,3.578e-07,8.314e-07,3.504e-07,2.686e-08,-0.07379,2.262
HYPSTAR_122304,v_wrongsrf_E-0.3,(v) correction told FWHM_E -0.3 nm,linear,1,0.0001447,5.165e-05,2.563e-05,0.009738,25,0.001906,0.001582,0.0003429,0.0001367,6.416e-05,1.923e-05,5.224e-06,1.174e-05,4.523e-06,2.26e-07,0,2.801
HYPSTAR_122304,v_wrongsrf_E-0.3,(v) correction told FWHM_E -0.3 nm,linear,5,9.105e-06,4.031e-06,1.086e-05,0.009738,25,8.283e-05,7.27e-05,1.741e-05,7.657e-06,3.946e-06,8.816e-07,2.854e-07,6.302e-07,2.388e-07,1.614e-08,0,2.259
HYPSTAR_122304,v_wrongsrf_E-0.3,(v) correction told FWHM_E -0.3 nm,ruddick2023,1,0.0001578,5.764e-05,2.563e-05,0.01433,25,0.002196,0.001819,0.0003773,0.0001379,6.759e-05,2.38e-05,7.392e-06,1.878e-05,8.639e-06,3.737e-07,-0.09175,2.738
HYPSTAR_122304,v_wrongsrf_E-0.3,(v) correction told FWHM_E -0.3 nm,ruddick2023,5,1.006e-05,4.417e-06,1.086e-05,0.01433,25,9.483e-05,8.295e-05,1.891e-05,7.711e-06,4.135e-06,1.062e-06,3.777e-07,9.011e-07,3.899e-07,2.786e-08,-0.1046,2.277
HYPSTAR_122304,v_wrongsrf_E-0.3,(v) correction told FWHM_E -0.3 nm,sinc,1,0.0001537,5.541e-05,2.563e-05,0.01313,25,0.002097,0.00174,0.0003666,0.0001374,6.649e-05,2.225e-05,6.677e-06,1.598e-05,6.913e-06,3.259e-07,-0.06231,2.774
HYPSTAR_122304,v_wrongsrf_E-0.3,(v) correction told FWHM_E -0.3 nm,sinc,5,9.774e-06,4.319e-06,1.086e-05,0.01313,25,9.087e-05,7.97e-05,1.854e-05,7.698e-06,4.091e-06,1.013e-06,3.578e-07,8.312e-07,3.492e-07,2.71e-08,-0.07343,2.263
HYPSTAR_122304,v_wrongsrf_E-0.3,(v) correction told FWHM_E -0.3 nm,srf,1,0.0001355,5.376e-05,2.563e-05,0.01654,25,0.001686,0.001394,0.0003093,0.000147,6.818e-05,2.483e-05,7.947e-06,2.142e-05,9.796e-06,6.935e-07,0.06329,2.52
HYPSTAR_122304,v_wrongsrf_E-0.3,(v) correction told FWHM_E -0.3 nm,srf,5,7.767e-06,3.352e-06,1.086e-05,0.01654,25,7.183e-05,6.269e-05,1.408e-05,6.322e-06,3.594e-06,1.025e-06,3.833e-07,9.725e-07,4.701e-07,3.365e-08,0.1469,2.317
HYPSTAR_122304,v_wrongsrf_L+0.3,(v) correction told FWHM_L +0.3 nm,cubic,1,0.0001536,5.538e-05,2.563e-05,0.01315,25,0.002096,0.001739,0.0003664,0.0001374,6.649e-05,2.221e-05,6.658e-06,1.59e-05,6.886e-06,3.25e-07,-0.06184,2.775
HYPSTAR_122304,v_wrongsrf_L+0.3,(v) correction told FWHM_L +0.3 nm,cubic,5,9.778e-06,4.322e-06,1.086e-05,0.01315,25,9.078e-05,7.961e-05,1.854e-05,7.7e-06,4.09e-06,1.012e-06,3.578e-07,8.314e-07,3.504e-07,2.686e-08,-0.07379,2.262
HYPSTAR_122304,v_wrongsrf_L+0.3,(v) correction told FWHM_L +0.3 nm,linear,1,0.0001447,5.165e-05,2.563e-05,0.009738,25,0.001906,0.001582,0.0003429,0.0001367,6.416e-05,1.923e-05,5.224e-06,1.174e-05,4.523e-06,2.26e-07,0,2.801
HYPSTAR_122304,v_wrongsrf_L+0.3,(v) correction told FWHM_L +0.3 nm,linear,5,9.105e-06,4.031e-06,1.086e-05,0.009738,25,8.283e-05,7.27e-05,1.741e-05,7.657e-06,3.946e-06,8.816e-07,2.854e-07,6.302e-07,2.388e-07,1.614e-08,0,2.259
HYPSTAR_122304,v_wrongsrf_L+0.3,(v) correction told FWHM_L +0.3 nm,ruddick2023,1,0.0001537,5.541e-05,2.563e-05,0.01319,25,0.002098,0.00174,0.0003666,0.0001374,6.65e-05,2.225e-05,6.681e-06,1.6e-05,6.933e-06,3.264e-07,-0.06233,2.774
HYPSTAR_122304,v_wrongsrf_L+0.3,(v) correction told FWHM_L +0.3 nm,ruddick2023,5,9.784e-06,4.324e-06,1.086e-05,0.01319,25,9.086e-05,7.967e-05,1.855e-05,7.7e-06,4.091e-06,1.013e-06,3.585e-07,8.34e-07,3.518e-07,2.688e-08,-0.07449,2.263
HYPSTAR_122304,v_wrongsrf_L+0.3,(v) correction told FWHM_L +0.3 nm,sinc,1,0.0001537,5.541e-05,2.563e-05,0.01313,25,0.002097,0.00174,0.0003666,0.0001374,6.649e-05,2.225e-05,6.677e-06,1.598e-05,6.913e-06,3.259e-07,-0.06231,2.774
HYPSTAR_122304,v_wrongsrf_L+0.3,(v) correction told FWHM_L +0.3 nm,sinc,5,9.774e-06,4.319e-06,1.086e-05,0.01313,25,9.087e-05,7.97e-05,1.854e-05,7.698e-06,4.091e-06,1.013e-06,3.578e-07,8.312e-07,3.492e-07,2.71e-08,-0.07343,2.263
HYPSTAR_122304,v_wrongsrf_L+0.3,(v) correction told FWHM_L +0.3 nm,srf,1,6.539e-05,2.202e-05,2.563e-05,0.01233,25,0.000744,0.0006221,0.0001544,6.275e-05,3.581e-05,1.339e-05,5.004e-06,1.181e-05,5.674e-06,5.168e-07,0.5479,2.97
HYPSTAR_122304,v_wrongsrf_L+0.3,(v) correction told FWHM_L +0.3 nm,srf,5,4.839e-06,2.04e-06,1.086e-05,0.01233,25,3.352e-05,3.02e-05,9.322e-06,4.737e-06,2.669e-06,7.109e-07,3.166e-07,7.651e-07,3.516e-07,2.947e-08,0.4685,2.372
HYPSTAR_122304,v_wrongsrf_L-0.3,(v) correction told FWHM_L -0.3 nm,cubic,1,0.0001536,5.538e-05,2.563e-05,0.01315,25,0.002096,0.001739,0.0003664,0.0001374,6.649e-05,2.221e-05,6.658e-06,1.59e-05,6.886e-06,3.25e-07,-0.06184,2.775
HYPSTAR_122304,v_wrongsrf_L-0.3,(v) correction told FWHM_L -0.3 nm,cubic,5,9.778e-06,4.322e-06,1.086e-05,0.01315,25,9.078e-05,7.961e-05,1.854e-05,7.7e-06,4.09e-06,1.012e-06,3.578e-07,8.314e-07,3.504e-07,2.686e-08,-0.07379,2.262
HYPSTAR_122304,v_wrongsrf_L-0.3,(v) correction told FWHM_L -0.3 nm,linear,1,0.0001447,5.165e-05,2.563e-05,0.009738,25,0.001906,0.001582,0.0003429,0.0001367,6.416e-05,1.923e-05,5.224e-06,1.174e-05,4.523e-06,2.26e-07,0,2.801
HYPSTAR_122304,v_wrongsrf_L-0.3,(v) correction told FWHM_L -0.3 nm,linear,5,9.105e-06,4.031e-06,1.086e-05,0.009738,25,8.283e-05,7.27e-05,1.741e-05,7.657e-06,3.946e-06,8.816e-07,2.854e-07,6.302e-07,2.388e-07,1.614e-08,0,2.259
HYPSTAR_122304,v_wrongsrf_L-0.3,(v) correction told FWHM_L -0.3 nm,ruddick2023,1,0.0001537,5.541e-05,2.563e-05,0.01319,25,0.002098,0.00174,0.0003666,0.0001374,6.65e-05,2.225e-05,6.681e-06,1.6e-05,6.933e-06,3.264e-07,-0.06233,2.774
HYPSTAR_122304,v_wrongsrf_L-0.3,(v) correction told FWHM_L -0.3 nm,ruddick2023,5,9.784e-06,4.324e-06,1.086e-05,0.01319,25,9.086e-05,7.967e-05,1.855e-05,7.7e-06,4.091e-06,1.013e-06,3.585e-07,8.34e-07,3.518e-07,2.688e-08,-0.07449,2.263
HYPSTAR_122304,v_wrongsrf_L-0.3,(v) correction told FWHM_L -0.3 nm,sinc,1,0.0001537,5.541e-05,2.563e-05,0.01313,25,0.002097,0.00174,0.0003666,0.0001374,6.649e-05,2.225e-05,6.677e-06,1.598e-05,6.913e-06,3.259e-07,-0.06231,2.774
HYPSTAR_122304,v_wrongsrf_L-0.3,(v) correction told FWHM_L -0.3 nm,sinc,5,9.774e-06,4.319e-06,1.086e-05,0.01313,25,9.087e-05,7.97e-05,1.854e-05,7.698e-06,4.091e-06,1.013e-06,3.578e-07,8.312e-07,3.492e-07,2.71e-08,-0.07343,2.263
HYPSTAR_122304,v_wrongsrf_L-0.3,(v) correction told FWHM_L -0.3 nm,srf,1,8.93e-05,3.133e-05,2.563e-05,0.01598,25,0.001077,0.0008959,0.000209,8.733e-05,4.637e-05,1.84e-05,6.594e-06,1.722e-05,9.429e-06,6.924e-07,0.3825,2.85
HYPSTAR_122304,v_wrongsrf_L-0.3,(v) correction told FWHM_L -0.3 nm,srf,5,5.675e-06,2.468e-06,1.086e-05,0.01598,25,4.693e-05,4.136e-05,1.094e-05,5.18e-06,2.94e-06,8.466e-07,3.539e-07,8.917e-07,4.677e-07,3.832e-08,0.3766,2.299
HYPSTAR_122304,vi_wrongemod_aerosol,(vi) wrong Emod: no aerosol (AOT 0.05 fields),cubic,1,0.0001536,5.538e-05,2.563e-05,0.01315,25,0.002096,0.001739,0.0003664,0.0001374,6.649e-05,2.221e-05,6.658e-06,1.59e-05,6.886e-06,3.25e-07,-0.06184,2.775
HYPSTAR_122304,vi_wrongemod_aerosol,(vi) wrong Emod: no aerosol (AOT 0.05 fields),cubic,5,9.778e-06,4.322e-06,1.086e-05,0.01315,25,9.078e-05,7.961e-05,1.854e-05,7.7e-06,4.09e-06,1.012e-06,3.578e-07,8.314e-07,3.504e-07,2.686e-08,-0.07379,2.262
HYPSTAR_122304,vi_wrongemod_aerosol,(vi) wrong Emod: no aerosol (AOT 0.05 fields),linear,1,0.0001447,5.165e-05,2.563e-05,0.009738,25,0.001906,0.001582,0.0003429,0.0001367,6.416e-05,1.923e-05,5.224e-06,1.174e-05,4.523e-06,2.26e-07,0,2.801
HYPSTAR_122304,vi_wrongemod_aerosol,(vi) wrong Emod: no aerosol (AOT 0.05 fields),linear,5,9.105e-06,4.031e-06,1.086e-05,0.009738,25,8.283e-05,7.27e-05,1.741e-05,7.657e-06,3.946e-06,8.816e-07,2.854e-07,6.302e-07,2.388e-07,1.614e-08,0,2.259
HYPSTAR_122304,vi_wrongemod_aerosol,(vi) wrong Emod: no aerosol (AOT 0.05 fields),ruddick2023,1,0.0001537,5.541e-05,2.563e-05,0.01319,25,0.002098,0.00174,0.0003666,0.0001374,6.65e-05,2.225e-05,6.681e-06,1.6e-05,6.933e-06,3.353e-07,-0.06233,2.774
HYPSTAR_122304,vi_wrongemod_aerosol,(vi) wrong Emod: no aerosol (AOT 0.05 fields),ruddick2023,5,9.785e-06,4.324e-06,1.086e-05,0.01319,25,9.086e-05,7.967e-05,1.855e-05,7.7e-06,4.091e-06,1.013e-06,3.585e-07,8.34e-07,3.518e-07,2.713e-08,-0.07449,2.263
HYPSTAR_122304,vi_wrongemod_aerosol,(vi) wrong Emod: no aerosol (AOT 0.05 fields),sinc,1,0.0001537,5.541e-05,2.563e-05,0.01313,25,0.002097,0.00174,0.0003666,0.0001374,6.649e-05,2.225e-05,6.677e-06,1.598e-05,6.913e-06,3.259e-07,-0.06231,2.774
HYPSTAR_122304,vi_wrongemod_aerosol,(vi) wrong Emod: no aerosol (AOT 0.05 fields),sinc,5,9.774e-06,4.319e-06,1.086e-05,0.01313,25,9.087e-05,7.97e-05,1.854e-05,7.698e-06,4.091e-06,1.013e-06,3.578e-07,8.312e-07,3.492e-07,2.71e-08,-0.07343,2.263
HYPSTAR_122304,vi_wrongemod_aerosol,(vi) wrong Emod: no aerosol (AOT 0.05 fields),srf,1,8.291e-08,4.638e-08,2.563e-05,0.0001306,25,1.86e-06,1.527e-06,1.598e-07,3.959e-08,2.505e-08,3.004e-08,1.47e-08,2.441e-08,6.99e-08,3.51e-08,0.9995,1.788
HYPSTAR_122304,vi_wrongemod_aerosol,(vi) wrong Emod: no aerosol (AOT 0.05 fields),srf,5,1.742e-08,1.731e-08,1.086e-05,0.0001306,25,1.602e-07,1.453e-07,1.905e-08,5.721e-09,3.723e-09,4.651e-09,1.342e-09,1.953e-09,7.421e-09,4.32e-09,0.9981,1.006
HYPSTAR_122304,vi_wrongemod_pwv_factor,(vi) wrong Emod: water vapour x 2,cubic,1,0.0001536,5.538e-05,2.563e-05,0.01315,25,0.002096,0.001739,0.0003664,0.0001374,6.649e-05,2.221e-05,6.658e-06,1.59e-05,6.886e-06,3.25e-07,-0.06184,2.775
HYPSTAR_122304,vi_wrongemod_pwv_factor,(vi) wrong Emod: water vapour x 2,cubic,5,9.778e-06,4.322e-06,1.086e-05,0.01315,25,9.078e-05,7.961e-05,1.854e-05,7.7e-06,4.09e-06,1.012e-06,3.578e-07,8.314e-07,3.504e-07,2.686e-08,-0.07379,2.262
HYPSTAR_122304,vi_wrongemod_pwv_factor,(vi) wrong Emod: water vapour x 2,linear,1,0.0001447,5.165e-05,2.563e-05,0.009738,25,0.001906,0.001582,0.0003429,0.0001367,6.416e-05,1.923e-05,5.224e-06,1.174e-05,4.523e-06,2.26e-07,0,2.801
HYPSTAR_122304,vi_wrongemod_pwv_factor,(vi) wrong Emod: water vapour x 2,linear,5,9.105e-06,4.031e-06,1.086e-05,0.009738,25,8.283e-05,7.27e-05,1.741e-05,7.657e-06,3.946e-06,8.816e-07,2.854e-07,6.302e-07,2.388e-07,1.614e-08,0,2.259
HYPSTAR_122304,vi_wrongemod_pwv_factor,(vi) wrong Emod: water vapour x 2,ruddick2023,1,0.0001537,5.542e-05,2.563e-05,0.0132,25,0.002098,0.00174,0.0003666,0.0001374,6.65e-05,2.28e-05,6.747e-06,1.602e-05,6.933e-06,4.166e-07,-0.06259,2.774
HYPSTAR_122304,vi_wrongemod_pwv_factor,(vi) wrong Emod: water vapour x 2,ruddick2023,5,9.785e-06,4.324e-06,1.086e-05,0.0132,25,9.086e-05,7.967e-05,1.855e-05,7.7e-06,4.092e-06,1.043e-06,3.615e-07,8.329e-07,3.517e-07,2.947e-08,-0.07452,2.263
HYPSTAR_122304,vi_wrongemod_pwv_factor,(vi) wrong Emod: water vapour x 2,sinc,1,0.0001537,5.541e-05,2.563e-05,0.01313,25,0.002097,0.00174,0.0003666,0.0001374,6.649e-05,2.225e-05,6.677e-06,1.598e-05,6.913e-06,3.259e-07,-0.06231,2.774
HYPSTAR_122304,vi_wrongemod_pwv_factor,(vi) wrong Emod: water vapour x 2,sinc,5,9.774e-06,4.319e-06,1.086e-05,0.01313,25,9.087e-05,7.97e-05,1.854e-05,7.698e-06,4.091e-06,1.013e-06,3.578e-07,8.312e-07,3.492e-07,2.71e-08,-0.07343,2.263
HYPSTAR_122304,vi_wrongemod_pwv_factor,(vi) wrong Emod: water vapour x 2,srf,1,1.505e-06,1.13e-06,2.563e-05,0.000351,25,1.791e-06,1.495e-06,1.786e-07,3.278e-07,1.087e-07,3.92e-06,8.973e-07,4.3e-07,4.342e-08,1.853e-07,0.9896,1.332
HYPSTAR_122304,vi_wrongemod_pwv_factor,(vi) wrong Emod: water vapour x 2,srf,5,1.094e-07,7.277e-08,1.086e-05,0.000351,25,1.634e-07,1.488e-07,2.986e-08,2.33e-08,3.817e-08,2.789e-07,4.75e-08,5.178e-08,4.657e-09,8.886e-09,0.988,1.503
HYPSTAR_122304,vi_wrongemod_sza_offset,(vi) wrong Emod: SZA + 10 deg,cubic,1,0.0001536,5.538e-05,2.563e-05,0.01315,25,0.002096,0.001739,0.0003664,0.0001374,6.649e-05,2.221e-05,6.658e-06,1.59e-05,6.886e-06,3.25e-07,-0.06184,2.775
HYPSTAR_122304,vi_wrongemod_sza_offset,(vi) wrong Emod: SZA + 10 deg,cubic,5,9.778e-06,4.322e-06,1.086e-05,0.01315,25,9.078e-05,7.961e-05,1.854e-05,7.7e-06,4.09e-06,1.012e-06,3.578e-07,8.314e-07,3.504e-07,2.686e-08,-0.07379,2.262
HYPSTAR_122304,vi_wrongemod_sza_offset,(vi) wrong Emod: SZA + 10 deg,linear,1,0.0001447,5.165e-05,2.563e-05,0.009738,25,0.001906,0.001582,0.0003429,0.0001367,6.416e-05,1.923e-05,5.224e-06,1.174e-05,4.523e-06,2.26e-07,0,2.801
HYPSTAR_122304,vi_wrongemod_sza_offset,(vi) wrong Emod: SZA + 10 deg,linear,5,9.105e-06,4.031e-06,1.086e-05,0.009738,25,8.283e-05,7.27e-05,1.741e-05,7.657e-06,3.946e-06,8.816e-07,2.854e-07,6.302e-07,2.388e-07,1.614e-08,0,2.259
HYPSTAR_122304,vi_wrongemod_sza_offset,(vi) wrong Emod: SZA + 10 deg,ruddick2023,1,0.0001537,5.541e-05,2.563e-05,0.01339,25,0.002098,0.00174,0.0003666,0.0001374,6.65e-05,2.266e-05,6.735e-06,1.706e-05,6.927e-06,3.729e-07,-0.06267,2.774
HYPSTAR_122304,vi_wrongemod_sza_offset,(vi) wrong Emod: SZA + 10 deg,ruddick2023,5,9.785e-06,4.324e-06,1.086e-05,0.01339,25,9.086e-05,7.967e-05,1.855e-05,7.7e-06,4.092e-06,1.036e-06,3.61e-07,8.816e-07,3.54e-07,2.815e-08,-0.0745,2.263
HYPSTAR_122304,vi_wrongemod_sza_offset,(vi) wrong Emod: SZA + 10 deg,sinc,1,0.0001537,5.541e-05,2.563e-05,0.01313,25,0.002097,0.00174,0.0003666,0.0001374,6.649e-05,2.225e-05,6.677e-06,1.598e-05,6.913e-06,3.259e-07,-0.06231,2.774
HYPSTAR_122304,vi_wrongemod_sza_offset,(vi) wrong Emod: SZA + 10 deg,sinc,5,9.774e-06,4.319e-06,1.086e-05,0.01313,25,9.087e-05,7.97e-05,1.854e-05,7.698e-06,4.091e-06,1.013e-06,3.578e-07,8.312e-07,3.492e-07,2.71e-08,-0.07343,2.263
HYPSTAR_122304,vi_wrongemod_sza_offset,(vi) wrong Emod: SZA + 10 deg,srf,1,7.523e-07,3.806e-07,2.563e-05,0.001042,25,1.666e-06,1.369e-06,1.709e-07,1.044e-07,4.094e-08,1.449e-06,3.319e-07,1.695e-06,6.214e-07,7.385e-08,0.9945,1.976
HYPSTAR_122304,vi_wrongemod_sza_offset,(vi) wrong Emod: SZA + 10 deg,srf,5,6.706e-08,4.246e-08,1.086e-05,0.001042,25,1.545e-07,1.446e-07,1.932e-08,1.601e-08,1.391e-08,9.327e-08,1.758e-08,9.484e-08,4.268e-08,4.614e-09,0.9943,1.579
HYPSTAR_122304,vii_noise,"(vii) VEIT per-scan noise, mean of 6 scans",cubic,1,0.0001962,0.0001151,2.563e-05,0.03121,25,0.002171,0.001839,0.0004401,0.0002072,0.0001224,5.544e-05,3.525e-05,5.162e-05,5.992e-05,0.0001101,-0.04813,1.704
HYPSTAR_122304,vii_noise,"(vii) VEIT per-scan noise, mean of 6 scans",cubic,5,1.087e-05,5.544e-06,1.086e-05,0.03121,25,9.344e-05,8.359e-05,2.16e-05,9.865e-06,5.364e-06,1.99e-06,1.616e-06,1.907e-06,2.062e-06,4.424e-06,-0.06125,1.96
HYPSTAR_122304,vii_noise,"(vii) VEIT per-scan noise, mean of 6 scans",linear,1,0.000189,0.000111,2.563e-05,0.0303,25,0.001986,0.001684,0.0004154,0.0002064,0.0001206,4.947e-05,3.49e-05,4.729e-05,5.677e-05,0.0001104,0,1.703
HYPSTAR_122304,vii_noise,"(vii) VEIT per-scan noise, mean of 6 scans",linear,5,1.026e-05,5.283e-06,1.086e-05,0.0303,25,8.537e-05,7.653e-05,2.051e-05,9.829e-06,5.218e-06,1.926e-06,1.573e-06,1.797e-06,2.086e-06,4.422e-06,0,1.942
HYPSTAR_122304,vii_noise,"(vii) VEIT per-scan noise, mean of 6 scans",ruddick2023,1,0.0001966,0.0001136,2.563e-05,0.0313,25,0.002175,0.001841,0.000437,0.0002071,0.0001224,5.427e-05,3.517e-05,5.164e-05,6.028e-05,0.0001103,-0.04286,1.731
HYPSTAR_122304,vii_noise,"(vii) VEIT per-scan noise, mean of 6 scans",ruddick2023,5,1.087e-05,5.512e-06,1.086e-05,0.0313,25,9.344e-05,8.352e-05,2.159e-05,9.862e-06,5.352e-06,1.965e-06,1.581e-06,1.873e-06,2.062e-06,4.422e-06,-0.05937,1.972
HYPSTAR_122304,vii_noise,"(vii) VEIT per-scan noise, mean of 6 scans",sinc,1,0.0001961,0.0001153,2.563e-05,0.03122,25,0.002175,0.001841,0.0004406,0.0002072,0.0001223,5.584e-05,3.528e-05,5.167e-05,5.991e-05,0.0001101,-0.04931,1.7
HYPSTAR_122304,vii_noise,"(vii) VEIT per-scan noise, mean of 6 scans",sinc,5,1.086e-05,5.543e-06,1.086e-05,0.03122,25,9.371e-05,8.386e-05,2.16e-05,9.862e-06,5.37e-06,2.007e-06,1.628e-06,1.922e-06,2.061e-06,4.424e-06,-0.06147,1.96
HYPSTAR_122304,vii_noise,"(vii) VEIT per-scan noise, mean of 6 scans",srf,1,0.00011,9.662e-05,2.563e-05,0.03003,25,0.0004934,0.0004261,0.0001791,0.0001634,8.654e-05,4.277e-05,3.417e-05,4.44e-05,4.99e-05,0.0001104,0.4534,1.139
HYPSTAR_122304,vii_noise,"(vii) VEIT per-scan noise, mean of 6 scans",srf,5,4.232e-06,3.631e-06,1.086e-05,0.03003,25,1.809e-05,1.608e-05,7.148e-06,5.322e-06,2.923e-06,1.668e-06,1.478e-06,1.596e-06,1.808e-06,4.421e-06,0.5935,1.165
HYPSTAR_122305,i_offset,"(i) grid offset only, equal SRFs",cubic,1,3.355e-07,1.187e-07,2.597e-05,8.028e-05,25,3.971e-06,3.287e-06,7.031e-07,2.893e-07,1.197e-07,2.073e-08,1.292e-08,1.884e-08,7.002e-08,3.378e-08,0.9831,2.825
HYPSTAR_122305,i_offset,"(i) grid offset only, equal SRFs",cubic,5,2.737e-08,1.796e-08,1.078e-05,8.028e-05,25,2.148e-07,2e-07,4.871e-08,1.188e-08,5.997e-09,1.776e-09,1.203e-09,1.726e-09,5.287e-09,4.482e-09,0.9821,1.524
HYPSTAR_122305,i_offset,"(i) grid offset only, equal SRFs",linear,1,1.431e-05,4.878e-06,2.597e-05,0.0008338,25,0.0001664,0.000135,3.459e-05,1.254e-05,6.284e-06,1.278e-06,1.825e-07,3.152e-07,3.454e-07,1.918e-07,0,2.933
HYPSTAR_122305,i_offset,"(i) grid offset only, equal SRFs",linear,5,9.86e-07,3.938e-07,1.078e-05,0.0008338,25,6.752e-06,6.114e-06,1.863e-06,8.563e-07,3.987e-07,6.076e-08,1.073e-08,1.931e-08,3.407e-08,1.36e-08,0,2.504
HYPSTAR_122305,i_offset,"(i) grid offset only, equal SRFs",ruddick2023,1,6.741e-08,3.496e-08,2.597e-05,8.194e-05,25,1.785e-06,1.425e-06,1.542e-07,3.582e-08,2.405e-08,9.123e-09,9.302e-09,1.318e-08,4.33e-08,3.4e-08,0.9957,1.928
HYPSTAR_122305,i_offset,"(i) grid offset only, equal SRFs",ruddick2023,5,1.398e-08,1.268e-08,1.078e-05,8.194e-05,25,1.483e-07,1.416e-07,1.486e-08,5.5e-09,2.994e-09,1.347e-09,8.806e-10,1.548e-09,4.693e-09,4.483e-09,0.9887,1.103
HYPSTAR_122305,i_offset,"(i) grid offset only, equal SRFs",sinc,1,3.496e-07,1.138e-07,2.597e-05,0.000143,25,2.188e-06,1.851e-06,6.973e-07,3.313e-07,1.97e-07,3.079e-08,1.304e-08,2.322e-08,7.264e-08,3.467e-08,0.9828,3.073
HYPSTAR_122305,i_offset,"(i) grid offset only, equal SRFs",sinc,5,3.939e-08,1.975e-08,1.078e-05,0.000143,25,3.105e-07,2.607e-07,4.682e-08,4.255e-08,4.057e-08,1.001e-08,1.91e-09,4.202e-09,9.273e-09,4.334e-09,0.9621,1.994
HYPSTAR_122305,i_offset,"(i) grid offset only, equal SRFs",srf,1,6.741e-08,3.496e-08,2.597e-05,8.194e-05,25,1.785e-06,1.425e-06,1.542e-07,3.582e-08,2.405e-08,9.123e-09,9.302e-09,1.318e-08,4.33e-08,3.4e-08,0.9957,1.928
HYPSTAR_122305,i_offset,"(i) grid offset only, equal SRFs",srf,5,1.398e-08,1.268e-08,1.078e-05,8.194e-05,25,1.483e-07,1.416e-07,1.486e-08,5.5e-09,2.994e-09,1.347e-09,8.806e-10,1.548e-09,4.693e-09,4.483e-09,0.9887,1.103
HYPSTAR_122305,ii_mismatch,"(ii) SRF mismatch, no offset",cubic,1,2.811e-05,1.047e-05,2.597e-05,0.004203,25,0.0005015,0.0004056,7.045e-05,1.409e-05,4.277e-06,1.187e-06,1.127e-06,3.252e-06,2.115e-06,2.336e-07,0,2.685
HYPSTAR_122305,ii_mismatch,"(ii) SRF mismatch, no offset",cubic,5,2.23e-06,9.027e-07,1.078e-05,0.004203,25,2.015e-05,1.804e-05,3.697e-06,9.415e-07,2.609e-07,5.633e-08,6.629e-08,1.993e-07,1.225e-07,2.237e-08,0,2.471
HYPSTAR_122305,ii_mismatch,"(ii) SRF mismatch, no offset",linear,1,2.811e-05,1.047e-05,2.597e-05,0.004203,25,0.0005015,0.0004056,7.045e-05,1.409e-05,4.277e-06,1.187e-06,1.127e-06,3.252e-06,2.115e-06,2.336e-07,0,2.685
HYPSTAR_122305,ii_mismatch,"(ii) SRF mismatch, no offset",linear,5,2.23e-06,9.027e-07,1.078e-05,0.004203,25,2.015e-05,1.804e-05,3.697e-06,9.415e-07,2.609e-07,5.633e-08,6.629e-08,1.993e-07,1.225e-07,2.237e-08,0,2.471
HYPSTAR_122305,ii_mismatch,"(ii) SRF mismatch, no offset",ruddick2023,1,2.811e-05,1.047e-05,2.597e-05,0.004203,25,0.0005015,0.0004056,7.045e-05,1.409e-05,4.277e-06,1.187e-06,1.127e-06,3.252e-06,2.115e-06,2.336e-07,0,2.685
HYPSTAR_122305,ii_mismatch,"(ii) SRF mismatch, no offset",ruddick2023,5,2.23e-06,9.027e-07,1.078e-05,0.004203,25,2.015e-05,1.804e-05,3.697e-06,9.415e-07,2.609e-07,5.633e-08,6.629e-08,1.993e-07,1.225e-07,2.237e-08,0,2.471
HYPSTAR_122305,ii_mismatch,"(ii) SRF mismatch, no offset",sinc,1,2.811e-05,1.047e-05,2.597e-05,0.004203,25,0.0005015,0.0004056,7.045e-05,1.409e-05,4.277e-06,1.187e-06,1.127e-06,3.252e-06,2.115e-06,2.336e-07,2.22e-16,2.685
HYPSTAR_122305,ii_mismatch,"(ii) SRF mismatch, no offset",sinc,5,2.23e-06,9.027e-07,1.078e-05,0.004203,25,2.015e-05,1.804e-05,3.697e-06,9.415e-07,2.609e-07,5.633e-08,6.629e-08,1.993e-07,1.225e-07,2.237e-08,3.331e-16,2.471
HYPSTAR_122305,ii_mismatch,"(ii) SRF mismatch, no offset",srf,1,6.741e-08,3.496e-08,2.597e-05,8.194e-05,25,1.785e-06,1.425e-06,1.542e-07,3.582e-08,2.405e-08,9.123e-09,9.302e-09,1.318e-08,4.33e-08,3.4e-08,0.9979,1.928
HYPSTAR_122305,ii_mismatch,"(ii) SRF mismatch, no offset",srf,5,1.398e-08,1.268e-08,1.078e-05,8.194e-05,25,1.483e-07,1.416e-07,1.486e-08,5.5e-09,2.994e-09,1.347e-09,8.806e-10,1.548e-09,4.693e-09,4.483e-09,0.9951,1.103
HYPSTAR_122305,iii_both,(iii) offset + SRF mismatch,cubic,1,2.786e-05,1.037e-05,2.597e-05,0.004202,25,0.0004982,0.0004029,6.985e-05,1.387e-05,4.204e-06,1.196e-06,1.127e-06,3.252e-06,2.115e-06,2.346e-07,-1.257,2.688
HYPSTAR_122305,iii_both,(iii) offset + SRF mismatch,cubic,5,2.218e-06,8.978e-07,1.078e-05,0.004202,25,2.001e-05,1.792e-05,3.676e-06,9.353e-07,2.583e-07,5.657e-08,6.63e-08,1.993e-07,1.225e-07,2.239e-08,-0.8679,2.471
HYPSTAR_122305,iii_both,(iii) offset + SRF mismatch,linear,1,1.233e-05,5.106e-06,2.597e-05,0.004624,25,0.000293,0.0002368,3.048e-05,1.418e-06,2.336e-06,2.406e-06,1.291e-06,3.523e-06,2.367e-06,2.982e-07,0,2.415
HYPSTAR_122305,iii_both,(iii) offset + SRF mismatch,linear,5,1.183e-06,4.823e-07,1.078e-05,0.004624,25,1.173e-05,1.052e-05,1.642e-06,9.569e-08,1.544e-07,1.159e-07,7.644e-08,2.171e-07,1.382e-07,2.361e-08,0,2.452
HYPSTAR_122305,iii_both,(iii) offset + SRF mismatch,ruddick2023,1,2.811e-05,1.047e-05,2.597e-05,0.004203,25,0.0005015,0.0004056,7.045e-05,1.409e-05,4.277e-06,1.187e-06,1.127e-06,3.252e-06,2.115e-06,2.336e-07,-1.277,2.685
HYPSTAR_122305,iii_both,(iii) offset + SRF mismatch,ruddick2023,5,2.23e-06,9.027e-07,1.078e-05,0.004203,25,2.015e-05,1.804e-05,3.697e-06,9.415e-07,2.609e-07,5.633e-08,6.629e-08,1.993e-07,1.225e-07,2.237e-08,-0.8779,2.471
HYPSTAR_122305,iii_both,(iii) offset + SRF mismatch,sinc,1,2.808e-05,1.046e-05,2.597e-05,0.004177,25,0.0005019,0.000406,7.029e-05,1.4e-05,4.253e-06,1.188e-06,1.127e-06,3.251e-06,2.111e-06,2.334e-07,-1.275,2.685
HYPSTAR_122305,iii_both,(iii) offset + SRF mismatch,sinc,5,2.228e-06,9.003e-07,1.078e-05,0.004177,25,2.02e-05,1.805e-05,3.674e-06,9.32e-07,2.553e-07,5.69e-08,6.634e-08,1.991e-07,1.214e-07,2.244e-08,-0.876,2.475
HYPSTAR_122305,iii_both,(iii) offset + SRF mismatch,srf,1,6.741e-08,3.496e-08,2.597e-05,8.194e-05,25,1.785e-06,1.425e-06,1.542e-07,3.582e-08,2.405e-08,9.123e-09,9.302e-09,1.318e-08,4.33e-08,3.4e-08,0.9951,1.928
HYPSTAR_122305,iii_both,(iii) offset + SRF mismatch,srf,5,1.398e-08,1.268e-08,1.078e-05,8.194e-05,25,1.483e-07,1.416e-07,1.486e-08,5.5e-09,2.994e-09,1.347e-09,8.806e-10,1.548e-09,4.693e-09,4.483e-09,0.9908,1.103
HYPSTAR_122305,iv_shift+0.1,(iv) E wavelength error +0.1 nm (rigid),cubic,1,4.73e-05,1.63e-05,2.597e-05,0.009258,25,0.0006227,0.0005061,0.0001112,4.026e-05,2.197e-05,7.372e-06,2.96e-06,6.557e-06,3.047e-06,4.156e-07,-0.2126,2.902
HYPSTAR_122305,iv_shift+0.1,(iv) E wavelength error +0.1 nm (rigid),cubic,5,4.297e-06,1.951e-06,1.078e-05,0.009258,25,3.646e-05,3.271e-05,8.944e-06,4.514e-06,2.753e-06,7.017e-07,2.738e-07,6.704e-07,3.139e-07,4.837e-08,-0.1126,2.203
HYPSTAR_122305,iv_shift+0.1,(iv) E wavelength error +0.1 nm (rigid),linear,1,3.901e-05,1.302e-05,2.597e-05,0.009238,25,0.0004857,0.0003932,9.035e-05,3.611e-05,2.037e-05,7.336e-06,2.98e-06,6.588e-06,3.075e-06,4.473e-07,0,2.995
HYPSTAR_122305,iv_shift+0.1,(iv) E wavelength error +0.1 nm (rigid),linear,5,3.863e-06,1.829e-06,1.078e-05,0.009238,25,3.319e-05,2.9e-05,8.225e-06,4.341e-06,2.703e-06,7.002e-07,2.75e-07,6.709e-07,3.133e-07,4.838e-08,0,2.112
HYPSTAR_122305,iv_shift+0.1,(iv) E wavelength error +0.1 nm (rigid),ruddick2023,1,4.553e-05,1.572e-05,2.597e-05,0.009203,25,0.0006023,0.0004912,0.0001065,3.857e-05,2.111e-05,7.184e-06,2.935e-06,6.513e-06,3e-06,4.013e-07,-0.1673,2.896
HYPSTAR_122305,iv_shift+0.1,(iv) E wavelength error +0.1 nm (rigid),ruddick2023,5,4.205e-06,1.923e-06,1.078e-05,0.009203,25,3.536e-05,3.201e-05,8.784e-06,4.456e-06,2.724e-06,6.968e-07,2.729e-07,6.69e-07,3.127e-07,4.797e-08,-0.08867,2.186
HYPSTAR_122305,iv_shift+0.1,(iv) E wavelength error +0.1 nm (rigid),sinc,1,4.741e-05,1.637e-05,2.597e-05,0.009294,25,0.0006261,0.0005089,0.0001114,4.029e-05,2.196e-05,7.372e-06,2.959e-06,6.558e-06,3.046e-06,4.145e-07,-0.2155,2.897
HYPSTAR_122305,iv_shift+0.1,(iv) E wavelength error +0.1 nm (rigid),sinc,5,4.308e-06,1.947e-06,1.078e-05,0.009294,25,3.637e-05,3.264e-05,8.952e-06,4.547e-06,2.783e-06,7.077e-07,2.743e-07,6.718e-07,3.155e-07,4.857e-08,-0.1154,2.212
HYPSTAR_122305,iv_shift+0.1,(iv) E wavelength error +0.1 nm (rigid),srf,1,3.784e-05,1.235e-05,2.597e-05,0.009229,25,0.0004265,0.0003404,8.872e-05,3.698e-05,2.079e-05,6.973e-06,2.619e-06,5.789e-06,2.86e-06,3.457e-07,0.02992,3.063
HYPSTAR_122305,iv_shift+0.1,(iv) E wavelength error +0.1 nm (rigid),srf,5,3.815e-06,1.848e-06,1.078e-05,0.009229,25,3.247e-05,2.696e-05,8.163e-06,4.395e-06,2.724e-06,6.934e-07,2.619e-07,6.585e-07,3.251e-07,4.854e-08,0.01233,2.064
HYPSTAR_122305,iv_shift+0.3,(iv) E wavelength error +0.3 nm (rigid),cubic,1,0.0001167,3.838e-05,2.597e-05,0.02806,25,0.001302,0.001042,0.0002728,0.0001148,6.426e-05,2.177e-05,8.203e-06,1.822e-05,8.239e-06,8.08e-07,-0.0553,3.042
HYPSTAR_122305,iv_shift+0.3,(iv) E wavelength error +0.3 nm (rigid),cubic,5,1.149e-05,5.451e-06,1.078e-05,0.02806,25,9.844e-05,8.251e-05,2.466e-05,1.329e-05,8.205e-06,2.098e-06,7.995e-07,1.995e-06,9.121e-07,1.01e-07,-0.01889,2.108
HYPSTAR_122305,iv_shift+0.3,(iv) E wavelength error +0.3 nm (rigid),linear,1,0.0001106,3.595e-05,2.597e-05,0.02781,25,0.001218,0.0009718,0.0002581,0.0001103,6.193e-05,2.134e-05,8.155e-06,1.811e-05,8.088e-06,8.054e-07,0,3.077
HYPSTAR_122305,iv_shift+0.3,(iv) E wavelength error +0.3 nm (rigid),linear,5,1.128e-05,5.374e-06,1.078e-05,0.02781,25,9.548e-05,7.953e-05,2.417e-05,1.313e-05,8.129e-06,2.086e-06,7.982e-07,1.99e-06,9.049e-07,1.001e-07,0,2.099
HYPSTAR_122305,iv_shift+0.3,(iv) E wavelength error +0.3 nm (rigid),ruddick2023,1,0.0001097,3.596e-05,2.597e-05,0.02786,25,0.0012,0.0009636,0.0002545,0.000109,6.151e-05,2.12e-05,8.129e-06,1.808e-05,8.074e-06,7.658e-07,0.008048,3.051
HYPSTAR_122305,iv_shift+0.3,(iv) E wavelength error +0.3 nm (rigid),ruddick2023,5,1.122e-05,5.338e-06,1.078e-05,0.02786,25,9.421e-05,7.954e-05,2.414e-05,1.311e-05,8.117e-06,2.083e-06,7.97e-07,1.99e-06,9.074e-07,9.986e-08,0.005184,2.102
HYPSTAR_122305,iv_shift+0.3,(iv) E wavelength error +0.3 nm (rigid),sinc,1,0.0001168,3.843e-05,2.597e-05,0.02811,25,0.001304,0.001043,0.0002729,0.0001148,6.425e-05,2.177e-05,8.203e-06,1.822e-05,8.243e-06,8.073e-07,-0.05563,3.039
HYPSTAR_122305,iv_shift+0.3,(iv) E wavelength error +0.3 nm (rigid),sinc,5,1.15e-05,5.447e-06,1.078e-05,0.02811,25,9.817e-05,8.23e-05,2.467e-05,1.333e-05,8.235e-06,2.104e-06,8e-07,1.996e-06,9.142e-07,1.012e-07,-0.01966,2.112
HYPSTAR_122305,iv_shift+0.3,(iv) E wavelength error +0.3 nm (rigid),srf,1,0.0001122,3.661e-05,2.597e-05,0.02836,25,0.001263,0.001004,0.000264,0.0001111,6.207e-05,2.088e-05,7.798e-06,1.744e-05,8.152e-06,7.145e-07,-0.0143,3.065
HYPSTAR_122305,iv_shift+0.3,(iv) E wavelength error +0.3 nm (rigid),srf,5,1.146e-05,5.463e-06,1.078e-05,0.02836,25,9.672e-05,7.945e-05,2.435e-05,1.319e-05,8.142e-06,2.077e-06,7.857e-07,1.984e-06,9.321e-07,1.004e-07,-0.01555,2.097
HYPSTAR_122305,iv_shift-0.1,(iv) E wavelength error -0.1 nm (rigid),cubic,1,4.754e-05,1.612e-05,2.597e-05,0.01081,25,0.0006822,0.0005428,0.0001164,4.038e-05,2.17e-05,7.26e-06,2.916e-06,7.136e-06,3.863e-06,2.636e-07,-0.2041,2.948
HYPSTAR_122305,iv_shift-0.1,(iv) E wavelength error -0.1 nm (rigid),cubic,5,4.495e-06,2.206e-06,1.078e-05,0.01081,25,4.086e-05,3.28e-05,9.066e-06,4.527e-06,2.742e-06,6.947e-07,2.73e-07,7.169e-07,3.491e-07,2.738e-08,-0.1142,2.037
HYPSTAR_122305,iv_shift-0.1,(iv) E wavelength error -0.1 nm (rigid),linear,1,3.948e-05,1.319e-05,2.597e-05,0.0111,25,0.0005155,0.0004095,9.374e-05,3.773e-05,2.176e-05,7.691e-06,3.005e-06,7.323e-06,4.067e-06,3.271e-07,0,2.994
HYPSTAR_122305,iv_shift-0.1,(iv) E wavelength error -0.1 nm (rigid),linear,5,4.034e-06,1.996e-06,1.078e-05,0.0111,25,3.524e-05,2.854e-05,8.356e-06,4.446e-06,2.742e-06,7.051e-07,2.762e-07,7.253e-07,3.585e-07,2.961e-08,0,2.021
HYPSTAR_122305,iv_shift-0.1,(iv) E wavelength error -0.1 nm (rigid),ruddick2023,1,4.563e-05,1.552e-05,2.597e-05,0.01076,25,0.0006601,0.0005249,0.0001118,3.853e-05,2.075e-05,7.07e-06,2.895e-06,7.102e-06,3.828e-06,2.525e-07,-0.1558,2.941
HYPSTAR_122305,iv_shift-0.1,(iv) E wavelength error -0.1 nm (rigid),ruddick2023,5,4.452e-06,2.161e-06,1.078e-05,0.01076,25,3.964e-05,3.185e-05,8.914e-06,4.464e-06,2.712e-06,6.897e-07,2.722e-07,7.156e-07,3.481e-07,2.701e-08,-0.1037,2.06
HYPSTAR_122305,iv_shift-0.1,(iv) E wavelength error -0.1 nm (rigid),sinc,1,4.77e-05,1.619e-05,2.597e-05,0.01077,25,0.0006849,0.0005449,0.0001168,4.046e-05,2.174e-05,7.259e-06,2.916e-06,7.134e-06,3.861e-06,2.637e-07,-0.2081,2.947
HYPSTAR_122305,iv_shift-0.1,(iv) E wavelength error -0.1 nm (rigid),sinc,5,4.494e-06,2.212e-06,1.078e-05,0.01077,25,4.107e-05,3.297e-05,9.055e-06,4.492e-06,2.711e-06,6.887e-07,2.725e-07,7.155e-07,3.471e-07,2.718e-08,-0.114,2.031
HYPSTAR_122305,iv_shift-0.1,(iv) E wavelength error -0.1 nm (rigid),srf,1,3.821e-05,1.246e-05,2.597e-05,0.008832,25,0.000431,0.0003459,8.926e-05,3.678e-05,2.078e-05,6.904e-06,2.603e-06,5.723e-06,2.438e-06,1.818e-07,0.03273,3.066
HYPSTAR_122305,iv_shift-0.1,(iv) E wavelength error -0.1 nm (rigid),srf,5,3.824e-06,1.889e-06,1.078e-05,0.008832,25,3.255e-05,2.746e-05,8.228e-06,4.397e-06,2.704e-06,6.843e-07,2.615e-07,6.541e-07,2.897e-07,2.447e-08,0.05148,2.025
HYPSTAR_122305,iv_shift-0.3,(iv) E wavelength error -0.3 nm (rigid),cubic,1,0.0001184,3.859e-05,2.597e-05,0.02758,25,0.00139,0.001111,0.0002792,0.0001124,6.354e-05,2.126e-05,8.106e-06,1.827e-05,8.327e-06,6.807e-07,-0.05232,3.069
HYPSTAR_122305,iv_shift-0.3,(iv) E wavelength error -0.3 nm (rigid),cubic,5,1.166e-05,5.883e-06,1.078e-05,0.02758,25,0.0001013,8.41e-05,2.499e-05,1.327e-05,8.174e-06,2.067e-06,7.939e-07,2.005e-06,8.94e-07,8.26e-08,-0.02309,1.982
HYPSTAR_122305,iv_shift-0.3,(iv) E wavelength error -0.3 nm (rigid),linear,1,0.0001125,3.654e-05,2.597e-05,0.02771,25,0.001257,0.001009,0.0002617,0.0001095,6.286e-05,2.131e-05,8.13e-06,1.834e-05,8.428e-06,6.83e-07,0,3.08
HYPSTAR_122305,iv_shift-0.3,(iv) E wavelength error -0.3 nm (rigid),linear,5,1.14e-05,5.703e-06,1.078e-05,0.02771,25,9.577e-05,8.077e-05,2.449e-05,1.319e-05,8.145e-06,2.067e-06,7.945e-07,2.009e-06,8.987e-07,8.31e-08,0,1.998
HYPSTAR_122305,iv_shift-0.3,(iv) E wavelength error -0.3 nm (rigid),ruddick2023,1,0.0001112,3.611e-05,2.597e-05,0.02744,25,0.001285,0.001028,0.000261,0.0001066,6.074e-05,2.07e-05,8.037e-06,1.815e-05,8.206e-06,6.367e-07,0.01182,3.08
HYPSTAR_122305,iv_shift-0.3,(iv) E wavelength error -0.3 nm (rigid),ruddick2023,5,1.145e-05,5.745e-06,1.078e-05,0.02744,25,9.715e-05,8.096e-05,2.446e-05,1.308e-05,8.084e-06,2.052e-06,7.915e-07,2.001e-06,8.913e-07,8.135e-08,-0.00413,1.992
HYPSTAR_122305,iv_shift-0.3,(iv) E wavelength error -0.3 nm (rigid),sinc,1,0.0001185,3.863e-05,2.597e-05,0.02754,25,0.001392,0.001112,0.0002796,0.0001124,6.358e-05,2.126e-05,8.106e-06,1.827e-05,8.329e-06,6.816e-07,-0.05308,3.068
HYPSTAR_122305,iv_shift-0.3,(iv) E wavelength error -0.3 nm (rigid),sinc,5,1.166e-05,5.889e-06,1.078e-05,0.02754,25,0.0001014,8.421e-05,2.498e-05,1.323e-05,8.142e-06,2.061e-06,7.934e-07,2.004e-06,8.923e-07,8.239e-08,-0.02273,1.979
HYPSTAR_122305,iv_shift-0.3,(iv) E wavelength error -0.3 nm (rigid),srf,1,0.0001141,3.715e-05,2.597e-05,0.02593,25,0.001274,0.001031,0.0002648,0.0001085,6.165e-05,2.043e-05,7.737e-06,1.683e-05,6.961e-06,5.909e-07,-0.01419,3.073
HYPSTAR_122305,iv_shift-0.3,(iv) E wavelength error -0.3 nm (rigid),srf,5,1.14e-05,5.667e-06,1.078e-05,0.02593,25,9.511e-05,8.189e-05,2.46e-05,1.315e-05,8.102e-06,2.044e-06,7.809e-07,1.944e-06,8.453e-07,7.955e-08,-0.0002002,2.011
HYPSTAR_122305,iv_stretch+0.1,(iv) E wavelength stretch +0.1 nm at the ends,cubic,1,4.127e-05,1.439e-05,2.597e-05,0.005728,25,0.0006776,0.0005392,0.0001049,2.686e-05,1.09e-05,1.671e-06,1.155e-06,3.373e-06,2.231e-06,4.687e-07,-0.2876,2.869
HYPSTAR_122305,iv_stretch+0.1,(iv) E wavelength stretch +0.1 nm at the ends,cubic,5,3.796e-06,2.044e-06,1.078e-05,0.005728,25,4.038e-05,3.24e-05,7.824e-06,2.83e-06,1.306e-06,1.323e-07,7.319e-08,2.364e-07,1.948e-07,5.553e-08,-0.1694,1.857
HYPSTAR_122305,iv_stretch+0.1,(iv) E wavelength stretch +0.1 nm at the ends,linear,1,3.206e-05,1.1e-05,2.597e-05,0.005885,25,0.0005095,0.0004046,8.005e-05,2.308e-05,1.083e-05,2.762e-06,1.304e-06,3.592e-06,2.357e-06,4.94e-07,0,2.914
HYPSTAR_122305,iv_stretch+0.1,(iv) E wavelength stretch +0.1 nm at the ends,linear,5,3.246e-06,1.821e-06,1.078e-05,0.005885,25,3.471e-05,2.805e-05,7.015e-06,2.701e-06,1.303e-06,1.7e-07,8.196e-08,2.487e-07,1.986e-07,5.535e-08,0,1.782
HYPSTAR_122305,iv_stretch+0.1,(iv) E wavelength stretch +0.1 nm at the ends,ruddick2023,1,3.992e-05,1.395e-05,2.597e-05,0.005699,25,0.000656,0.0005218,0.0001015,2.589e-05,1.047e-05,1.641e-06,1.153e-06,3.367e-06,2.212e-06,4.505e-07,-0.2452,2.862
HYPSTAR_122305,iv_stretch+0.1,(iv) E wavelength stretch +0.1 nm at the ends,ruddick2023,5,3.772e-06,2.004e-06,1.078e-05,0.005699,25,3.918e-05,3.147e-05,7.706e-06,2.794e-06,1.291e-06,1.314e-07,7.313e-08,2.362e-07,1.942e-07,5.503e-08,-0.1619,1.882
HYPSTAR_122305,iv_stretch+0.1,(iv) E wavelength stretch +0.1 nm at the ends,sinc,1,4.144e-05,1.446e-05,2.597e-05,0.005748,25,0.0006803,0.0005414,0.0001053,2.695e-05,1.094e-05,1.665e-06,1.154e-06,3.373e-06,2.229e-06,4.677e-07,-0.2928,2.866
HYPSTAR_122305,iv_stretch+0.1,(iv) E wavelength stretch +0.1 nm at the ends,sinc,5,3.8e-06,2.051e-06,1.078e-05,0.005748,25,4.059e-05,3.257e-05,7.813e-06,2.796e-06,1.274e-06,1.267e-07,7.344e-08,2.372e-07,1.96e-07,5.573e-08,-0.1705,1.853
HYPSTAR_122305,iv_stretch+0.1,(iv) E wavelength stretch +0.1 nm at the ends,srf,1,3.038e-05,1.007e-05,2.597e-05,0.004999,25,0.0004222,0.0003386,7.41e-05,2.212e-05,9.837e-06,1.18e-06,3.117e-07,1.367e-06,1.704e-06,4.053e-07,0.0532,3.017
HYPSTAR_122305,iv_stretch+0.1,(iv) E wavelength stretch +0.1 nm at the ends,srf,5,2.982e-06,1.705e-06,1.078e-05,0.004999,25,3.194e-05,2.686e-05,6.838e-06,2.65e-06,1.264e-06,1.182e-07,3.103e-08,1.557e-07,1.922e-07,5.565e-08,0.08096,1.749
HYPSTAR_122305,iv_stretch-0.1,(iv) E wavelength stretch -0.1 nm at the ends,cubic,1,4.108e-05,1.444e-05,2.597e-05,0.007183,25,0.0006162,0.0005007,9.942e-05,2.634e-05,1.101e-05,1.771e-06,1.176e-06,3.725e-06,2.929e-06,3.136e-07,-0.2921,2.845
HYPSTAR_122305,iv_stretch-0.1,(iv) E wavelength stretch -0.1 nm at the ends,cubic,5,3.572e-06,1.781e-06,1.078e-05,0.007183,25,3.586e-05,3.214e-05,7.691e-06,2.817e-06,1.309e-06,1.376e-07,7.224e-08,2.707e-07,2.292e-07,3.478e-08,-0.1681,2.005
HYPSTAR_122305,iv_stretch-0.1,(iv) E wavelength stretch -0.1 nm at the ends,linear,1,3.178e-05,1.089e-05,2.597e-05,0.007534,25,0.0004782,0.0003871,7.644e-05,2.121e-05,9.444e-06,2.634e-06,1.343e-06,3.997e-06,3.165e-06,3.648e-07,0,2.918
HYPSTAR_122305,iv_stretch-0.1,(iv) E wavelength stretch -0.1 nm at the ends,linear,5,3.058e-06,1.65e-06,1.078e-05,0.007534,25,3.256e-05,2.842e-05,6.886e-06,2.593e-06,1.262e-06,1.666e-07,8.193e-08,2.864e-07,2.413e-07,3.659e-08,0,1.853
HYPSTAR_122305,iv_stretch-0.1,(iv) E wavelength stretch -0.1 nm at the ends,ruddick2023,1,3.989e-05,1.402e-05,2.597e-05,0.007158,25,0.0005967,0.0004866,9.603e-05,2.554e-05,1.068e-05,1.742e-06,1.175e-06,3.721e-06,2.914e-06,2.977e-07,-0.2546,2.844
HYPSTAR_122305,iv_stretch-0.1,(iv) E wavelength stretch -0.1 nm at the ends,ruddick2023,5,3.491e-06,1.759e-06,1.078e-05,0.007158,25,3.479e-05,3.146e-05,7.567e-06,2.786e-06,1.296e-06,1.367e-07,7.219e-08,2.705e-07,2.287e-07,3.428e-08,-0.1417,1.985
HYPSTAR_122305,iv_stretch-0.1,(iv) E wavelength stretch -0.1 nm at the ends,sinc,1,4.122e-05,1.451e-05,2.597e-05,0.00714,25,0.0006195,0.0005035,9.962e-05,2.639e-05,1.101e-05,1.767e-06,1.176e-06,3.723e-06,2.926e-06,3.138e-07,-0.2963,2.841
HYPSTAR_122305,iv_stretch-0.1,(iv) E wavelength stretch -0.1 nm at the ends,sinc,5,3.58e-06,1.777e-06,1.078e-05,0.00714,25,3.577e-05,3.207e-05,7.699e-06,2.849e-06,1.338e-06,1.43e-07,7.206e-08,2.697e-07,2.273e-07,3.458e-08,-0.1709,2.015
HYPSTAR_122305,iv_stretch-0.1,(iv) E wavelength stretch -0.1 nm at the ends,srf,1,2.993e-05,9.981e-06,2.597e-05,0.004818,25,0.0004178,0.0003333,7.358e-05,2.21e-05,9.787e-06,1.202e-06,2.843e-07,1.364e-06,1.332e-06,2.38e-07,0.06243,2.998
HYPSTAR_122305,iv_stretch-0.1,(iv) E wavelength stretch -0.1 nm at the ends,srf,5,2.975e-06,1.664e-06,1.078e-05,0.004818,25,3.184e-05,2.638e-05,6.784e-06,2.646e-06,1.279e-06,1.244e-07,2.888e-08,1.556e-07,1.583e-07,3.199e-08,0.02729,1.788
HYPSTAR_122305,v_wrongsrf_E+0.3,(v) correction told FWHM_E +0.3 nm,cubic,1,2.786e-05,1.037e-05,2.597e-05,0.004202,25,0.0004982,0.0004029,6.985e-05,1.387e-05,4.204e-06,1.196e-06,1.127e-06,3.252e-06,2.115e-06,2.346e-07,-1.257,2.688
HYPSTAR_122305,v_wrongsrf_E+0.3,(v) correction told FWHM_E +0.3 nm,cubic,5,2.218e-06,8.978e-07,1.078e-05,0.004202,25,2.001e-05,1.792e-05,3.676e-06,9.353e-07,2.583e-07,5.657e-08,6.63e-08,1.993e-07,1.225e-07,2.239e-08,-0.8679,2.471
HYPSTAR_122305,v_wrongsrf_E+0.3,(v) correction told FWHM_E +0.3 nm,linear,1,1.233e-05,5.106e-06,2.597e-05,0.004624,25,0.000293,0.0002368,3.048e-05,1.418e-06,2.336e-06,2.406e-06,1.291e-06,3.523e-06,2.367e-06,2.982e-07,0,2.415
HYPSTAR_122305,v_wrongsrf_E+0.3,(v) correction told FWHM_E +0.3 nm,linear,5,1.183e-06,4.823e-07,1.078e-05,0.004624,25,1.173e-05,1.052e-05,1.642e-06,9.569e-08,1.544e-07,1.159e-07,7.644e-08,2.171e-07,1.382e-07,2.361e-08,0,2.452
HYPSTAR_122305,v_wrongsrf_E+0.3,(v) correction told FWHM_E +0.3 nm,ruddick2023,1,2.259e-05,8.429e-06,2.597e-05,0.004283,25,0.0004218,0.0003415,5.703e-05,9.485e-06,2.361e-06,1.622e-06,1.18e-06,3.356e-06,2.23e-06,2.551e-07,-0.832,2.68
HYPSTAR_122305,v_wrongsrf_E+0.3,(v) correction told FWHM_E +0.3 nm,ruddick2023,5,1.966e-06,7.997e-07,1.078e-05,0.004283,25,1.7e-05,1.535e-05,3.246e-06,7.994e-07,2.026e-07,7.074e-08,6.815e-08,2.028e-07,1.257e-07,2.271e-08,-0.6595,2.459
HYPSTAR_122305,v_wrongsrf_E+0.3,(v) correction told FWHM_E +0.3 nm,sinc,1,2.808e-05,1.046e-05,2.597e-05,0.004177,25,0.0005019,0.000406,7.029e-05,1.4e-05,4.253e-06,1.188e-06,1.127e-06,3.251e-06,2.111e-06,2.334e-07,-1.275,2.685
HYPSTAR_122305,v_wrongsrf_E+0.3,(v) correction told FWHM_E +0.3 nm,sinc,5,2.228e-06,9.003e-07,1.078e-05,0.004177,25,2.02e-05,1.805e-05,3.674e-06,9.32e-07,2.553e-07,5.69e-08,6.634e-08,1.991e-07,1.214e-07,2.244e-08,-0.876,2.475
HYPSTAR_122305,v_wrongsrf_E+0.3,(v) correction told FWHM_E +0.3 nm,srf,1,7.018e-05,2.422e-05,2.597e-05,0.01219,25,0.0008772,0.0007113,0.0001673,6.323e-05,3.666e-05,1.304e-05,4.754e-06,1.069e-05,5.315e-06,4.392e-07,-4.707,2.897
HYPSTAR_122305,v_wrongsrf_E+0.3,(v) correction told FWHM_E +0.3 nm,srf,5,5.244e-06,2.051e-06,1.078e-05,0.01219,25,3.549e-05,3.218e-05,9.443e-06,4.791e-06,2.583e-06,6.947e-07,3.131e-07,7.522e-07,3.585e-07,3.652e-08,-3.446,2.557
HYPSTAR_122305,v_wrongsrf_E-0.3,(v) correction told FWHM_E -0.3 nm,cubic,1,2.786e-05,1.037e-05,2.597e-05,0.004202,25,0.0004982,0.0004029,6.985e-05,1.387e-05,4.204e-06,1.196e-06,1.127e-06,3.252e-06,2.115e-06,2.346e-07,-1.257,2.688
HYPSTAR_122305,v_wrongsrf_E-0.3,(v) correction told FWHM_E -0.3 nm,cubic,5,2.218e-06,8.978e-07,1.078e-05,0.004202,25,2.001e-05,1.792e-05,3.676e-06,9.353e-07,2.583e-07,5.657e-08,6.63e-08,1.993e-07,1.225e-07,2.239e-08,-0.8679,2.471
HYPSTAR_122305,v_wrongsrf_E-0.3,(v) correction told FWHM_E -0.3 nm,linear,1,1.233e-05,5.106e-06,2.597e-05,0.004624,25,0.000293,0.0002368,3.048e-05,1.418e-06,2.336e-06,2.406e-06,1.291e-06,3.523e-06,2.367e-06,2.982e-07,0,2.415
HYPSTAR_122305,v_wrongsrf_E-0.3,(v) correction told FWHM_E -0.3 nm,linear,5,1.183e-06,4.823e-07,1.078e-05,0.004624,25,1.173e-05,1.052e-05,1.642e-06,9.569e-08,1.544e-07,1.159e-07,7.644e-08,2.171e-07,1.382e-07,2.361e-08,0,2.452
HYPSTAR_122305,v_wrongsrf_E-0.3,(v) correction told FWHM_E -0.3 nm,ruddick2023,1,3.629e-05,1.385e-05,2.597e-05,0.004122,25,0.0006212,0.000501,8.999e-05,2.247e-05,7.487e-06,6.666e-07,1.054e-06,3.093e-06,1.947e-06,2.058e-07,-1.919,2.62
HYPSTAR_122305,v_wrongsrf_E-0.3,(v) correction told FWHM_E -0.3 nm,ruddick2023,5,2.64e-06,1.053e-06,1.078e-05,0.004122,25,2.484e-05,2.202e-05,4.359e-06,1.177e-06,3.79e-07,4.202e-08,6.398e-08,1.947e-07,1.188e-07,2.057e-08,-1.216,2.508
HYPSTAR_122305,v_wrongsrf_E-0.3,(v) correction told FWHM_E -0.3 nm,sinc,1,2.808e-05,1.046e-05,2.597e-05,0.004177,25,0.0005019,0.000406,7.029e-05,1.4e-05,4.253e-06,1.188e-06,1.127e-06,3.251e-06,2.111e-06,2.334e-07,-1.275,2.685
HYPSTAR_122305,v_wrongsrf_E-0.3,(v) correction told FWHM_E -0.3 nm,sinc,5,2.228e-06,9.003e-07,1.078e-05,0.004177,25,2.02e-05,1.805e-05,3.674e-06,9.32e-07,2.553e-07,5.69e-08,6.634e-08,1.991e-07,1.214e-07,2.244e-08,-0.876,2.475
HYPSTAR_122305,v_wrongsrf_E-0.3,(v) correction told FWHM_E -0.3 nm,srf,1,9.297e-05,3.413e-05,2.597e-05,0.01359,25,0.001193,0.0009662,0.0002191,8.643e-05,4.703e-05,1.768e-05,6.169e-06,1.492e-05,6.989e-06,5.331e-07,-6.56,2.724
HYPSTAR_122305,v_wrongsrf_E-0.3,(v) correction told FWHM_E -0.3 nm,srf,5,6.178e-06,2.448e-06,1.078e-05,0.01359,25,4.761e-05,4.257e-05,1.089e-05,5.214e-06,2.797e-06,8.112e-07,3.43e-07,8.449e-07,3.848e-07,3.01e-08,-4.241,2.524
HYPSTAR_122305,v_wrongsrf_L+0.3,(v) correction told FWHM_L +0.3 nm,cubic,1,2.786e-05,1.037e-05,2.597e-05,0.004202,25,0.0004982,0.0004029,6.985e-05,1.387e-05,4.204e-06,1.196e-06,1.127e-06,3.252e-06,2.115e-06,2.346e-07,-1.257,2.688
HYPSTAR_122305,v_wrongsrf_L+0.3,(v) correction told FWHM_L +0.3 nm,cubic,5,2.218e-06,8.978e-07,1.078e-05,0.004202,25,2.001e-05,1.792e-05,3.676e-06,9.353e-07,2.583e-07,5.657e-08,6.63e-08,1.993e-07,1.225e-07,2.239e-08,-0.8679,2.471
HYPSTAR_122305,v_wrongsrf_L+0.3,(v) correction told FWHM_L +0.3 nm,linear,1,1.233e-05,5.106e-06,2.597e-05,0.004624,25,0.000293,0.0002368,3.048e-05,1.418e-06,2.336e-06,2.406e-06,1.291e-06,3.523e-06,2.367e-06,2.982e-07,0,2.415
HYPSTAR_122305,v_wrongsrf_L+0.3,(v) correction told FWHM_L +0.3 nm,linear,5,1.183e-06,4.823e-07,1.078e-05,0.004624,25,1.173e-05,1.052e-05,1.642e-06,9.569e-08,1.544e-07,1.159e-07,7.644e-08,2.171e-07,1.382e-07,2.361e-08,0,2.452
HYPSTAR_122305,v_wrongsrf_L+0.3,(v) correction told FWHM_L +0.3 nm,ruddick2023,1,2.811e-05,1.047e-05,2.597e-05,0.004203,25,0.0005015,0.0004056,7.045e-05,1.409e-05,4.277e-06,1.187e-06,1.127e-06,3.252e-06,2.115e-06,2.336e-07,-1.277,2.685
HYPSTAR_122305,v_wrongsrf_L+0.3,(v) correction told FWHM_L +0.3 nm,ruddick2023,5,2.23e-06,9.027e-07,1.078e-05,0.004203,25,2.015e-05,1.804e-05,3.697e-06,9.415e-07,2.609e-07,5.633e-08,6.629e-08,1.993e-07,1.225e-07,2.237e-08,-0.8779,2.471
HYPSTAR_122305,v_wrongsrf_L+0.3,(v) correction told FWHM_L +0.3 nm,sinc,1,2.808e-05,1.046e-05,2.597e-05,0.004177,25,0.0005019,0.000406,7.029e-05,1.4e-05,4.253e-06,1.188e-06,1.127e-06,3.251e-06,2.111e-06,2.334e-07,-1.275,2.685
HYPSTAR_122305,v_wrongsrf_L+0.3,(v) correction told FWHM_L +0.3 nm,sinc,5,2.228e-06,9.003e-07,1.078e-05,0.004177,25,2.02e-05,1.805e-05,3.674e-06,9.32e-07,2.553e-07,5.69e-08,6.634e-08,1.991e-07,1.214e-07,2.244e-08,-0.876,2.475
HYPSTAR_122305,v_wrongsrf_L+0.3,(v) correction told FWHM_L +0.3 nm,srf,1,6.805e-05,2.337e-05,2.597e-05,0.01218,25,0.0007905,0.0006421,0.0001612,6.37e-05,3.753e-05,1.372e-05,5.041e-06,1.155e-05,5.542e-06,4.817e-07,-4.537,2.911
HYPSTAR_122305,v_wrongsrf_L+0.3,(v) correction told FWHM_L +0.3 nm,srf,5,5.133e-06,2.006e-06,1.078e-05,0.01218,25,3.213e-05,2.951e-05,9.305e-06,4.839e-06,2.614e-06,7.098e-07,3.182e-07,7.671e-07,3.495e-07,2.937e-08,-3.355,2.559
HYPSTAR_122305,v_wrongsrf_L-0.3,(v) correction told FWHM_L -0.3 nm,cubic,1,2.786e-05,1.037e-05,2.597e-05,0.004202,25,0.0004982,0.0004029,6.985e-05,1.387e-05,4.204e-06,1.196e-06,1.127e-06,3.252e-06,2.115e-06,2.346e-07,-1.257,2.688
HYPSTAR_122305,v_wrongsrf_L-0.3,(v) correction told FWHM_L -0.3 nm,cubic,5,2.218e-06,8.978e-07,1.078e-05,0.004202,25,2.001e-05,1.792e-05,3.676e-06,9.353e-07,2.583e-07,5.657e-08,6.63e-08,1.993e-07,1.225e-07,2.239e-08,-0.8679,2.471
HYPSTAR_122305,v_wrongsrf_L-0.3,(v) correction told FWHM_L -0.3 nm,linear,1,1.233e-05,5.106e-06,2.597e-05,0.004624,25,0.000293,0.0002368,3.048e-05,1.418e-06,2.336e-06,2.406e-06,1.291e-06,3.523e-06,2.367e-06,2.982e-07,0,2.415
HYPSTAR_122305,v_wrongsrf_L-0.3,(v) correction told FWHM_L -0.3 nm,linear,5,1.183e-06,4.823e-07,1.078e-05,0.004624,25,1.173e-05,1.052e-05,1.642e-06,9.569e-08,1.544e-07,1.159e-07,7.644e-08,2.171e-07,1.382e-07,2.361e-08,0,2.452
HYPSTAR_122305,v_wrongsrf_L-0.3,(v) correction told FWHM_L -0.3 nm,ruddick2023,1,2.811e-05,1.047e-05,2.597e-05,0.004203,25,0.0005015,0.0004056,7.045e-05,1.409e-05,4.277e-06,1.187e-06,1.127e-06,3.252e-06,2.115e-06,2.336e-07,-1.277,2.685
HYPSTAR_122305,v_wrongsrf_L-0.3,(v) correction told FWHM_L -0.3 nm,ruddick2023,5,2.23e-06,9.027e-07,1.078e-05,0.004203,25,2.015e-05,1.804e-05,3.697e-06,9.415e-07,2.609e-07,5.633e-08,6.629e-08,1.993e-07,1.225e-07,2.237e-08,-0.8779,2.471
HYPSTAR_122305,v_wrongsrf_L-0.3,(v) correction told FWHM_L -0.3 nm,sinc,1,2.808e-05,1.046e-05,2.597e-05,0.004177,25,0.0005019,0.000406,7.029e-05,1.4e-05,4.253e-06,1.188e-06,1.127e-06,3.251e-06,2.111e-06,2.334e-07,-1.275,2.685
HYPSTAR_122305,v_wrongsrf_L-0.3,(v) correction told FWHM_L -0.3 nm,sinc,5,2.228e-06,9.003e-07,1.078e-05,0.004177,25,2.02e-05,1.805e-05,3.674e-06,9.32e-07,2.553e-07,5.69e-08,6.634e-08,1.991e-07,1.214e-07,2.244e-08,-0.876,2.475
HYPSTAR_122305,v_wrongsrf_L-0.3,(v) correction told FWHM_L -0.3 nm,srf,1,9.281e-05,3.328e-05,2.597e-05,0.01574,25,0.001144,0.0009255,0.0002178,8.933e-05,4.885e-05,1.885e-05,6.643e-06,1.683e-05,9.198e-06,6.499e-07,-6.549,2.788
HYPSTAR_122305,v_wrongsrf_L-0.3,(v) correction told FWHM_L -0.3 nm,srf,5,6.135e-06,2.425e-06,1.078e-05,0.01574,25,4.588e-05,4.101e-05,1.097e-05,5.357e-06,2.886e-06,8.5e-07,3.566e-07,8.988e-07,4.618e-07,3.832e-08,-4.202,2.529
HYPSTAR_122305,vi_wrongemod_aerosol,(vi) wrong Emod: no aerosol (AOT 0.05 fields),cubic,1,2.786e-05,1.037e-05,2.597e-05,0.004202,25,0.0004982,0.0004029,6.985e-05,1.387e-05,4.204e-06,1.196e-06,1.127e-06,3.252e-06,2.115e-06,2.346e-07,-1.257,2.688
HYPSTAR_122305,vi_wrongemod_aerosol,(vi) wrong Emod: no aerosol (AOT 0.05 fields),cubic,5,2.218e-06,8.978e-07,1.078e-05,0.004202,25,2.001e-05,1.792e-05,3.676e-06,9.353e-07,2.583e-07,5.657e-08,6.63e-08,1.993e-07,1.225e-07,2.239e-08,-0.8679,2.471
HYPSTAR_122305,vi_wrongemod_aerosol,(vi) wrong Emod: no aerosol (AOT 0.05 fields),linear,1,1.233e-05,5.106e-06,2.597e-05,0.004624,25,0.000293,0.0002368,3.048e-05,1.418e-06,2.336e-06,2.406e-06,1.291e-06,3.523e-06,2.367e-06,2.982e-07,0,2.415
HYPSTAR_122305,vi_wrongemod_aerosol,(vi) wrong Emod: no aerosol (AOT 0.05 fields),linear,5,1.183e-06,4.823e-07,1.078e-05,0.004624,25,1.173e-05,1.052e-05,1.642e-06,9.569e-08,1.544e-07,1.159e-07,7.644e-08,2.171e-07,1.382e-07,2.361e-08,0,2.452
HYPSTAR_122305,vi_wrongemod_aerosol,(vi) wrong Emod: no aerosol (AOT 0.05 fields),ruddick2023,1,2.811e-05,1.047e-05,2.597e-05,0.004204,25,0.0005015,0.0004056,7.045e-05,1.409e-05,4.277e-06,1.187e-06,1.127e-06,3.252e-06,2.115e-06,2.322e-07,-1.277,2.685
HYPSTAR_122305,vi_wrongemod_aerosol,(vi) wrong Emod: no aerosol (AOT 0.05 fields),ruddick2023,5,2.23e-06,9.027e-07,1.078e-05,0.004204,25,2.015e-05,1.804e-05,3.697e-06,9.418e-07,2.609e-07,5.633e-08,6.629e-08,1.993e-07,1.225e-07,2.236e-08,-0.8779,2.471
HYPSTAR_122305,vi_wrongemod_aerosol,(vi) wrong Emod: no aerosol (AOT 0.05 fields),sinc,1,2.808e-05,1.046e-05,2.597e-05,0.004177,25,0.0005019,0.000406,7.029e-05,1.4e-05,4.253e-06,1.188e-06,1.127e-06,3.251e-06,2.111e-06,2.334e-07,-1.275,2.685
HYPSTAR_122305,vi_wrongemod_aerosol,(vi) wrong Emod: no aerosol (AOT 0.05 fields),sinc,5,2.228e-06,9.003e-07,1.078e-05,0.004177,25,2.02e-05,1.805e-05,3.674e-06,9.32e-07,2.553e-07,5.69e-08,6.634e-08,1.991e-07,1.214e-07,2.244e-08,-0.876,2.475
HYPSTAR_122305,vi_wrongemod_aerosol,(vi) wrong Emod: no aerosol (AOT 0.05 fields),srf,1,7.498e-08,3.877e-08,2.597e-05,9.122e-05,25,1.775e-06,1.418e-06,1.579e-07,3.582e-08,2.463e-08,1.38e-08,1.214e-08,1.92e-08,6.923e-08,3.415e-08,0.995,1.934
HYPSTAR_122305,vi_wrongemod_aerosol,(vi) wrong Emod: no aerosol (AOT 0.05 fields),srf,5,1.538e-08,1.268e-08,1.078e-05,9.122e-05,25,1.527e-07,1.416e-07,1.621e-08,5.5e-09,2.994e-09,2.98e-09,1.167e-09,1.738e-09,7.41e-09,4.495e-09,0.9889,1.214
HYPSTAR_122305,vi_wrongemod_pwv_factor,(vi) wrong Emod: water vapour x 2,cubic,1,2.786e-05,1.037e-05,2.597e-05,0.004202,25,0.0004982,0.0004029,6.985e-05,1.387e-05,4.204e-06,1.196e-06,1.127e-06,3.252e-06,2.115e-06,2.346e-07,-1.257,2.688
HYPSTAR_122305,vi_wrongemod_pwv_factor,(vi) wrong Emod: water vapour x 2,cubic,5,2.218e-06,8.978e-07,1.078e-05,0.004202,25,2.001e-05,1.792e-05,3.676e-06,9.353e-07,2.583e-07,5.657e-08,6.63e-08,1.993e-07,1.225e-07,2.239e-08,-0.8679,2.471
HYPSTAR_122305,vi_wrongemod_pwv_factor,(vi) wrong Emod: water vapour x 2,linear,1,1.233e-05,5.106e-06,2.597e-05,0.004624,25,0.000293,0.0002368,3.048e-05,1.418e-06,2.336e-06,2.406e-06,1.291e-06,3.523e-06,2.367e-06,2.982e-07,0,2.415
HYPSTAR_122305,vi_wrongemod_pwv_factor,(vi) wrong Emod: water vapour x 2,linear,5,1.183e-06,4.823e-07,1.078e-05,0.004624,25,1.173e-05,1.052e-05,1.642e-06,9.569e-08,1.544e-07,1.159e-07,7.644e-08,2.171e-07,1.382e-07,2.361e-08,0,2.452
HYPSTAR_122305,vi_wrongemod_pwv_factor,(vi) wrong Emod: water vapour x 2,ruddick2023,1,2.811e-05,1.047e-05,2.597e-05,0.004203,25,0.0005016,0.0004057,7.045e-05,1.409e-05,4.276e-06,1.004e-06,1.122e-06,3.251e-06,2.115e-06,2.409e-07,-1.277,2.684
HYPSTAR_122305,vi_wrongemod_pwv_factor,(vi) wrong Emod: water vapour x 2,ruddick2023,5,2.231e-06,9.027e-07,1.078e-05,0.004203,25,2.015e-05,1.804e-05,3.697e-06,9.427e-07,2.638e-07,4.326e-08,6.58e-08,1.998e-07,1.225e-07,1.772e-08,-0.878,2.471
HYPSTAR_122305,vi_wrongemod_pwv_factor,(vi) wrong Emod: water vapour x 2,sinc,1,2.808e-05,1.046e-05,2.597e-05,0.004177,25,0.0005019,0.000406,7.029e-05,1.4e-05,4.253e-06,1.188e-06,1.127e-06,3.251e-06,2.111e-06,2.334e-07,-1.275,2.685
HYPSTAR_122305,vi_wrongemod_pwv_factor,(vi) wrong Emod: water vapour x 2,sinc,5,2.228e-06,9.003e-07,1.078e-05,0.004177,25,2.02e-05,1.805e-05,3.674e-06,9.32e-07,2.553e-07,5.69e-08,6.634e-08,1.991e-07,1.214e-07,2.244e-08,-0.876,2.475
HYPSTAR_122305,vi_wrongemod_pwv_factor,(vi) wrong Emod: water vapour x 2,srf,1,3.06e-07,1.331e-07,2.597e-05,0.0001156,25,1.755e-06,1.404e-06,1.545e-07,3.772e-08,2.51e-08,5.152e-07,1.939e-07,1.574e-07,4.376e-08,3.08e-07,0.9752,2.299
HYPSTAR_122305,vi_wrongemod_pwv_factor,(vi) wrong Emod: water vapour x 2,srf,5,3.361e-08,2.393e-08,1.078e-05,0.0001156,25,1.454e-07,1.395e-07,1.515e-08,5.652e-09,3.646e-09,3.943e-08,1.18e-08,2.344e-08,4.663e-09,1.625e-08,0.9728,1.404
HYPSTAR_122305,vi_wrongemod_sza_offset,(vi) wrong Emod: SZA + 10 deg,cubic,1,2.786e-05,1.037e-05,2.597e-05,0.004202,25,0.0004982,0.0004029,6.985e-05,1.387e-05,4.204e-06,1.196e-06,1.127e-06,3.252e-06,2.115e-06,2.346e-07,-1.257,2.688
HYPSTAR_122305,vi_wrongemod_sza_offset,(vi) wrong Emod: SZA + 10 deg,cubic,5,2.218e-06,8.978e-07,1.078e-05,0.004202,25,2.001e-05,1.792e-05,3.676e-06,9.353e-07,2.583e-07,5.657e-08,6.63e-08,1.993e-07,1.225e-07,2.239e-08,-0.8679,2.471
HYPSTAR_122305,vi_wrongemod_sza_offset,(vi) wrong Emod: SZA + 10 deg,linear,1,1.233e-05,5.106e-06,2.597e-05,0.004624,25,0.000293,0.0002368,3.048e-05,1.418e-06,2.336e-06,2.406e-06,1.291e-06,3.523e-06,2.367e-06,2.982e-07,0,2.415
HYPSTAR_122305,vi_wrongemod_sza_offset,(vi) wrong Emod: SZA + 10 deg,linear,5,1.183e-06,4.823e-07,1.078e-05,0.004624,25,1.173e-05,1.052e-05,1.642e-06,9.569e-08,1.544e-07,1.159e-07,7.644e-08,2.171e-07,1.382e-07,2.361e-08,0,2.452
HYPSTAR_122305,vi_wrongemod_sza_offset,(vi) wrong Emod: SZA + 10 deg,ruddick2023,1,2.811e-05,1.047e-05,2.597e-05,0.004174,25,0.0005015,0.0004056,7.045e-05,1.409e-05,4.277e-06,1.074e-06,1.123e-06,3.166e-06,2.125e-06,2.351e-07,-1.276,2.685
HYPSTAR_122305,vi_wrongemod_sza_offset,(vi) wrong Emod: SZA + 10 deg,ruddick2023,5,2.23e-06,9.026e-07,1.078e-05,0.004174,25,2.015e-05,1.804e-05,3.697e-06,9.412e-07,2.648e-07,4.883e-08,6.589e-08,1.946e-07,1.218e-07,2.181e-08,-0.8779,2.471
HYPSTAR_122305,vi_wrongemod_sza_offset,(vi) wrong Emod: SZA + 10 deg,sinc,1,2.808e-05,1.046e-05,2.597e-05,0.004177,25,0.0005019,0.000406,7.029e-05,1.4e-05,4.253e-06,1.188e-06,1.127e-06,3.251e-06,2.111e-06,2.334e-07,-1.275,2.685
HYPSTAR_122305,vi_wrongemod_sza_offset,(vi) wrong Emod: SZA + 10 deg,sinc,5,2.228e-06,9.003e-07,1.078e-05,0.004177,25,2.02e-05,1.805e-05,3.674e-06,9.32e-07,2.553e-07,5.69e-08,6.634e-08,1.991e-07,1.214e-07,2.244e-08,-0.876,2.475
HYPSTAR_122305,vi_wrongemod_sza_offset,(vi) wrong Emod: SZA + 10 deg,srf,1,2.533e-07,9.848e-08,2.597e-05,0.0005016,25,1.784e-06,1.424e-06,1.543e-07,3.532e-08,2.471e-08,1.955e-07,7.094e-08,5.24e-07,3.488e-07,1.429e-07,0.9771,2.572
HYPSTAR_122305,vi_wrongemod_sza_offset,(vi) wrong Emod: SZA + 10 deg,srf,5,3.327e-08,1.816e-08,1.078e-05,0.0005016,25,1.481e-07,1.421e-07,1.487e-08,5.326e-09,3.365e-09,1.435e-08,4.357e-09,3.193e-08,2.604e-08,6.214e-09,0.9803,1.832
HYPSTAR_122305,vii_noise,"(vii) VEIT per-scan noise, mean of 6 scans",cubic,1,0.0001108,9.534e-05,2.597e-05,0.02881,25,0.0007665,0.0006789,0.0002018,0.0001411,8.944e-05,4.229e-05,3.321e-05,4.645e-05,4.903e-05,0.0001199,-0.08305,1.162
HYPSTAR_122305,vii_noise,"(vii) VEIT per-scan noise, mean of 6 scans",cubic,5,4.706e-06,3.696e-06,1.078e-05,0.02881,25,2.853e-05,2.613e-05,9.281e-06,5.329e-06,3.243e-06,1.742e-06,1.471e-06,1.712e-06,1.845e-06,4.51e-06,-0.1218,1.273
HYPSTAR_122305,vii_noise,"(vii) VEIT per-scan noise, mean of 6 scans",linear,1,0.0001052,8.987e-05,2.597e-05,0.02906,25,0.0005588,0.0005073,0.0001672,0.0001362,8.753e-05,4.112e-05,3.333e-05,4.637e-05,4.994e-05,0.0001198,0,1.17
HYPSTAR_122305,vii_noise,"(vii) VEIT per-scan noise, mean of 6 scans",linear,5,4.097e-06,3.51e-06,1.078e-05,0.02906,25,2.199e-05,2.01e-05,7.497e-06,5.111e-06,3.089e-06,1.685e-06,1.471e-06,1.735e-06,1.854e-06,4.476e-06,0,1.167
HYPSTAR_122305,vii_noise,"(vii) VEIT per-scan noise, mean of 6 scans",ruddick2023,1,0.0001063,9.12e-05,2.597e-05,0.02882,25,0.0007668,0.000671,0.0001855,0.000139,8.911e-05,4.056e-05,3.328e-05,4.641e-05,4.914e-05,0.0001198,-0.03429,1.166
HYPSTAR_122305,vii_noise,"(vii) VEIT per-scan noise, mean of 6 scans",ruddick2023,5,4.622e-06,3.646e-06,1.078e-05,0.02882,25,2.836e-05,2.592e-05,9.201e-06,5.125e-06,3.129e-06,1.699e-06,1.471e-06,1.712e-06,1.85e-06,4.505e-06,-0.08057,1.268
HYPSTAR_122305,vii_noise,"(vii) VEIT per-scan noise, mean of 6 scans",sinc,1,0.0001111,9.62e-05,2.597e-05,0.02877,25,0.0007725,0.0006851,0.0002045,0.0001421,9.052e-05,4.245e-05,3.32e-05,4.645e-05,4.902e-05,0.00012,-0.09674,1.155
HYPSTAR_122305,vii_noise,"(vii) VEIT per-scan noise, mean of 6 scans",sinc,5,4.767e-06,3.709e-06,1.078e-05,0.02877,25,2.927e-05,2.671e-05,9.272e-06,5.389e-06,3.262e-06,1.742e-06,1.471e-06,1.711e-06,1.834e-06,4.513e-06,-0.139,1.285
HYPSTAR_122305,vii_noise,"(vii) VEIT per-scan noise, mean of 6 scans",srf,1,0.0001041,8.901e-05,2.597e-05,0.02722,25,0.0004548,0.0004002,0.0001595,0.000136,8.829e-05,4.059e-05,3.347e-05,4.697e-05,4.917e-05,0.0001199,0.009593,1.169
HYPSTAR_122305,vii_noise,"(vii) VEIT per-scan noise, mean of 6 scans",srf,5,3.995e-06,3.511e-06,1.078e-05,0.02722,25,1.728e-05,1.548e-05,6.715e-06,5.107e-06,3.066e-06,1.71e-06,1.473e-06,1.596e-06,1.86e-06,4.559e-06,0.03318,1.138
