system_id,cal_period,quantity,n,slope_sza,slope_sza_err,slope_season,slope_season_err,slope_year,slope_year_err,mean_sky_untagged
HYPSTAR_120242,2024-11-08/2024-11-12,fwhm_600_E,9,0.0002,0.0008,-0.0206,0.0222,-0.0877,0.1021,2.1392
HYPSTAR_120242,2024-11-08/2024-11-12,fwhm_600_Ld,9,0.0015,0.0009,-0.0537,0.0225,-0.2954,0.0811,2.5905
HYPSTAR_120242,2024-11-08/2024-11-12,dfwhm_450_Ld_E,9,0.0009,0.0004,-0.0033,0.0148,-0.0548,0.0642,0.5292
HYPSTAR_120242,2024-11-08/2024-11-12,doffset_Ld_E,9,0.0001,0.0004,-0.0131,0.0095,-0.0350,0.0468,0.0145
HYPSTAR_121222,2021-10-05/2021-10-04,fwhm_600_E,10,-0.0020,0.0010,0.0395,0.0218,0.0163,0.0211,2.6779
HYPSTAR_121222,2021-10-05/2021-10-04,fwhm_600_Ld,10,-0.0029,0.0012,0.0058,0.0347,-0.0080,0.0292,2.6403
HYPSTAR_121222,2021-10-05/2021-10-04,dfwhm_450_Ld_E,10,0.0002,0.0009,-0.0179,0.0182,-0.0098,0.0159,-0.0270
HYPSTAR_121222,2021-10-05/2021-10-04,doffset_Ld_E,10,-0.0001,0.0006,-0.0009,0.0131,-0.0028,0.0110,0.0468
HYPSTAR_121222,2025-03-25/2025-03-24,fwhm_600_E,10,-0.0007,0.0006,0.0018,0.0126,-0.0004,0.0509,2.6637
HYPSTAR_121222,2025-03-25/2025-03-24,fwhm_600_Ld,10,0.0003,0.0013,-0.0138,0.0260,-0.0510,0.1053,2.6541
HYPSTAR_121222,2025-03-25/2025-03-24,dfwhm_450_Ld_E,10,0.0014,0.0008,-0.0246,0.0186,-0.0625,0.0799,0.0020
HYPSTAR_121222,2025-03-25/2025-03-24,doffset_Ld_E,10,-0.0011,0.0009,0.0383,0.0145,0.1327,0.0650,0.0234
HYPSTAR_121231,2021-10-05/2021-10-04,fwhm_600_E,33,0.0005,0.0004,-0.0082,0.0085,0.0012,0.0088,2.8187
HYPSTAR_121231,2021-10-05/2021-10-04,fwhm_600_Ld,33,0.0009,0.0006,-0.0168,0.0134,-0.0134,0.0138,2.8883
HYPSTAR_121231,2021-10-05/2021-10-04,dfwhm_450_Ld_E,33,-0.0005,0.0004,0.0056,0.0085,0.0066,0.0087,0.0402
HYPSTAR_121231,2021-10-05/2021-10-04,doffset_Ld_E,33,0.0005,0.0003,-0.0090,0.0055,-0.0069,0.0057,0.0266
HYPSTAR_122302,2023-01-27/2023-01-25,fwhm_600_E,60,-0.0001,0.0002,0.0029,0.0047,0.0035,0.0026,2.2027
HYPSTAR_122302,2023-01-27/2023-01-25,fwhm_600_Ld,60,0.0004,0.0003,-0.0101,0.0073,0.0001,0.0041,2.6288
HYPSTAR_122302,2023-01-27/2023-01-25,dfwhm_450_Ld_E,60,0.0002,0.0002,-0.0047,0.0035,-0.0037,0.0019,0.5232
HYPSTAR_122302,2023-01-27/2023-01-25,doffset_Ld_E,60,0.0005,0.0001,-0.0078,0.0031,0.0004,0.0018,0.0144
HYPSTAR_122303,2023-01-27/2023-01-25,fwhm_600_E,12,-0.0009,0.0019,-0.0173,0.0646,0.0191,0.1195,2.6833
HYPSTAR_122303,2023-01-27/2023-01-25,fwhm_600_Ld,12,-0.0014,0.0033,0.0265,0.1135,-0.2133,0.1987,2.7165
HYPSTAR_122303,2023-01-27/2023-01-25,dfwhm_450_Ld_E,12,-0.0006,0.0012,0.0174,0.0415,0.0094,0.0772,-0.0128
HYPSTAR_122303,2023-01-27/2023-01-25,doffset_Ld_E,12,0.0016,0.0009,-0.0209,0.0360,-0.0390,0.0664,0.0303
HYPSTAR_122304,2023-01-27/2023-01-25,fwhm_600_E,30,-0.0004,0.0003,0.0075,0.0066,-0.0099,0.0132,2.3010
HYPSTAR_122304,2023-01-27/2023-01-25,fwhm_600_Ld,30,0.0007,0.0005,-0.0047,0.0104,-0.0057,0.0208,2.7101
HYPSTAR_122304,2023-01-27/2023-01-25,dfwhm_450_Ld_E,30,0.0004,0.0002,-0.0052,0.0048,-0.0044,0.0096,0.4761
HYPSTAR_122304,2023-01-27/2023-01-25,doffset_Ld_E,30,0.0002,0.0002,-0.0108,0.0038,0.0237,0.0073,0.0068
HYPSTAR_122304,2024-11-08/2024-11-12,fwhm_600_E,30,-0.0002,0.0003,0.0111,0.0055,0.0154,0.0122,2.3296
HYPSTAR_122304,2024-11-08/2024-11-12,fwhm_600_Ld,30,0.0003,0.0005,-0.0117,0.0094,0.0075,0.0205,2.6992
HYPSTAR_122304,2024-11-08/2024-11-12,dfwhm_450_Ld_E,30,0.0004,0.0003,-0.0140,0.0054,-0.0183,0.0123,0.4578
HYPSTAR_122304,2024-11-08/2024-11-12,doffset_Ld_E,30,0.0001,0.0002,-0.0015,0.0035,-0.0024,0.0074,0.0408
HYPSTAR_122305,2023-01-27/2023-01-25,fwhm_600_E,30,0.0010,0.0004,-0.0043,0.0102,-0.0297,0.0212,2.6962
HYPSTAR_122305,2023-01-27/2023-01-25,fwhm_600_Ld,30,0.0003,0.0004,-0.0046,0.0090,-0.0043,0.0193,2.6807
HYPSTAR_122305,2023-01-27/2023-01-25,dfwhm_450_Ld_E,30,0.0002,0.0003,-0.0083,0.0063,0.0001,0.0138,0.0701
HYPSTAR_122305,2023-01-27/2023-01-25,doffset_Ld_E,30,0.0001,0.0002,-0.0056,0.0040,0.0102,0.0086,0.0425
