row,site,system_id,cls,sequence_time,product,sza,rms_rho_rel,rms_H2,rho2_excess,alpha2,fwhm_L_minus_E,n_fit
BEFR 122302,BEFR,HYPSTAR_122302,narrow-E,20230621T1230,reflectance,22.571,0.011064,0.0053883,1.469,1.087,0.35501,5
BEFR 122302,BEFR,HYPSTAR_122302,narrow-E,20230625T1015,reflectance,26.628,0.010856,0.0077833,2.6103,1.4041,0.42505,5
BEFR 122302,BEFR,HYPSTAR_122302,narrow-E,20230629T1200,reflectance,20.586,0.013513,0.0068371,1.8769,1.4816,0.36503,5
BEFR 122302,BEFR,HYPSTAR_122302,narrow-E,20230707T0930,reflectance,34.306,0.01287,0.0079447,2.5921,1.4367,0.51495,5
BEFR 122302,BEFR,HYPSTAR_122302,narrow-E,20230716T1145,reflectance,22.081,0.011218,0.0061485,2.1975,1.4209,0.44682,5
BEFR 122302,BEFR,HYPSTAR_122302,narrow-E,20230722T1230,reflectance,25.074,0.013093,0.0059318,2.3016,1.7054,0.56691,5
BEFR 122302,BEFR,HYPSTAR_122302,narrow-E,20230728T0900,reflectance,42.123,0.010758,0.0079288,2.2085,1.0904,0.47368,5
BEFR 122302,BEFR,HYPSTAR_122302,narrow-E,20230728T0915,reflectance,39.642,0.011104,0.0086088,2.5936,1.1226,0.39356,5
BEFR 122302,BEFR,HYPSTAR_122302,narrow-E,20230728T1200,reflectance,24.688,0.012613,0.0075515,2.3633,1.3215,0.44102,5
BEFR 122302,BEFR,HYPSTAR_122302,narrow-E,20230809T1115,reflectance,28.227,0.013451,0.0082724,2.4424,1.8754,0.46818,5
BEFR 122302,BEFR,HYPSTAR_122302,narrow-E,20230815T1015,reflectance,34.793,0.014541,0.0061297,2.1833,1.9305,0.46886,5
BEFR 122302,BEFR,HYPSTAR_122302,narrow-E,20230819T1030,reflectance,34.286,0.013605,0.007866,2.3614,1.4421,0.45748,5
BEFR 122302,BEFR,HYPSTAR_122302,narrow-E,20230823T1130,reflectance,32.074,0.013346,0.0062538,2.9858,1.883,0.43397,5
BEFR 122302,BEFR,HYPSTAR_122302,narrow-E,20230825T0915,reflectance,45.228,0.012583,0.0059021,2.0408,1.7688,0.45754,5
BEFR 122302,BEFR,HYPSTAR_122302,narrow-E,20230830T1145,reflectance,34.471,0.022591,0.0085356,1.6379,2.0875,0.49675,5
BEFR 122302,BEFR,HYPSTAR_122302,narrow-E,20230905T0845,reflectance,52.363,0.015671,0.0087959,1.648,1.3924,0.38507,5
BEFR 122302,BEFR,HYPSTAR_122302,narrow-E,20230906T1230,reflectance,38.861,0.013082,0.0075661,2.9188,1.3417,0.48719,5
BEFR 122302,BEFR,HYPSTAR_122302,narrow-E,20230909T1330,reflectance,45.786,0.014706,0.0095427,2.2628,1.2618,0.5005,5
BEFR 122302,BEFR,HYPSTAR_122302,narrow-E,20230910T0815,reflectance,58.296,0.01427,0.0079293,1.727,1.908,0.44161,5
BEFR 122302,BEFR,HYPSTAR_122302,narrow-E,20230915T1200,reflectance,40.858,0.015643,0.0078735,2.0384,1.6098,0.47636,5
BEFR 122302,BEFR,HYPSTAR_122302,narrow-E,20230924T0945,reflectance,49.708,0.014287,0.0097685,2.1801,1.8379,0.41131,5
BEFR 122302,BEFR,HYPSTAR_122302,narrow-E,20230926T1315,reflectance,50.602,0.016531,0.0081747,1.9649,2.3014,0.50276,5
BEFR 122302,BEFR,HYPSTAR_122302,narrow-E,20231001T1045,reflectance,47.569,0.016366,0.0070717,2.0933,2.1133,0.50167,5
BEFR 122302,BEFR,HYPSTAR_122302,narrow-E,20231002T0730,reflectance,70.801,0.015457,0.0084863,1.4809,0.9843,0.41405,5
BEFR 122302,BEFR,HYPSTAR_122302,narrow-E,20231002T0845,reflectance,59.41,0.016745,0.0071942,1.6382,1.9193,0.4416,5
BEFR 122302,BEFR,HYPSTAR_122302,narrow-E,20231002T1245,reflectance,50.187,0.014182,0.0088047,1.6881,1.3967,0.53337,5
BEFR 122302,BEFR,HYPSTAR_122302,narrow-E,20231212T1245,reflectance,68.617,0.02072,0.0065684,1.3318,1.7203,0.52025,5
BEFR 122302,BEFR,HYPSTAR_122302,narrow-E,20231217T1015,reflectance,69.149,0.018356,0.0097126,2.2525,2.1992,0.40091,5
BEFR 122302,BEFR,HYPSTAR_122302,narrow-E,20231218T1246,reflectance,68.776,0.016246,0.0070604,2.229,1.7824,0.47363,5
BEFR 122302,BEFR,HYPSTAR_122302,narrow-E,20240103T1215,reflectance,66.688,0.020008,0.0063044,1.3056,0.73905,0.4488,5
GAIT 120242,GAIT,HYPSTAR_120242,narrow-E,20250331T0902,reflectance,50.932,0.019106,0.0065951,3.9044,1.2119,0.53049,5
GAIT 120242,GAIT,HYPSTAR_120242,narrow-E,20250511T0747,reflectance,50.341,0.013285,0.0078081,4.0381,0.77432,0.45986,5
GAIT 120242,GAIT,HYPSTAR_120242,narrow-E,20250515T0947,reflectance,31.839,0.010792,0.0066776,3.4455,1.1615,0.43776,5
GAIT 120242,GAIT,HYPSTAR_120242,narrow-E,20250521T1017,reflectance,27.7,0.012613,0.0073226,2.5666,0.94349,0.38154,5
GAIT 120242,GAIT,HYPSTAR_120242,narrow-E,20250609T0802,reflectance,44.853,0.010643,0.0074134,2.9881,0.85009,0.44109,5
GAIT 120242,GAIT,HYPSTAR_120242,narrow-E,20250611T0817,reflectance,42.288,0.0138,0.0066788,3.5268,1.1357,0.35434,5
GAIT 120242,GAIT,HYPSTAR_120242,narrow-E,20250611T1147,reflectance,23.372,0.013167,0.0058991,2.9596,1.0215,0.32707,5
GAIT 120242,GAIT,HYPSTAR_120242,narrow-E,20250704T1132,reflectance,22.882,0.013817,0.0074925,2.6665,0.95772,0.47799,5
GAIT 120242,GAIT,HYPSTAR_120242,narrow-E,20250716T0947,reflectance,31.004,0.014732,0.0067567,3.7439,1.0354,0.30079,5
GAIT 121222 post-recal,GAIT,HYPSTAR_121222,E ~ L,20260310T1302,reflectance,53.964,0.010385,0.0013298,1.8579,-1.3447,-0.084635,5
GAIT 121222 post-recal,GAIT,HYPSTAR_121222,E ~ L,20260317T1147,reflectance,47.076,0.0066079,0.0013782,2.5216,-0.80306,-0.04307,5
GAIT 121222 post-recal,GAIT,HYPSTAR_121222,E ~ L,20260416T0747,reflectance,56.605,0.0060753,0.00088618,2.6022,-1.5683,-0.064359,5
GAIT 121222 post-recal,GAIT,HYPSTAR_121222,E ~ L,20260421T0947,reflectance,38.399,0.010723,0.00082815,3.7786,-0.31506,-0.12213,5
GAIT 121222 post-recal,GAIT,HYPSTAR_121222,E ~ L,20260507T0717,reflectance,56.269,0.0053852,0.0015149,3.9161,1.208,-0.057872,5
GAIT 121222 post-recal,GAIT,HYPSTAR_121222,E ~ L,20260509T0847,reflectance,41.166,0.0069859,0.00095224,2.566,-0.42514,-0.019986,5
GAIT 121222 post-recal,GAIT,HYPSTAR_121222,E ~ L,20260525T1017,reflectance,27.07,0.008664,0.00051744,2.1129,-0.017203,-0.050601,5
GAIT 121222 post-recal,GAIT,HYPSTAR_121222,E ~ L,20260609T1332,reflectance,35.801,0.0077623,0.0018697,1.872,-0.24662,-0.079667,5
GAIT 121222 post-recal,GAIT,HYPSTAR_121222,E ~ L,20260628T0717,reflectance,53.096,0.0086902,0.00087279,2.1499,0.3514,-0.13468,5
GAIT 121222 post-recal,GAIT,HYPSTAR_121222,E ~ L,20260724T0747,reflectance,50.767,0.006273,0.0026216,2.19,0.60945,-0.15718,5
GAIT 121222 pre-recal,GAIT,HYPSTAR_121222,E ~ L,20230729T0920,reflectance,36.753,0.0073512,0.0010299,2.207,-0.28998,0.074068,5
GAIT 121222 pre-recal,GAIT,HYPSTAR_121222,E ~ L,20230904T1140,reflectance,38.777,0.0083603,0.003337,1.4845,-0.20941,-0.073498,5
GAIT 121222 pre-recal,GAIT,HYPSTAR_121222,E ~ L,20230907T1300,reflectance,45.786,0.01132,0.0013954,1.6786,-0.57226,-0.13851,5
GAIT 121222 pre-recal,GAIT,HYPSTAR_121222,E ~ L,20230908T0840,reflectance,51.772,0.0087205,0.00086088,1.8723,0.084084,-0.091231,5
GAIT 121222 pre-recal,GAIT,HYPSTAR_121222,E ~ L,20231012T1220,reflectance,55.79,0.012253,0.0012358,2.0107,-0.31566,0.0037949,5
GAIT 121222 pre-recal,GAIT,HYPSTAR_121222,E ~ L,20240627T1241,reflectance,27.846,0.0091881,0.0017774,2.1802,0.31338,-0.044484,5
GAIT 121222 pre-recal,GAIT,HYPSTAR_121222,E ~ L,20240730T0830,reflectance,44.632,0.0071776,0.0017485,2.559,-0.089575,-0.0030708,5
GAIT 121222 pre-recal,GAIT,HYPSTAR_121222,E ~ L,20240808T1045,reflectance,30.576,0.0065373,0.0020156,2.0106,0.56583,-0.052677,5
GAIT 121222 pre-recal,GAIT,HYPSTAR_121222,E ~ L,20240811T0830,reflectance,46.883,0.0089694,0.0018556,1.8661,0.72196,-0.1355,5
GAIT 121222 pre-recal,GAIT,HYPSTAR_121222,E ~ L,20240830T0915,reflectance,45.004,0.0098082,0.00069116,1.928,0.3033,0.062646,5
MAFR 121231,MAFR,HYPSTAR_121231,E ~ L,20240724T1231,reflectance_nosc,26.242,0.0054725,0.0017258,1.239,-0.20035,0.022538,5
MAFR 121231,MAFR,HYPSTAR_121231,E ~ L,20240728T1100,reflectance_nosc,30.26,0.0062609,0.00057921,1.2745,-0.20033,0.040967,5
MAFR 121231,MAFR,HYPSTAR_121231,E ~ L,20240805T0946,reflectance_nosc,41.32,0.0070341,0.00081253,1.2606,-0.29239,-0.04355,5
MAFR 121231,MAFR,HYPSTAR_121231,E ~ L,20240811T0900,reflectance_nosc,49.546,0.0060542,0.0017225,1.9932,-0.89183,-0.11787,5
MAFR 121231,MAFR,HYPSTAR_121231,E ~ L,20240907T1230,reflectance_nosc,40.317,0.0047691,0.00083874,1.2346,-0.03604,-0.080553,5
MAFR 121231,MAFR,HYPSTAR_121231,E ~ L,20240909T1000,reflectance_nosc,48.048,0.0066718,0.00076596,1.3775,-0.62825,-0.11253,5
MAFR 121231,MAFR,HYPSTAR_121231,E ~ L,20240915T0845,reflectance_nosc,59.794,0.0057709,0.00091118,1.1976,-1.1089,-0.15958,5
MAFR 121231,MAFR,HYPSTAR_121231,E ~ L,20240919T1245,reflectance_nosc,45.685,0.004818,0.0021805,1.2593,-0.10673,0.032342,5
MAFR 121231,MAFR,HYPSTAR_121231,E ~ L,20241004T1045,reflectance_nosc,52.24,0.0034576,0.0012787,0.93135,-1.5238,0.004359,5
MAFR 121231,MAFR,HYPSTAR_121231,E ~ L,20241013T1215,reflectance_nosc,53.934,0.0082109,0.00047582,1.6216,-0.90781,-0.11123,5
MAFR 121231,MAFR,HYPSTAR_121231,E ~ L,20241022T0900,reflectance_nosc,67.992,0.006294,0.00068629,1.1051,0.27888,-0.025505,5
MAFR 121231,MAFR,HYPSTAR_121231,E ~ L,20241102T1300,reflectance_nosc,62.832,0.0058019,0.0014385,1.1869,0.092077,-0.090092,5
MAFR 121231,MAFR,HYPSTAR_121231,E ~ L,20241216T1045,reflectance_nosc,70.792,0.0063953,0.0013628,1.132,0.1171,-0.06827,5
MAFR 121231,MAFR,HYPSTAR_121231,E ~ L,20241220T1145,reflectance_nosc,69.023,0.0046362,0.0014453,1.2267,-0.70979,0.13743,5
MAFR 121231,MAFR,HYPSTAR_121231,E ~ L,20250114T1215,reflectance_nosc,66.724,0.0045214,0.0012321,1.4412,0.029093,-0.12166,5
MAFR 121231,MAFR,HYPSTAR_121231,E ~ L,20250117T1100,reflectance_nosc,68.146,0.004361,0.0013752,1.266,0.68663,-0.055834,5
MAFR 121231,MAFR,HYPSTAR_121231,E ~ L,20250220T1130,reflectance_nosc,57.184,0.0080899,0.0011357,1.143,0.50559,-0.091833,5
MAFR 121231,MAFR,HYPSTAR_121231,E ~ L,20250221T1145,reflectance_nosc,56.314,0.0055973,0.0012317,1.1542,0.46857,-0.025621,5
MAFR 121231,MAFR,HYPSTAR_121231,E ~ L,20250329T0900,reflectance_nosc,58.383,0.0057212,0.00071883,1.311,-0.43505,-0.13409,5
MAFR 121231,MAFR,HYPSTAR_121231,E ~ L,20250401T1145,reflectance_nosc,41.04,0.0042402,0.00044776,1.2635,0.4321,-0.049809,5
MAFR 121231,MAFR,HYPSTAR_121231,E ~ L,20250602T1215,reflectance_nosc,23.484,0.0055433,0.00043768,1.2516,0.46745,-0.18604,5
MAFR 121231,MAFR,HYPSTAR_121231,E ~ L,20250616T1145,reflectance_nosc,22.467,0.004318,0.0020934,1.2469,0.32901,-0.21604,5
MAFR 121231,MAFR,HYPSTAR_121231,E ~ L,20250820T1000,reflectance_nosc,42.557,0.0072695,0.0018277,1.4884,0.40058,-0.06077,5
MAFR 121231,MAFR,HYPSTAR_121231,E ~ L,20250929T0930,reflectance_nosc,57.487,0.0079384,0.001077,1.3695,-0.096162,-0.11039,5
MAFR 121231,MAFR,HYPSTAR_121231,E ~ L,20251102T1115,reflectance_nosc,60.819,0.0062321,0.0003729,1.081,-0.8205,0.020741,5
MAFR 121231,MAFR,HYPSTAR_121231,E ~ L,20260212T1115,reflectance_nosc,60.707,0.0074743,0.0010711,0.71131,1.2802,0.054267,5
MAFR 121231,MAFR,HYPSTAR_121231,E ~ L,20260319T0930,reflectance_nosc,57.862,0.0048142,0.00050529,1.0401,-0.015913,-0.041504,5
MAFR 121231,MAFR,HYPSTAR_121231,E ~ L,20260319T1015,reflectance_nosc,52.466,0.0037749,0.00067888,1.3162,-0.23262,-0.14873,5
MAFR 121231,MAFR,HYPSTAR_121231,E ~ L,20260330T1245,reflectance_nosc,42.496,0.0056064,0.0013462,1.1108,-0.12919,0.061454,5
MAFR 121231,MAFR,HYPSTAR_121231,E ~ L,20260401T0915,reflectance_nosc,55.168,0.0041686,0.00061345,1.2782,0.87417,-0.091949,5
MAFR 121231,MAFR,HYPSTAR_121231,E ~ L,20260427T0915,reflectance_nosc,46.852,0.0054339,0.0010619,1.1956,0.11979,0.0083715,5
MAFR 121231,MAFR,HYPSTAR_121231,E ~ L,20260507T1015,reflectance_nosc,35.84,0.0063891,0.00022545,1.4587,0.61561,-0.10423,5
MAFR 121231,MAFR,HYPSTAR_121231,E ~ L,20260509T1045,reflectance_nosc,31.973,0.0055125,0.00046213,1.3139,-0.28112,-0.0077052,5
MAFR 122303,MAFR,HYPSTAR_122303,E ~ L,20260522T1215,reflectance_nosc,25.323,0.0091601,0.0016781,1.9243,-0.76521,0.16773,5
MAFR 122303,MAFR,HYPSTAR_122303,E ~ L,20260525T1015,reflectance_nosc,32.458,0.010193,0.0023105,2.1932,-0.24183,0.26491,5
MAFR 122303,MAFR,HYPSTAR_122303,E ~ L,20260527T1115,reflectance_nosc,25.824,0.008544,0.0029251,2.1034,-0.40068,0.068693,5
MAFR 122303,MAFR,HYPSTAR_122303,E ~ L,20260531T1145,reflectance_nosc,23.772,0.009917,0.0020887,1.4746,-0.64679,-0.025136,5
MAFR 122303,MAFR,HYPSTAR_122303,E ~ L,20260613T0930,reflectance_nosc,37.912,0.0087038,0.0008211,2.1418,-0.83438,-0.017257,5
MAFR 122303,MAFR,HYPSTAR_122303,E ~ L,20260613T1100,reflectance_nosc,25.606,0.0084309,0.0017403,1.6483,-0.78651,0.12045,5
MAFR 122303,MAFR,HYPSTAR_122303,E ~ L,20260615T1130,reflectance_nosc,23.17,0.0094854,0.0010947,1.5818,-0.43085,0.024217,5
MAFR 122303,MAFR,HYPSTAR_122303,E ~ L,20260622T1030,reflectance_nosc,29.142,0.0097679,0.00075398,2.5865,-0.71601,0.080016,5
MAFR 122303,MAFR,HYPSTAR_122303,E ~ L,20260704T1130,reflectance_nosc,23.862,0.010215,0.0018638,1.3486,-0.54123,-0.006753,5
MAFR 122303,MAFR,HYPSTAR_122303,E ~ L,20260724T1115,reflectance_nosc,27.989,0.007201,0.0026542,2.009,-0.56192,-0.0026959,5
MAFR 122303,MAFR,HYPSTAR_122303,E ~ L,20260728T1045,reflectance_nosc,31.713,0.0074326,0.0014247,1.7607,-1.2748,-0.029112,5
MAFR 122303,MAFR,HYPSTAR_122303,E ~ L,20260730T1200,reflectance_nosc,27.163,0.0097513,0.0022956,1.9281,-0.71049,-0.11764,5
THFR 122302,THFR,HYPSTAR_122302,narrow-E,20250609T0800,reflectance,49.764,0.011808,0.0062589,2.8045,1.3826,0.53215,5
THFR 122302,THFR,HYPSTAR_122302,narrow-E,20250616T1000,reflectance,29.319,0.010907,0.0077798,2.6806,1.1544,0.52496,5
THFR 122302,THFR,HYPSTAR_122302,narrow-E,20250621T1030,reflectance,25.259,0.01269,0.0074735,2.1226,1.256,0.47034,5
THFR 122302,THFR,HYPSTAR_122302,narrow-E,20250710T1030,reflectance,26.779,0.011332,0.0064339,2.91,1.3441,0.48542,5
THFR 122302,THFR,HYPSTAR_122302,narrow-E,20250731T0830,reflectance,48.787,0.016925,0.0078064,3.0991,1.6805,0.4966,5
THFR 122302,THFR,HYPSTAR_122302,narrow-E,20250804T1000,reflectance,35.022,0.014991,0.0071862,2.6893,1.5184,0.46846,5
THFR 122302,THFR,HYPSTAR_122302,narrow-E,20250806T0800,reflectance,55.062,0.01748,0.0072399,2.5507,2.5512,0.51732,5
THFR 122302,THFR,HYPSTAR_122302,narrow-E,20250807T0830,reflectance,49.941,0.011826,0.0067154,2.416,2.1554,0.52986,5
THFR 122302,THFR,HYPSTAR_122302,narrow-E,20250807T1000,reflectance,35.647,0.013203,0.00674,2.1455,1.4328,0.44473,5
THFR 122302,THFR,HYPSTAR_122302,narrow-E,20250906T1230,reflectance,38.699,0.013183,0.0078469,3.2046,1.5133,0.44963,5
THFR 122302,THFR,HYPSTAR_122302,narrow-E,20250908T0900,reflectance,51.8,0.012891,0.0077061,2.9476,1.4675,0.53396,5
THFR 122302,THFR,HYPSTAR_122302,narrow-E,20250927T0915,reflectance,54.919,0.011249,0.0081077,3.5243,1.6857,0.49799,5
THFR 122302,THFR,HYPSTAR_122302,narrow-E,20251003T1130,reflectance,47.586,0.015792,0.0068673,1.744,1.6162,0.37757,5
THFR 122302,THFR,HYPSTAR_122302,narrow-E,20251011T0945,reflectance,55.91,0.011586,0.0075077,3.9732,1.1976,0.44365,5
THFR 122302,THFR,HYPSTAR_122302,narrow-E,20251118T1215,reflectance,63.658,0.015269,0.0097287,3.1215,1.5653,0.47006,5
THFR 122302,THFR,HYPSTAR_122302,narrow-E,20251129T0900,reflectance,73.651,0.01397,0.0074545,3.216,1.389,0.43509,5
THFR 122302,THFR,HYPSTAR_122302,narrow-E,20251229T1200,reflectance,66.679,0.012529,0.0086601,3.3389,1.4668,0.48189,5
THFR 122302,THFR,HYPSTAR_122302,narrow-E,20260128T0915,reflectance,71.753,0.011155,0.0077689,2.2484,1.2526,0.47505,5
THFR 122302,THFR,HYPSTAR_122302,narrow-E,20260215T1315,reflectance,58.713,0.013602,0.0055184,2.4266,1.2511,0.44931,5
THFR 122302,THFR,HYPSTAR_122302,narrow-E,20260301T0930,reflectance,60.651,0.015288,0.0075842,2.2026,1.6765,0.4791,5
THFR 122302,THFR,HYPSTAR_122302,narrow-E,20260301T1045,reflectance,53.368,0.013512,0.0074303,2.6529,1.4923,0.38302,5
THFR 122302,THFR,HYPSTAR_122302,narrow-E,20260408T1130,reflectance,36.268,0.011673,0.0063289,3.6324,1.3585,0.49272,5
THFR 122302,THFR,HYPSTAR_122302,narrow-E,20260415T0745,reflectance,61.32,0.014223,0.0088271,3.2159,2.0297,0.43907,5
THFR 122302,THFR,HYPSTAR_122302,narrow-E,20260427T0930,reflectance,40.681,0.012378,0.0071674,4.0144,1.195,0.49287,5
THFR 122302,THFR,HYPSTAR_122302,narrow-E,20260511T0715,reflectance,60.586,0.013034,0.0092542,3.8461,1.2195,0.81966,5
THFR 122302,THFR,HYPSTAR_122302,narrow-E,20260513T0815,reflectance,49.484,0.01713,0.0091349,1.9338,1.5597,0.42336,5
THFR 122302,THFR,HYPSTAR_122302,narrow-E,20260529T0900,reflectance,39.682,0.012564,0.0076353,3.923,1.2434,0.455,5
THFR 122302,THFR,HYPSTAR_122302,narrow-E,20260624T0730,reflectance,55.499,0.012303,0.007437,3.0752,1.5384,0.35394,5
THFR 122302,THFR,HYPSTAR_122302,narrow-E,20260708T0730,reflectance,56.566,0.015193,0.0079447,2.5018,1.7605,0.43992,5
THFR 122302,THFR,HYPSTAR_122302,narrow-E,20260714T1245,reflectance,24.704,0.011822,0.0079964,2.4703,1.2895,0.45873,5
VEIT 122304 post-recal,VEIT,HYPSTAR_122304,narrow-E,20250812T0630,reflectance,65.979,0.024268,0.0076629,3.6014,0.93842,0.22195,5
VEIT 122304 post-recal,VEIT,HYPSTAR_122304,narrow-E,20250825T1015,reflectance,36.655,0.010889,0.0074735,3.8307,0.82546,0.39209,5
VEIT 122304 post-recal,VEIT,HYPSTAR_122304,narrow-E,20250828T0815,reflectance,51.604,0.017569,0.0078773,2.843,1.0634,0.21679,5
VEIT 122304 post-recal,VEIT,HYPSTAR_122304,narrow-E,20250905T1100,reflectance,38.707,0.027011,0.010337,4.2902,1.0518,0.51074,5
VEIT 122304 post-recal,VEIT,HYPSTAR_122304,narrow-E,20250908T1415,reflectance,57.193,0.024988,0.0072739,1.73,0.68737,0.31522,5
VEIT 122304 post-recal,VEIT,HYPSTAR_122304,narrow-E,20250913T0645,reflectance,69.754,0.01494,0.0078366,3.5211,0.82239,0.27771,5
VEIT 122304 post-recal,VEIT,HYPSTAR_122304,narrow-E,20251002T1030,reflectance,49.431,0.016316,0.0067804,5.8947,0.72807,0.51367,5
VEIT 122304 post-recal,VEIT,HYPSTAR_122304,narrow-E,20251007T1400,reflectance,65.503,0.016196,0.0088005,4.4837,0.8326,0.43593,5
VEIT 122304 post-recal,VEIT,HYPSTAR_122304,narrow-E,20251008T1215,reflectance,54.384,0.012852,0.010453,5.2989,0.79536,0.36226,5
VEIT 122304 post-recal,VEIT,HYPSTAR_122304,narrow-E,20251109T1330,reflectance,71.884,0.013545,0.0077147,2.8579,0.91133,0.36255,5
VEIT 122304 post-recal,VEIT,HYPSTAR_122304,narrow-E,20251221T1215,reflectance,70.479,0.011654,0.0054618,4.2067,0.99971,0.32952,5
VEIT 122304 post-recal,VEIT,HYPSTAR_122304,narrow-E,20260111T1000,reflectance,69.227,0.015869,0.0082346,4.8768,0.95078,0.4329,5
VEIT 122304 post-recal,VEIT,HYPSTAR_122304,narrow-E,20260121T0930,reflectance,69.7,0.016152,0.0062606,5.1712,0.85822,0.47588,5
VEIT 122304 post-recal,VEIT,HYPSTAR_122304,narrow-E,20260201T1030,reflectance,63.406,0.010304,0.009556,4.2036,0.8212,0.35881,5
VEIT 122304 post-recal,VEIT,HYPSTAR_122304,narrow-E,20260215T1100,reflectance,58.094,0.026026,0.0069003,6.8674,0.86133,0.37169,5
VEIT 122304 post-recal,VEIT,HYPSTAR_122304,narrow-E,20260305T1345,reflectance,60.654,0.0096074,0.0079826,2.7781,1.122,0.37273,5
VEIT 122304 post-recal,VEIT,HYPSTAR_122304,narrow-E,20260321T1300,reflectance,50.537,0.010368,0.0053923,3.3407,0.87927,0.38609,5
VEIT 122304 post-recal,VEIT,HYPSTAR_122304,narrow-E,20260325T0745,reflectance,62.997,0.011836,0.0083877,3.563,0.8705,0.4957,5
VEIT 122304 post-recal,VEIT,HYPSTAR_122304,narrow-E,20260404T0930,reflectance,45.206,0.0085877,0.0088249,3.9336,0.79189,0.40632,5
VEIT 122304 post-recal,VEIT,HYPSTAR_122304,narrow-E,20260406T1030,reflectance,39.74,0.0096063,0.0067161,3.3388,1.0462,0.39386,5
VEIT 122304 post-recal,VEIT,HYPSTAR_122304,narrow-E,20260424T0715,reflectance,58.36,0.011684,0.0077795,4.0373,0.96679,0.43655,5
VEIT 122304 post-recal,VEIT,HYPSTAR_122304,narrow-E,20260502T0645,reflectance,61.572,0.02689,0.0085455,7.2634,0.89722,0.33221,5
VEIT 122304 post-recal,VEIT,HYPSTAR_122304,narrow-E,20260524T1230,reflectance,30.092,0.018134,0.010634,4.0742,0.9806,0.39027,5
VEIT 122304 post-recal,VEIT,HYPSTAR_122304,narrow-E,20260530T0800,reflectance,44.383,0.013763,0.006002,4.4089,1.06,0.36825,5
VEIT 122304 post-recal,VEIT,HYPSTAR_122304,narrow-E,20260619T1430,reflectance,45.881,0.033297,0.0092035,4.093,1.0074,0.26665,5
VEIT 122304 post-recal,VEIT,HYPSTAR_122304,narrow-E,20260620T0630,reflectance,59.654,0.033777,0.0076764,4.2763,1.0228,0.23424,5
VEIT 122304 post-recal,VEIT,HYPSTAR_122304,narrow-E,20260622T1030,reflectance,23.33,0.031943,0.0062137,4.9603,1.1825,0.46882,5
VEIT 122304 post-recal,VEIT,HYPSTAR_122304,narrow-E,20260701T0630,reflectance,60.278,0.031161,0.0066135,3.3226,1.0286,0.17459,5
VEIT 122304 post-recal,VEIT,HYPSTAR_122304,narrow-E,20260705T0700,reflectance,55.35,0.032342,0.0069265,4.7943,1.216,0.43931,5
VEIT 122304 post-recal,VEIT,HYPSTAR_122304,narrow-E,20260712T0845,reflectance,38.206,0.014231,0.010589,3.4796,0.89761,0.36242,5
VEIT 122304 pre-recal,VEIT,HYPSTAR_122304,narrow-E,20230424T0900,reflectance,42.059,0.010818,0.0059883,2.6017,0.84628,0.28625,5
VEIT 122304 pre-recal,VEIT,HYPSTAR_122304,narrow-E,20230428T0740,reflectance,53.178,0.012328,0.0073887,3.1063,0.94545,0.26956,5
VEIT 122304 pre-recal,VEIT,HYPSTAR_122304,narrow-E,20230508T1540,reflectance,63.14,0.015582,0.0083566,3.4227,1.2309,0.10262,5
VEIT 122304 pre-recal,VEIT,HYPSTAR_122304,narrow-E,20230522T0840,reflectance,38.744,0.021228,0.0077098,4.6403,1.0824,0.26957,5
VEIT 122304 pre-recal,VEIT,HYPSTAR_122304,narrow-E,20230523T0640,reflectance,58.929,0.021391,0.0070025,4.1951,1.2225,0.28245,5
VEIT 122304 pre-recal,VEIT,HYPSTAR_122304,narrow-E,20230601T1000,reflectance,26.863,0.033801,0.0082826,5.7058,1.1291,0.25088,5
VEIT 122304 pre-recal,VEIT,HYPSTAR_122304,narrow-E,20230604T1020,reflectance,24.744,0.037346,0.0082716,5.2143,1.1931,0.38456,5
VEIT 122304 pre-recal,VEIT,HYPSTAR_122304,narrow-E,20230607T0620,reflectance,61.37,0.021734,0.0071649,5.5651,1.1962,0.24235,5
VEIT 122304 pre-recal,VEIT,HYPSTAR_122304,narrow-E,20230610T0600,reflectance,64.784,0.025102,0.0070995,3.1192,1.1109,0.32777,5
VEIT 122304 pre-recal,VEIT,HYPSTAR_122304,narrow-E,20230626T1420,reflectance,43.96,0.032477,0.0076456,3.7137,1.0574,0.38737,5
VEIT 122304 pre-recal,VEIT,HYPSTAR_122304,narrow-E,20231014T1220,reflectance,56.834,0.018662,0.0092942,3.5991,1.2137,0.26691,5
VEIT 122304 pre-recal,VEIT,HYPSTAR_122304,narrow-E,20231016T1420,reflectance,71.246,0.017802,0.0068579,2.8087,1.2145,0.33853,5
VEIT 122304 pre-recal,VEIT,HYPSTAR_122304,narrow-E,20231022T0940,reflectance,58.632,0.018055,0.009588,6.656,1.0234,0.32956,5
VEIT 122304 pre-recal,VEIT,HYPSTAR_122304,narrow-E,20231031T0900,reflectance,64.492,0.011275,0.0067804,3.0843,1.0186,0.34865,5
VEIT 122304 pre-recal,VEIT,HYPSTAR_122304,narrow-E,20231113T0920,reflectance,66.581,0.012172,0.0083155,3.3242,1.1873,0.36398,5
VEIT 122304 pre-recal,VEIT,HYPSTAR_122304,narrow-E,20231125T1040,reflectance,66.1,0.010786,0.0067125,3.6176,0.90031,0.34672,5
VEIT 122304 pre-recal,VEIT,HYPSTAR_122304,narrow-E,20231207T1300,reflectance,73.231,0.011813,0.007767,5.698,0.93791,0.32818,5
VEIT 122304 pre-recal,VEIT,HYPSTAR_122304,narrow-E,20231211T0940,reflectance,70.697,0.010228,0.0087257,2.3606,1.0055,0.31168,5
VEIT 122304 pre-recal,VEIT,HYPSTAR_122304,narrow-E,20240123T1340,reflectance,72.176,0.014935,0.0089106,5.0385,0.82251,0.31037,5
VEIT 122304 pre-recal,VEIT,HYPSTAR_122304,narrow-E,20240129T1400,reflectance,72.808,0.014207,0.007961,5.0298,1.1231,0.32682,5
VEIT 122304 pre-recal,VEIT,HYPSTAR_122304,narrow-E,20240202T1320,reflectance,67.71,0.013091,0.0072693,3.9488,1.0698,0.58728,5
VEIT 122304 pre-recal,VEIT,HYPSTAR_122304,narrow-E,20240213T1020,reflectance,60.396,0.021957,0.0069385,5.7297,1.0331,0.35,5
VEIT 122304 pre-recal,VEIT,HYPSTAR_122304,narrow-E,20240224T1120,reflectance,54.846,0.0094484,0.0075057,2.3065,1.0268,0.32648,5
VEIT 122304 pre-recal,VEIT,HYPSTAR_122304,narrow-E,20240225T1500,reflectance,73.223,0.008586,0.0078516,3.8296,1.233,0.32598,5
VEIT 122304 pre-recal,VEIT,HYPSTAR_122304,narrow-E,20240320T0720,reflectance,68.55,0.0083078,0.0074176,2.9544,0.88739,0.32375,5
VEIT 122304 pre-recal,VEIT,HYPSTAR_122304,narrow-E,20240321T0720,reflectance,68.197,0.011374,0.0071245,3.2922,1.0328,0.28945,5
VEIT 122304 pre-recal,VEIT,HYPSTAR_122304,narrow-E,20240321T1120,reflectance,44.783,0.012081,0.0057358,2.8027,0.98674,0.23746,5
VEIT 122304 pre-recal,VEIT,HYPSTAR_122304,narrow-E,20240322T1320,reflectance,52.22,0.011812,0.0091727,3.8512,0.92876,0.27091,5
VEIT 122304 pre-recal,VEIT,HYPSTAR_122304,narrow-E,20240518T0700,reflectance,55.952,0.0086926,0.0069445,2.6631,1.0216,0.40091,5
VEIT 122304 pre-recal,VEIT,HYPSTAR_122304,narrow-E,20240528T1340,reflectance,39.452,0.011816,0.0068734,2.0621,1.268,0.3735,5
VEIT 122305,VEIT,HYPSTAR_122305,E ~ L,20240622T1245,reflectance,29.145,0.0082263,0.0018946,2.1645,-0.16876,-0.074022,5
VEIT 122305,VEIT,HYPSTAR_122305,E ~ L,20240715T1245,reflectance,30.33,0.023806,0.0021164,3.5801,-0.14233,-0.081189,5
VEIT 122305,VEIT,HYPSTAR_122305,E ~ L,20240721T1400,reflectance,42.148,0.021971,0.0019247,2.0843,-0.21839,-0.033419,5
VEIT 122305,VEIT,HYPSTAR_122305,E ~ L,20240731T0615,reflectance,66.623,0.027473,0.00053082,2.8953,4.1558,-0.010753,5
VEIT 122305,VEIT,HYPSTAR_122305,E ~ L,20240826T1145,reflectance,35.977,0.018185,0.0013115,1.7882,1.0839,-0.083133,5
VEIT 122305,VEIT,HYPSTAR_122305,E ~ L,20240828T1600,reflectance,71.21,0.014563,0.00060872,1.1633,-2.2997,0.028052,5
VEIT 122305,VEIT,HYPSTAR_122305,E ~ L,20240831T1215,reflectance,39.673,0.017919,0.0023633,2.4672,-0.22374,-0.11167,5
VEIT 122305,VEIT,HYPSTAR_122305,E ~ L,20240902T0830,reflectance,50.652,0.01248,0.00096665,2.3167,-0.20454,-0.092817,5
VEIT 122305,VEIT,HYPSTAR_122305,E ~ L,20240904T1430,reflectance,58.251,0.013482,0.0017816,1.4748,0.26368,-0.1078,5
VEIT 122305,VEIT,HYPSTAR_122305,E ~ L,20240921T1445,reflectance,66.581,0.026205,0.0010516,2.8416,-0.18238,-0.10906,5
VEIT 122305,VEIT,HYPSTAR_122305,E ~ L,20241012T1245,reflectance,58.526,0.0074713,0.0024472,3.6039,0.67204,-0.15568,5
VEIT 122305,VEIT,HYPSTAR_122305,E ~ L,20241021T0815,reflectance,66.433,0.012627,0.0019613,2.6362,-0.6827,0.048701,5
VEIT 122305,VEIT,HYPSTAR_122305,E ~ L,20241030T0745,reflectance,72.677,0.0073516,0.0014397,1.7035,-0.30543,-0.10548,5
VEIT 122305,VEIT,HYPSTAR_122305,E ~ L,20241106T1245,reflectance,66.66,0.0094472,0.0015103,2.2107,-0.2873,-0.26518,5
VEIT 122305,VEIT,HYPSTAR_122305,E ~ L,20241224T1045,reflectance,68.869,0.0071702,0.00065294,2.6936,1.4252,-0.3766,5
VEIT 122305,VEIT,HYPSTAR_122305,E ~ L,20250112T1245,reflectance,69.807,0.012692,0.0028502,2.4052,-0.46343,-0.16775,5
VEIT 122305,VEIT,HYPSTAR_122305,E ~ L,20250217T1245,reflectance,60.088,0.012043,0.00094806,3.5766,-0.23949,-0.23969,5
VEIT 122305,VEIT,HYPSTAR_122305,E ~ L,20250221T1415,reflectance,67.939,0.020759,0.00165,2.6576,-0.19781,-0.23769,5
VEIT 122305,VEIT,HYPSTAR_122305,E ~ L,20250222T0930,reflectance,60.721,0.016781,0.0015713,2.0183,0.02413,-0.32711,5
VEIT 122305,VEIT,HYPSTAR_122305,E ~ L,20250227T1000,reflectance,56.437,0.023817,0.0027217,1.964,-0.22882,-0.22902,5
VEIT 122305,VEIT,HYPSTAR_122305,E ~ L,20250307T0745,reflectance,69.258,0.012714,0.0017877,2.9088,-0.7961,-0.18225,5
VEIT 122305,VEIT,HYPSTAR_122305,E ~ L,20250316T1115,reflectance,46.844,0.0221,0.00067596,3.029,-0.18364,-0.28568,5
VEIT 122305,VEIT,HYPSTAR_122305,E ~ L,20250407T1345,reflectance,50.837,0.009107,0.00074583,2.0224,3.4069,-0.20865,5
VEIT 122305,VEIT,HYPSTAR_122305,E ~ L,20250427T1015,reflectance,33.09,0.0099081,0.0012207,1.8464,-0.25066,-0.1405,5
VEIT 122305,VEIT,HYPSTAR_122305,E ~ L,20250428T0600,reflectance,70.314,0.0097046,0.0019931,2.3437,0.37038,-0.13848,5
VEIT 122305,VEIT,HYPSTAR_122305,E ~ L,20250502T1100,reflectance,29.798,0.008392,0.0006497,2.5247,-0.37526,-0.16446,5
VEIT 122305,VEIT,HYPSTAR_122305,E ~ L,20250502T1315,reflectance,40.379,0.0070396,0.0015943,1.652,-0.12251,-0.19599,5
VEIT 122305,VEIT,HYPSTAR_122305,E ~ L,20250517T0630,reflectance,61.368,0.0060832,0.0020305,2.6901,0.48584,-0.29154,5
VEIT 122305,VEIT,HYPSTAR_122305,E ~ L,20250613T0615,reflectance,62.124,0.015165,0.0010275,2.1738,0.31442,-0.085219,5
VEIT 122305,VEIT,HYPSTAR_122305,E ~ L,20250622T0745,reflectance,46.592,0.0056878,0.0011912,1.4821,-0.39175,-0.10883,5
