channel,name,lam_air,blend,use_for_srf,n_ok,mu_scan_std,mu_scan_err_med,mu_ratio,mu_mean,mu_mean_err_fit,mu_mean_err_scan,fwhm_scan_std,fwhm_scan_err_med,fwhm_ratio,fwhm_mean,fwhm_mean_err_fit,fwhm_mean_err_scan,depth_scan_std,depth_scan_err_med,depth_ratio,depth_mean,depth_mean_err_fit,depth_mean_err_scan,chi2_nu_scan_med,sigma_mean,sigma_mean_err
E,Ca K,393.366,True,True,6,0.01659088,0.02127691,0.7797601,393.5704,0.008877699,0.0067732,0.04764924,0.06240619,0.7635338,2.673431,0.02586449,0.01945272,0.003283121,0.004168667,0.7875709,0.3785269,0.001702143,0.001340329,3.179092,1.135302,0.01098364
E,Ca H,396.847,True,True,6,0.006083128,0.02370309,0.2566386,396.8156,0.009813427,0.002483426,0.05786942,0.0646308,0.8953846,2.766997,0.0262847,0.02362509,0.004320792,0.003879225,1.113829,0.3280097,0.001585455,0.001763956,3.179092,1.175036,0.01116209
E,G band,430.79,True,True,6,0.02366784,0.01695443,1.395968,430.3093,0.006904928,0.009662357,0.05069334,0.05546171,0.9140242,2.493444,0.02256828,0.02069547,0.003145991,0.002104974,1.494551,0.1815077,0.0008563696,0.001284345,16.15133,1.058868,0.009583867
E,H beta,486.133,False,True,6,0.03252168,0.03076097,1.057238,486.3297,0.01250994,0.01327692,0.1212986,0.1004435,1.20763,2.97527,0.04057279,0.04951994,0.001715644,0.002646146,0.6483557,0.1190512,0.001080524,0.0007004088,1.476854,1.263481,0.01722968
E,Mg b,517.27,True,True,6,0.04342436,0.03482498,1.246931,517.5125,0.01437092,0.01772792,0.2178865,0.1172431,1.858416,3.05894,0.04828619,0.0889518,0.002693782,0.002292112,1.17524,0.09480836,0.000931458,0.001099732,1.287647,1.299012,0.02050526
E,Na D,589.29,True,True,6,0.05366669,0.04120966,1.302284,589.3519,0.01699049,0.02190933,0.09224567,0.1071821,0.8606445,2.662645,0.04383267,0.03765914,0.001907046,0.002548702,0.7482422,0.07962498,0.001038516,0.0007785483,1.389552,1.130721,0.01861402
E,H alpha,656.281,False,True,6,0.02748852,0.03604002,0.7627221,656.2613,0.01475097,0.01122214,0.06169434,0.09995422,0.617226,2.77225,0.040748,0.02518661,0.004315538,0.002982552,1.446928,0.1123164,0.001215185,0.001761811,1.372273,1.177266,0.01730408
E,O2 B,687,True,False,6,0.02135708,0.02301433,0.9279904,687.5878,0.009439626,0.00871899,0.08864958,0.06893214,1.286041,3.100434,0.02865351,0.03619104,0.0006620096,0.002073666,0.319246,0.1448891,0.0008509348,0.0002702643,4.365738,1.316633,0.01216802
E,O2 A,760.6,True,False,6,0.007981242,0.005921381,1.347868,760.9245,0.002423778,0.003258328,0.02837788,0.01944099,1.459693,3.403175,0.007951873,0.01158522,0.002152494,0.001277476,1.684958,0.5103619,0.0005229236,0.0008787518,168.9276,1.445195,0.003376849
E,Ca II 849.8,849.802,False,True,6,0.05510509,0.07197573,0.7656065,850.1745,0.0294639,0.02249656,0.1555626,0.1705317,0.912221,2.681601,0.06925153,0.06350817,0.00233942,0.00298585,0.7835024,0.05343853,0.001217088,0.0009550644,1.787381,1.138771,0.02940842
E,Ca II 854.2,854.209,False,True,6,0.02234159,0.03375448,0.661885,854.3101,0.01388413,0.009120915,0.04327685,0.1138782,0.3800275,2.798568,0.04712606,0.0176677,0.002343942,0.002975698,0.7876948,0.1224746,0.00121442,0.0009569101,1.787381,1.188442,0.02001259
E,Ca II 866.2,866.214,False,True,6,0.03040968,0.0383261,0.7934458,866.4602,0.0154629,0.0124147,0.1276821,0.1149111,1.111138,2.689294,0.04627193,0.05212598,0.003733481,0.00269737,1.384119,0.09101022,0.001099876,0.001524187,1.843299,1.142038,0.01964988
E,H2O,936.5,True,False,6,0.1145835,0.06767734,1.693084,935.7051,0.02786329,0.0467785,0.353915,0.3802709,0.9306917,6.032957,0.1575998,0.1444852,0.02129346,0.01749749,1.216944,0.4896509,0.007219163,0.00869302,31.09601,2.561961,0.06692647
Ld,Ca K,393.366,True,True,6,0.02081794,0.02360044,0.8820995,393.7018,0.009561902,0.008498887,0.06958516,0.05577263,1.247658,3.078577,0.0225923,0.02840802,0.001489773,0.003045191,0.4892214,0.3257348,0.001237861,0.0006081971,5.200646,1.307351,0.009594065
Ld,Ca H,396.847,True,True,6,0.02480015,0.02675805,0.9268295,396.8756,0.01089936,0.01012462,0.038013,0.0574384,0.6618046,3.015235,0.02351531,0.01551874,0.002227125,0.002467758,0.9024894,0.2730332,0.0009928127,0.00090922,5.200646,1.280453,0.009986035
Ld,G band,430.79,True,True,6,0.0080959,0.02339599,0.3460379,430.3263,0.009251618,0.003305137,0.09768541,0.08180647,1.194104,3.081638,0.03219829,0.0398799,0.001203114,0.002452942,0.490478,0.1517777,0.0009842294,0.0004911694,2.748421,1.308651,0.01367335
Ld,H beta,486.133,False,True,6,0.01898286,0.03663704,0.518133,486.4051,0.01499389,0.007749719,0.1616425,0.1222399,1.322339,3.464481,0.05059976,0.06599028,0.001792918,0.002405692,0.7452814,0.1083866,0.0009971312,0.0007319555,1.361353,1.47123,0.02148774
Ld,Mg b,517.27,True,True,6,0.02948108,0.05323786,0.5537616,517.5409,0.02191113,0.0120356,0.1495102,0.1760644,0.849179,3.52107,0.0733864,0.06103727,0.002882687,0.002683419,1.074259,0.08537517,0.001106145,0.001176852,1.333923,1.495261,0.03116433
Ld,Na D,589.29,True,True,6,0.06392796,0.05097455,1.254115,589.3299,0.02137625,0.02609848,0.06261162,0.1479728,0.4231293,3.130856,0.06173606,0.02556109,0.002610117,0.002671008,0.9772031,0.07361489,0.001090574,0.001065576,1.185601,1.329552,0.02621689
Ld,H alpha,656.281,False,True,6,0.04647895,0.03432989,1.353891,656.2988,0.01391067,0.01897495,0.06283309,0.1052736,0.5968553,2.931259,0.04248885,0.0256515,0.001274091,0.002260936,0.5635238,0.1002568,0.000914536,0.0005201456,1.165269,1.244791,0.01804335
Ld,O2 B,687,True,False,6,0.0269917,0.02998549,0.9001587,687.6143,0.01225148,0.01101932,0.1335608,0.1156278,1.155092,3.176659,0.04668971,0.05452596,0.00312695,0.00333713,0.9370177,0.139727,0.001336523,0.001276572,2.050939,1.349003,0.01982729
Ld,O2 A,760.6,True,False,6,0.01043633,0.007650642,1.364112,761.0163,0.00310521,0.004260615,0.02440474,0.03588837,0.6800181,3.74196,0.014558,0.009963193,0.001977001,0.002210889,0.8942112,0.5195347,0.0008980359,0.0008071074,59.47754,1.589064,0.006182211
Ld,Ca II 849.8,849.802,False,True,6,0.08412285,0.1142693,0.7361809,850.2414,0.04554981,0.03434301,0.2731086,0.3127048,0.8733752,2.769183,0.1233435,0.1114961,0.001156917,0.004832615,0.2393978,0.05763292,0.001944707,0.0004723096,1.578117,1.175964,0.05237915
Ld,Ca II 854.2,854.209,False,True,6,0.04989885,0.05578175,0.8945371,854.355,0.02224633,0.02037112,0.09915517,0.2075332,0.4777798,2.9038,0.0832676,0.04047993,0.004902839,0.005420047,0.904575,0.12106,0.002181049,0.002001575,1.578117,1.23313,0.03536049
Ld,Ca II 866.2,866.214,False,True,6,0.07989759,0.07840044,1.019096,866.4659,0.03186449,0.03261805,0.1093283,0.2597279,0.4209338,2.853078,0.1036376,0.04463307,0.002518556,0.005218421,0.4826281,0.08530641,0.002102587,0.001028196,1.039014,1.211591,0.04401084
Ld,H2O,936.5,True,False,0,,,,,,,,,,,,,,,,,,,,,
Lu,Ca K,393.366,True,True,6,0.06220273,0.06237904,0.9971735,393.6496,0.02639583,0.02539416,0.1351582,0.1286647,1.050468,2.994111,0.05361386,0.05517812,0.01061386,0.007383154,1.437577,0.3148924,0.002905013,0.004333088,1.644572,1.271482,0.02276771
Lu,Ca H,396.847,True,True,6,0.1026066,0.07926194,1.294525,396.8224,0.03314672,0.04188896,0.2053969,0.1987968,1.033201,3.345419,0.08154211,0.08385294,0.005316577,0.005952165,0.8932174,0.2742895,0.002456416,0.002170484,1.644572,1.420668,0.03462774
Lu,G band,430.79,True,True,6,0.03733463,0.04036816,0.9248534,430.3249,0.01655104,0.0152418,0.1431691,0.137953,1.03781,3.236585,0.05678146,0.05844854,0.003561282,0.004061987,0.876734,0.1500948,0.001658172,0.001453887,2.198401,1.374451,0.02411287
Lu,H beta,486.133,False,True,6,0.03344416,0.05097754,0.6560567,486.3533,0.0213095,0.01365352,0.1876235,0.172741,1.086155,3.38429,0.07341253,0.07659696,0.003989247,0.003763432,1.060002,0.1046586,0.001534586,0.001628603,1.204393,1.437176,0.03117543
Lu,Mg b,517.27,True,True,6,0.01485207,0.06185019,0.2401297,517.4888,0.02509638,0.00606333,0.2600438,0.2126353,1.222957,3.604217,0.08636336,0.1061624,0.004956697,0.003520436,1.407978,0.08887764,0.001409728,0.002023563,1.975984,1.53057,0.03667514
Lu,Na D,589.29,True,True,6,0.02806221,0.05968204,0.4701952,589.3629,0.02387671,0.01145635,0.2477935,0.2036809,1.216577,3.094549,0.08155915,0.1011613,0.002966068,0.00297042,0.9985351,0.0804849,0.001206649,0.001210892,1.083936,1.314134,0.03463498
Lu,H alpha,656.281,False,True,6,0.04919278,0.06716373,0.7324308,656.3045,0.02704115,0.02008287,0.1895926,0.2168796,0.8741837,3.081007,0.08738388,0.07740086,0.00285553,0.003821363,0.7472543,0.1006202,0.001547985,0.001165765,1.210245,1.308383,0.03710852
Lu,O2 B,687,True,False,6,0.1082424,0.08871288,1.220143,687.6788,0.0357272,0.04418977,0.1834704,0.2639329,0.6951403,3.073949,0.1069335,0.07490149,0.009881611,0.006202776,1.593095,0.1145749,0.002597801,0.004034151,1.590265,1.305386,0.04541046
Lu,O2 A,760.6,True,False,6,0.01960569,0.03061976,0.6402953,761.0392,0.01202515,0.008003988,0.0788796,0.09496325,0.8306329,3.283775,0.03701461,0.03220246,0.01520938,0.009056253,1.679434,0.5373968,0.003645391,0.006209205,4.779701,1.394491,0.01571866
Lu,Ca II 849.8,849.802,False,True,6,1.166131,0.2931672,3.9777,850.3757,0.1622916,0.4760711,1.686287,0.7356033,2.292386,2.686788,0.4207377,0.6884238,0.008738619,0.01203822,0.7259064,0.03419621,0.003882214,0.003567526,0.9087446,1.140974,0.1786708
Lu,Ca II 854.2,854.209,False,True,6,0.2879293,0.1610534,1.787787,854.4345,0.06474836,0.1175466,0.5102287,0.5204945,0.9802767,2.693615,0.1994429,0.2083,0.01158085,0.01110272,1.043064,0.09649093,0.004410788,0.004727861,0.9087446,1.143873,0.08469562
Lu,Ca II 866.2,866.214,False,True,6,0.1011671,0.240823,0.4200888,866.4351,0.09322271,0.04130128,0.9879353,0.8202703,1.204402,2.613104,0.3001565,0.4033229,0.01225023,0.01630052,0.7515238,0.07975584,0.005442355,0.005001135,1.174626,1.109683,0.1274647
Lu,H2O,936.5,True,False,6,0.2519695,0.3571129,0.7055737,936.3079,0.1619475,0.1028661,0.8700422,1.409768,0.6171526,4.188581,0.7373586,0.3551932,0.04371627,0.05959855,0.7335124,0.3274137,0.02904223,0.01784709,1.356928,1.778727,0.3131274
