instrument,veil_fit,n,slope_fwhm_600,slope_fwhm_600_err,slope_fwhm_450,slope_fwhm_450_err,slope_veil_blue_median,slope_veil_blue_median_err
HYPSTAR_120242,False,9,-0.4598,0.4730,-0.1044,0.2023,,
HYPSTAR_120242,True,9,0.1077,0.4841,0.0329,0.2228,0.0596,0.2071
HYPSTAR_121222,False,20,-0.6457,0.2989,-0.3244,0.1314,,
HYPSTAR_121222,True,20,-0.1643,0.5273,-0.1839,0.2011,-0.0893,0.1562
HYPSTAR_121231,False,33,-0.3175,0.1131,-0.1400,0.0479,,
HYPSTAR_121231,True,33,-0.1840,0.1884,-0.1037,0.0666,-0.0508,0.0571
HYPSTAR_122302,False,60,-0.1778,0.0800,-0.0647,0.0340,,
HYPSTAR_122302,True,60,0.0049,0.0949,-0.0293,0.0445,-0.0376,0.0397
HYPSTAR_122303,False,12,-0.3062,0.1637,-0.1505,0.0646,,
HYPSTAR_122303,True,12,-0.0998,0.1975,-0.0986,0.0812,-0.0262,0.0575
HYPSTAR_122304,False,60,-0.2637,0.0643,-0.1275,0.0308,,
HYPSTAR_122304,True,60,-0.1511,0.1036,-0.0936,0.0462,-0.0678,0.0391
HYPSTAR_122305,False,30,-0.3710,0.1230,-0.1727,0.0705,,
HYPSTAR_122305,True,30,0.1542,0.1928,-0.0591,0.0853,-0.2100,0.0690
