group_by,group,n,sites,rms_rho_rel_median,rms_rho_rel_q25,rms_rho_rel_q75,rms_H2_median,rms_H2_q25,rms_H2_q75,rho2_excess_median,rho2_excess_q25,rho2_excess_q75,alpha2_median,alpha2_q25,alpha2_q75,fwhm_L_minus_E_median,fwhm_L_minus_E_q25,fwhm_L_minus_E_q75
cls,E ~ L,95,"GAIT,MAFR,VEIT",0.007938,0.006079,0.01005,0.001312,0.0008246,0.001808,1.866,1.295,2.209,-0.2004,-0.4492,0.3083,-0.08055,-0.1344,-0.009229
cls,narrow-E,129,"BEFR,GAIT,THFR,VEIT",0.0136,0.01181,0.01653,0.007566,0.006858,0.008272,3.084,2.361,3.923,1.187,0.9867,1.442,0.4234,0.3467,0.4736
system_id,HYPSTAR_120242,9,GAIT,0.01328,0.01261,0.01382,0.006757,0.006678,0.007413,3.446,2.96,3.744,1.022,0.9435,1.136,0.4378,0.3543,0.4599
system_id,HYPSTAR_121222,20,GAIT,0.008512,0.006891,0.009343,0.001354,0.0008828,0.001797,2.131,1.872,2.531,-0.1495,-0.343,0.3229,-0.06112,-0.09896,-0.0373
system_id,HYPSTAR_121231,33,MAFR,0.005606,0.004769,0.006389,0.001062,0.0006134,0.001363,1.252,1.154,1.314,-0.03604,-0.2924,0.4006,-0.06077,-0.1112,0.004359
system_id,HYPSTAR_122302,60,"BEFR,THFR",0.01348,0.01236,0.01533,0.00761,0.00686,0.008124,2.39,2.08,2.926,1.475,1.314,1.763,0.4683,0.4397,0.4966
system_id,HYPSTAR_122303,12,MAFR,0.009323,0.008516,0.009805,0.001802,0.001342,0.002299,1.926,1.632,2.113,-0.6786,-0.7705,-0.5136,0.01076,-0.01923,0.09013
system_id,HYPSTAR_122304,60,VEIT,0.01458,0.01158,0.02179,0.00767,0.00692,0.008364,3.841,3.249,4.815,1.013,0.8948,1.09,0.3426,0.2853,0.3881
system_id,HYPSTAR_122305,30,VEIT,0.01266,0.008571,0.01812,0.001541,0.0009819,0.001952,2.33,1.978,2.693,-0.1907,-0.2781,0.3017,-0.1395,-0.2239,-0.08712
