pair,group,rms_a,rms_b,ratio,H2_a,H2_b,excess_a
VEIT: 122304 vs 122305,CaHK,0.03526,0.02212,1.594,0.02292,0.02607,0.027459
VEIT: 122304 vs 122305,G,0.01903,0.0075826,2.5097,0.014807,0.0015517,0.017455
VEIT: 122304 vs 122305,Hb,0.010972,0.0090378,1.214,0.0074031,0.0012178,0.0062203
VEIT: 122304 vs 122305,Mgb,0.014361,0.01492,0.96249,0.0055133,0.00099709,0
VEIT: 122304 vs 122305,NaD,0.011096,0.012553,0.8839,0.0038652,0.00067587,0
VEIT: 122304 vs 122305,Ha,0.013584,0.015561,0.87294,0.003169,0.001837,0
GAIT: 120242 vs 121222,CaHK,0.04344,0.016339,2.6586,0.031225,0.0056702,0.04025
GAIT: 120242 vs 121222,G,0.02005,0.0064053,3.1303,0.016634,0.0025451,0.019
GAIT: 120242 vs 121222,Hb,0.010041,0.0059813,1.6787,0.0067567,0.00064679,0.0080648
GAIT: 120242 vs 121222,Mgb,0.012613,0.0088862,1.4194,0.0041332,0.0016439,0.0089507
GAIT: 120242 vs 121222,NaD,0.0075532,0.0096394,0.78358,0.0045655,0.00084452,0
GAIT: 120242 vs 121222,Ha,0.023344,0.02183,1.0693,0.0048784,0.00091233,0.0082691
MAFR: 121231 vs 122303 (both E ~ L),CaHK,0.014997,0.018815,0.7971,0.0054884,0.012635,0
MAFR: 121231 vs 122303 (both E ~ L),G,0.0062624,0.0093254,0.67154,0.00085604,0.0025574,0
MAFR: 121231 vs 122303 (both E ~ L),Hb,0.0036477,0.0045121,0.80842,0.001011,0.0014307,0
MAFR: 121231 vs 122303 (both E ~ L),Mgb,0.003802,0.0054595,0.6964,0.00068629,0.001216,0
MAFR: 121231 vs 122303 (both E ~ L),NaD,0.0060975,0.010506,0.58037,0.00067888,0.00065654,0
MAFR: 121231 vs 122303 (both E ~ L),Ha,0.0042728,0.0089279,0.47859,0.0010494,0.00041595,0
