lo,hi,lam_center,sigma,sigma_err,fwhm,fwhm_err,dlam,dlam_err,veil,veil_err,shape,shape_par,shape_par_err,tau_scale,tau_scale_err,c0,c1,chi2_nu,npix,ok,channel
390,400,395,1.0136,0.0037395,2.3869,0.0088059,0.11284,0.0062961,0,0,gauss,,,,,563.79,3.678,6.1782,21,True,E
390,400,395,1.0112,0.0054311,2.3813,0.012789,0.11235,0.0063359,0,0,pvoigt,0.013269,0.021246,,,563.61,3.658,6.5395,21,True,E
390,400,395,1.0546,0.012825,2.4835,0.0302,0.11997,0.0065528,0,0,supergauss,2.2265,0.076124,,,564.1,3.846,5.9714,21,True,E
400,410,405,1.008,0.01965,2.3735,0.046271,-0.041522,0.030065,0,0,gauss,,,,,569.61,0.45674,4.8888,22,True,E
400,410,405,0.98602,0.024812,2.3219,0.058429,-0.051292,0.03054,0,0,pvoigt,0.10272,0.068674,,,570.04,0.21986,5.047,22,True,E
400,410,405,0.97367,0.038371,2.2928,0.090356,-0.063179,0.032442,0,0,supergauss,1.8217,0.15061,,,569.65,0.40476,5.134,22,True,E
410,420,415,1.0174,0.021885,2.3958,0.051535,0.26753,0.02801,0,0,gauss,,,,,583.98,1.2611,4.9803,21,True,E
410,420,415,0.99185,0.02907,2.3356,0.068455,0.28343,0.032191,0,0,pvoigt,0.18528,0.12215,,,584.26,1.1466,5.1424,21,True,E
410,420,415,1.0108,0.029983,2.3803,0.070605,0.2726,0.032072,0,0,supergauss,1.947,0.1239,,,583.99,1.2427,5.2789,21,True,E
420,430,425,0.99089,0.0099333,2.3334,0.023391,0.067357,0.020537,0,0,gauss,,,,,595.55,1.1411,3.9391,21,True,E
420,430,425,0.99089,0.019133,2.3334,0.045055,0.067357,0.037108,0,0,pvoigt,2.7776e-13,0.06395,,,595.55,1.1411,4.1853,21,True,E
420,430,425,1.0177,0.024654,2.3965,0.058056,0.092006,0.026995,0,0,supergauss,2.1092,0.092977,,,595.17,1.0543,4.1256,21,True,E
430,440,435,0.91955,0.0049473,2.1654,0.01165,0.12698,0.0077285,0,0,gauss,,,,,614.82,-0.52359,36.462,21,True,E
430,440,435,0.91955,0.012645,2.1654,0.029777,0.12698,0.0089857,0,0,pvoigt,1.7007e-19,0.042183,,,614.82,-0.52359,38.741,21,True,E
430,440,435,1.0872,0.010488,2.5602,0.024697,0.093026,0.0088897,0,0,supergauss,3.4723,0.14427,,,614.29,-0.2199,21.241,21,True,E
440,450,445,0.98172,0.023141,2.3118,0.054493,-0.054286,0.027189,0,0,gauss,,,,,618.12,1.6584,2.4677,21,True,E
440,450,445,0.97096,0.028554,2.2864,0.067241,-0.051966,0.027247,0,0,pvoigt,0.048463,0.07324,,,618.21,1.6714,2.5943,21,True,E
440,450,445,0.99998,0.036993,2.3548,0.087112,-0.054717,0.027047,0,0,supergauss,2.1121,0.18583,,,618.07,1.6618,2.6049,21,True,E
450,460,455,0.95493,0.02338,2.2487,0.055055,0.04522,0.022613,0,0,gauss,,,,,628.78,0.67157,3.0138,21,True,E
450,460,455,0.95493,0.049368,2.2487,0.11625,0.045219,0.022809,0,0,pvoigt,4.5399e-16,0.14154,,,628.78,0.67157,3.2022,21,True,E
450,460,455,1.0743,0.046932,2.5299,0.11052,0.043062,0.02269,0,0,supergauss,2.7233,0.32548,,,628.84,0.66496,2.6708,21,True,E
460,470,465,0.91636,0.034283,2.1579,0.080731,0.050242,0.037915,0,0,gauss,,,,,631.97,-0.2829,5.9755,20,True,E
460,470,465,0.91634,0.050582,2.1578,0.11911,0.05025,0.039612,0,0,pvoigt,4.1888e-27,0.18714,,,631.97,-0.28291,6.3739,20,True,E
460,470,465,1.1202,0.039524,2.6379,0.093071,0.10316,0.037338,0,0,supergauss,3.967,0.50692,,,631.96,-0.20948,4.1344,20,True,E
470,480,475,1.0464,0.027861,2.464,0.065607,0.077428,0.050385,0,0,gauss,,,,,636.37,0.54282,6.7661,21,True,E
470,480,475,1.0464,0.030009,2.464,0.070666,0.077428,0.054631,0,0,pvoigt,9.1918e-16,0.20125,,,636.37,0.54282,7.189,21,True,E
470,480,475,1.1141,0.018241,2.6235,0.042954,0.095945,0.037926,0,0,supergauss,3.693,0.43707,,,636.52,0.46957,4.8736,21,True,E
480,490,485,1.0138,0.011608,2.3873,0.027335,-0.032675,0.011279,0,0,gauss,,,,,646.76,0.43135,4.4651,21,True,E
480,490,485,0.97242,0.019181,2.2899,0.045167,-0.03588,0.011426,0,0,pvoigt,0.11076,0.039313,,,646.55,0.31782,4.2318,21,True,E
480,490,485,1.005,0.024719,2.3666,0.058209,-0.032577,0.011323,0,0,supergauss,1.9645,0.081243,,,646.74,0.42862,4.7328,21,True,E
490,500,495,1.0786,0.029838,2.54,0.070263,-0.049919,0.024909,0,0,gauss,,,,,652.53,0.98027,3.4604,21,True,E
490,500,495,1.0786,0.034842,2.54,0.082047,-0.049919,0.025071,0,0,pvoigt,5.5057e-23,0.093945,,,652.53,0.98027,3.6767,21,True,E
490,500,495,1.1751,0.03635,2.7672,0.085598,-0.03687,0.024889,0,0,supergauss,2.4811,0.17393,,,652.41,1.0141,2.961,21,True,E
500,510,505,0.97841,0.022573,2.304,0.053156,0.10049,0.024391,0,0,gauss,,,,,652.47,0.051152,10.546,20,True,E
500,510,505,0.86462,0.036976,2.036,0.087071,0.11753,0.025232,0,0,pvoigt,0.6282,0.10259,,,651.91,0.52494,8.6248,20,True,E
500,510,505,0.82545,0.054201,1.9438,0.12763,0.10749,0.028458,0,0,supergauss,1.2942,0.099762,,,651.89,0.17143,9.439,20,True,E
510,520,515,1.0202,0.013485,2.4023,0.031756,-0.039519,0.012998,0,0,gauss,,,,,662.54,0.82425,3.1129,21,True,E
510,520,515,1.0202,0.024494,2.4023,0.057679,-0.039519,0.014858,0,0,pvoigt,1.1286e-16,0.084091,,,662.54,0.82425,3.3074,21,True,E
510,520,515,1.1191,0.019832,2.6354,0.0467,-0.039568,0.013082,0,0,supergauss,2.6485,0.12875,,,662.58,0.90799,1.6285,21,True,E
520,530,525,1.0013,0.012542,2.3578,0.029535,-0.019462,0.018692,0,0,gauss,,,,,666.27,-0.073929,2.8856,21,True,E
520,530,525,0.99436,0.021525,2.3415,0.050687,-0.018825,0.018693,0,0,pvoigt,0.030659,0.072077,,,666.31,-0.08336,3.0528,21,True,E
520,530,525,1.1093,0.026309,2.6122,0.061954,-0.027814,0.018578,0,0,supergauss,2.6321,0.17636,,,666.03,-0.039645,2.0339,21,True,E
530,540,535,0.95044,0.016092,2.2381,0.037893,8.3838e-05,0.022916,0,0,gauss,,,,,664.26,0.27491,2.1013,20,True,E
530,540,535,0.95044,0.028159,2.2381,0.066309,8.5005e-05,0.022928,0,0,pvoigt,5.3344e-19,0.10671,,,664.26,0.27491,2.2414,20,True,E
530,540,535,1.0452,0.028235,2.4613,0.066489,-0.023289,0.024111,0,0,supergauss,2.5437,0.17265,,,664.69,0.20067,1.2955,20,True,E
540,550,545,1.0042,0.038036,2.3646,0.089568,0.078905,0.061645,0,0,gauss,,,,,661.3,0.044148,2.1797,21,True,E
540,550,545,1.0042,0.069934,2.3646,0.16468,0.078905,0.068755,0,0,pvoigt,3.8818e-18,0.19407,,,661.3,0.044148,2.3159,21,True,E
540,550,545,1.143,0.031086,2.6916,0.073201,0.17752,0.050511,0,0,supergauss,4.99,0.83278,,,661.75,-0.07636,1.8008,21,True,E
550,560,555,1.051,0.065769,2.4749,0.15487,-0.12146,0.066004,0,0,gauss,,,,,660.76,-0.33618,3.3776,20,True,E
550,560,555,1.0249,0.10134,2.4135,0.23864,-0.12544,0.065405,0,0,pvoigt,0.079376,0.23041,,,660.79,-0.35185,3.5946,20,True,E
550,560,555,1.0533,0.095323,2.4803,0.22447,-0.12089,0.066052,0,0,supergauss,2.0094,0.33061,,,660.76,-0.33642,3.6027,20,True,E
560,570,565,1.1054,0.051574,2.603,0.12145,-0.1143,0.092243,0,0,gauss,,,,,654.6,-1.5533,4.2973,21,True,E
560,570,565,1.1054,0.056323,2.603,0.13263,-0.1143,0.096549,0,0,pvoigt,1.3642e-29,0.25306,,,654.6,-1.5533,4.5658,21,True,E
560,570,565,1.2434,0.041924,2.928,0.098724,-0.18082,0.053449,0,0,supergauss,4.0293,0.58916,,,654.54,-1.5092,2.8098,21,True,E
580,590,585,0.76929,0.013745,1.8115,0.032367,-0.13591,0.018853,0,0,gauss,,,,,649.77,-2.251,58.353,20,True,E
580,590,585,0.76929,0.029971,1.8115,0.070575,-0.13591,0.020109,0,0,pvoigt,8.5068e-16,0.12811,,,649.77,-2.251,62.243,20,True,E
580,590,585,0.78457,0.049397,1.8475,0.11632,-0.13791,0.019929,0,0,supergauss,2.0819,0.2717,,,649.77,-2.2462,62.228,20,True,E
590,600,595,0.80044,0.042823,1.8849,0.10084,-0.026027,0.045208,0,0,gauss,,,,,636.95,2.6493,8.1142,21,True,E
590,600,595,0.80046,0.050921,1.8849,0.11991,-0.026041,0.075392,0,0,pvoigt,2.1065e-15,0.22197,,,636.95,2.6493,8.6214,21,True,E
590,600,595,0.92953,0.067512,2.1889,0.15898,-0.041776,0.049403,0,0,supergauss,2.7428,0.35978,,,636.9,2.6964,7.8869,21,True,E
600,610,605,1.078,0.049313,2.5386,0.11612,-0.2754,0.050673,0,0,gauss,,,,,662.56,1.4268,1.8814,20,True,E
600,610,605,1.078,0.098598,2.5386,0.23218,-0.2754,0.050797,0,0,pvoigt,1.5603e-17,0.24378,,,662.56,1.4268,2.0068,20,True,E
600,610,605,1.3642,0.10428,3.2124,0.24556,-0.32798,0.055287,0,0,supergauss,3.8722,1.3248,,,662.63,1.4532,1.4471,20,True,E
610,620,615,0.98862,0.037825,2.328,0.089072,-0.1185,0.0427,0,0,gauss,,,,,672.1,0.78964,1.5651,20,True,E
610,620,615,0.98862,0.048452,2.328,0.1141,-0.11849,0.045579,0,0,pvoigt,1.4691e-15,0.12349,,,672.1,0.78964,1.6694,20,True,E
610,620,615,1.0024,0.053829,2.3606,0.12676,-0.11671,0.043435,0,0,supergauss,2.0792,0.22726,,,672.09,0.786,1.661,20,True,E
650,660,655,0.98975,0.011959,2.3307,0.028161,-0.096408,0.013476,0,0,gauss,,,,,680.13,2.2474,6.3699,20,True,E
650,660,655,0.98975,0.018423,2.3307,0.043383,-0.096408,0.01361,0,0,pvoigt,6.6623e-19,0.053995,,,680.13,2.2474,6.7945,20,True,E
650,660,655,1.1077,0.024034,2.6084,0.056596,-0.093364,0.013225,0,0,supergauss,2.6697,0.17573,,,680.05,2.2402,5.172,20,True,E
660,670,665,0.95464,0.057006,2.248,0.13424,0.18157,0.088991,0,0,gauss,,,,,699.79,0.50425,1.8064,20,True,E
660,670,665,0.85132,0.11409,2.0047,0.26867,0.15358,0.088992,0,0,pvoigt,0.46323,0.36797,,,700.39,0.3331,1.8365,20,True,E
660,670,665,0.72127,0.18742,1.6985,0.44134,0.10505,0.10457,0,0,supergauss,1.1278,0.26981,,,700.15,0.4292,1.5916,20,True,E
670,680,675,0.87781,0.11499,2.0671,0.27079,-0.048998,0.11532,0,0,gauss,,,,,703.55,0.0062531,1.0966,20,True,E
670,680,675,0.87781,0.17427,2.0671,0.41037,-0.048992,0.13796,0,0,pvoigt,3.105e-16,0.8878,,,703.55,0.0062526,1.1697,20,True,E
670,680,675,0.97166,0.12161,2.2881,0.28637,-0.0026562,0.096125,0,0,supergauss,3.1237,1.2328,,,703.54,0.0087375,1.1041,20,True,E
850,860,855,1.1156,0.0085429,2.6271,0.020117,0.13039,0.012953,0,0,gauss,,,,,727.6,0.96424,18.592,20,True,E
850,860,855,1.0104,0.018274,2.3792,0.043033,0.12313,0.012711,0,0,pvoigt,0.38892,0.046383,,,727.08,1.1552,13.586,20,True,E
850,860,855,1.1884,0.018846,2.7984,0.044379,0.12881,0.013211,0,0,supergauss,2.3832,0.09787,,,727.48,0.96051,18.948,20,True,E
860,870,865,1.0303,0.013592,2.4261,0.032006,0.14899,0.014604,0,0,gauss,,,,,728.77,0.69992,6.4488,20,True,E
860,870,865,1.0303,0.021858,2.4261,0.051471,0.14899,0.014777,0,0,pvoigt,5.7914e-16,0.059743,,,728.77,0.69992,6.8788,20,True,E
860,870,865,1.1821,0.021085,2.7835,0.049651,0.13649,0.014337,0,0,supergauss,2.9548,0.1649,,,728.83,0.68862,3.1801,20,True,E
390,400,395,1.2303,0.0033855,2.897,0.0079722,0.15591,0.0055474,0,0,gauss,,,,,55.602,-0.009248,12.32,21,True,Ld
390,400,395,1.2227,0.0041897,2.8793,0.0098659,0.15607,0.0055133,0,0,pvoigt,0.038519,0.012165,,,55.562,-0.010367,12.46,21,True,Ld
390,400,395,1.2337,0.0062039,2.9051,0.014609,0.15661,0.0056506,0,0,supergauss,2.0175,0.026363,,,55.607,-0.0079181,13.064,21,True,Ld
400,410,405,1.1311,0.018447,2.6634,0.04344,0.1786,0.016639,0,0,gauss,,,,,52.782,-0.31487,9.9291,21,True,Ld
400,410,405,1.0173,0.030557,2.3955,0.071957,0.13815,0.021658,0,0,pvoigt,0.3091,0.066231,,,52.894,-0.39991,8.9046,21,True,Ld
400,410,405,0.91486,0.037205,2.1543,0.087611,0.041354,0.023256,0,0,supergauss,1.3437,0.064777,,,52.84,-0.3794,7.8394,21,True,Ld
410,420,415,1.1374,0.015805,2.6783,0.037217,0.22351,0.01747,0,0,gauss,,,,,50.877,-0.1909,6.431,22,True,Ld
410,420,415,1.1374,0.022156,2.6783,0.052172,0.22351,0.01827,0,0,pvoigt,3.7387e-16,0.086022,,,50.877,-0.1909,6.8093,22,True,Ld
410,420,415,1.195,0.017952,2.814,0.042274,0.19503,0.018085,0,0,supergauss,2.3716,0.084269,,,50.869,-0.18493,5.3292,22,True,Ld
420,430,425,1.2351,0.012679,2.9084,0.029858,0.08646,0.024507,0,0,gauss,,,,,48.812,-0.19508,2.3389,21,True,Ld
420,430,425,1.2351,0.021278,2.9084,0.050106,0.08646,0.039087,0,0,pvoigt,2.633e-13,0.056815,,,48.812,-0.19508,2.4851,21,True,Ld
420,430,425,1.2672,0.027188,2.9841,0.064022,0.10746,0.029652,0,0,supergauss,2.1055,0.08117,,,48.799,-0.19825,2.387,21,True,Ld
430,440,435,1.1824,0.0060409,2.7843,0.014225,0.2005,0.012084,0,0,gauss,,,,,47.207,-0.26166,8.7303,21,True,Ld
430,440,435,1.1824,0.0083144,2.7843,0.019579,0.2005,0.013087,0,0,pvoigt,4.0229e-14,0.024338,,,47.207,-0.26166,9.2759,21,True,Ld
430,440,435,1.2071,0.017736,2.8426,0.041765,0.18542,0.016973,0,0,supergauss,2.1152,0.086279,,,47.183,-0.25436,9.1247,21,True,Ld
440,450,445,1.17,0.023323,2.7552,0.054921,-0.12453,0.016266,0,0,gauss,,,,,44.63,-0.1673,2.388,21,True,Ld
440,450,445,1.17,0.03666,2.7552,0.086327,-0.12453,0.016377,0,0,pvoigt,2.2299e-21,0.080867,,,44.63,-0.1673,2.5373,21,True,Ld
440,450,445,1.203,0.034541,2.8327,0.081338,-0.11641,0.017695,0,0,supergauss,2.1249,0.10117,,,44.63,-0.16736,2.4304,21,True,Ld
450,460,455,1.1094,0.01516,2.6125,0.0357,0.1817,0.021548,0,0,gauss,,,,,42.658,-0.19882,3.5704,21,True,Ld
450,460,455,1.1094,0.03176,2.6125,0.074788,0.1817,0.021733,0,0,pvoigt,2.6142e-17,0.10059,,,42.658,-0.19882,3.7935,21,True,Ld
450,460,455,1.248,0.04017,2.9388,0.094592,0.16004,0.022502,0,0,supergauss,2.6799,0.24735,,,42.665,-0.2001,3.366,21,True,Ld
460,470,465,1.0807,0.029288,2.5448,0.068969,0.15495,0.031763,0,0,gauss,,,,,40.523,-0.2427,2.6424,20,True,Ld
460,470,465,1.0807,0.05865,2.5448,0.13811,0.15495,0.037895,0,0,pvoigt,1.8307e-18,0.22431,,,40.523,-0.2427,2.8186,20,True,Ld
460,470,465,1.1294,0.049079,2.6595,0.11557,0.15036,0.031832,0,0,supergauss,2.2166,0.23677,,,40.522,-0.24131,2.7502,20,True,Ld
470,480,475,1.0724,0.033982,2.5252,0.080021,0.25426,0.057002,0,0,gauss,,,,,38.621,-0.18566,7.553,21,True,Ld
470,480,475,1.0724,0.036109,2.5252,0.08503,0.25426,0.060313,0,0,pvoigt,1.326e-29,0.17785,,,38.621,-0.18566,8.0251,21,True,Ld
470,480,475,1.1227,0.023578,2.6436,0.055523,0.31214,0.050661,0,0,supergauss,3.0901,0.32723,,,38.62,-0.18779,6.216,21,True,Ld
480,490,485,1.2237,0.0091702,2.8815,0.021594,0.055284,0.011629,0,0,gauss,,,,,37.316,-0.13414,3.3512,21,True,Ld
480,490,485,1.1719,0.024341,2.7597,0.05732,0.045431,0.012366,0,0,pvoigt,0.12622,0.052108,,,37.31,-0.14261,3.1932,21,True,Ld
480,490,485,1.2183,0.025965,2.8689,0.061143,0.055218,0.011644,0,0,supergauss,1.9838,0.071895,,,37.316,-0.13415,3.5573,21,True,Ld
490,500,495,1.2295,0.020389,2.8952,0.048013,0.014131,0.023477,0,0,gauss,,,,,35.85,-0.11491,2.398,21,True,Ld
490,500,495,1.2295,0.031641,2.8952,0.074509,0.014132,0.024494,0,0,pvoigt,1.6058e-19,0.10105,,,35.85,-0.11491,2.5479,21,True,Ld
490,500,495,1.3107,0.035128,3.0864,0.082719,0.010927,0.023613,0,0,supergauss,2.3643,0.14723,,,35.85,-0.11367,2.0877,21,True,Ld
500,510,505,1.4268,0.044294,3.3598,0.1043,0.17383,0.043755,0,0,gauss,,,,,34.269,-0.13351,5.0112,20,True,Ld
500,510,505,1.1655,0.054502,2.7446,0.12834,0.16815,0.039218,0,0,pvoigt,0.62039,0.10112,,,34.258,-0.11205,3.9457,20,True,Ld
500,510,505,1.1434,0.074319,2.6925,0.17501,0.14939,0.038996,0,0,supergauss,1.3981,0.10336,,,34.253,-0.13068,3.8434,20,True,Ld
510,520,515,1.1905,0.016415,2.8034,0.038655,0.0022045,0.016262,0,0,gauss,,,,,33.366,-0.093909,1.6543,21,True,Ld
510,520,515,1.1905,0.031509,2.8034,0.074197,0.0022045,0.018605,0,0,pvoigt,1.1421e-21,0.1028,,,33.366,-0.093909,1.7577,21,True,Ld
510,520,515,1.1864,0.036432,2.7938,0.085791,0.0015384,0.016471,0,0,supergauss,1.984,0.1307,,,33.366,-0.094245,1.7567,21,True,Ld
520,530,525,1.2116,0.013839,2.8532,0.032588,0.0067485,0.021242,0,0,gauss,,,,,32.199,-0.12609,1.3596,21,True,Ld
520,530,525,1.2116,0.023636,2.8532,0.055659,0.0067485,0.02128,0,0,pvoigt,8.0323e-17,0.084751,,,32.199,-0.12609,1.4445,21,True,Ld
520,530,525,1.273,0.033056,2.9976,0.07784,0.0086117,0.021422,0,0,supergauss,2.2672,0.15348,,,32.195,-0.12331,1.2515,21,True,Ld
530,540,535,1.1298,0.024237,2.6604,0.057073,-0.042334,0.02541,0,0,gauss,,,,,30.944,-0.10915,1.1478,20,True,Ld
530,540,535,1.1298,0.034434,2.6604,0.081086,-0.042334,0.026481,0,0,pvoigt,3.589e-16,0.13958,,,30.944,-0.10915,1.2243,20,True,Ld
530,540,535,1.1325,0.041827,2.6668,0.098495,-0.041658,0.026206,0,0,supergauss,2.0115,0.14561,,,30.944,-0.10924,1.2239,20,True,Ld
540,550,545,1.0894,0.044959,2.5652,0.10587,0.11732,0.065594,0,0,gauss,,,,,29.642,-0.10242,1.7264,21,True,Ld
540,550,545,1.0894,0.068656,2.5652,0.16167,0.11732,0.081881,0,0,pvoigt,3.372e-14,0.20142,,,29.642,-0.10242,1.8343,21,True,Ld
540,550,545,1.1395,0.065035,2.6833,0.15315,0.10952,0.070736,0,0,supergauss,2.3022,0.32368,,,29.642,-0.1021,1.7803,21,True,Ld
550,560,555,1.1883,0.063205,2.7983,0.14884,-0.13138,0.06249,0,0,gauss,,,,,28.547,-0.11879,1.7287,20,True,Ld
550,560,555,1.096,0.10658,2.581,0.25097,-0.18419,0.071239,0,0,pvoigt,0.24365,0.20788,,,28.555,-0.12171,1.749,20,True,Ld
550,560,555,1.2475,0.097708,2.9377,0.23008,-0.10386,0.070116,0,0,supergauss,2.2266,0.30492,,,28.543,-0.1182,1.8203,20,True,Ld
560,570,565,1.2575,0.081068,2.9611,0.1909,0.14447,0.13219,0,0,gauss,,,,,27.276,-0.16894,5.0242,21,True,Ld
560,570,565,1.2575,0.089478,2.9613,0.2107,0.14452,0.13702,0,0,pvoigt,3.1895e-38,0.21767,,,27.276,-0.16894,5.3382,21,True,Ld
560,570,565,1.4813,0.088685,3.4882,0.20884,0.04137,0.083567,0,0,supergauss,3.4401,0.51643,,,27.281,-0.16438,4.4895,21,True,Ld
580,590,585,1.0005,0.022312,2.3561,0.052541,0.045635,0.030638,0,0,gauss,,,,,25.17,-0.22102,45.843,21,True,Ld
580,590,585,1.0005,0.032019,2.3561,0.075399,0.04563,0.030639,0,0,pvoigt,2.6458e-20,0.14673,,,25.17,-0.22102,48.708,21,True,Ld
580,590,585,1.2241,0.034666,2.8826,0.081631,0.0070991,0.046639,0,0,supergauss,4.8359,1.0811,,,25.173,-0.2154,45.258,21,True,Ld
590,600,595,0.70944,0.031199,1.6706,0.073469,0.19572,0.038829,0,0,gauss,,,,,23.824,0.042082,4.6588,20,True,Ld
590,600,595,0.66514,0.044526,1.5663,0.10485,0.28234,0.049816,0,0,pvoigt,0.51464,0.17108,,,23.851,0.034458,4.3507,20,True,Ld
590,600,595,0.76265,0.051469,1.7959,0.1212,0.17482,0.041436,0,0,supergauss,2.3292,0.32445,,,23.82,0.044308,4.8799,20,True,Ld
600,610,605,1.1376,0.055902,2.6787,0.13164,-0.39545,0.063895,0,0,gauss,,,,,24.174,-0.025065,3.3755,20,True,Ld
600,610,605,1.1336,0.099293,2.6695,0.23382,-0.39374,0.065144,0,0,pvoigt,0.010323,0.21548,,,24.175,-0.025042,3.6004,20,True,Ld
600,610,605,1.4176,0.092434,3.3382,0.21767,-0.47095,0.063208,0,0,supergauss,4.0576,1.4462,,,24.177,-0.023627,3.3268,20,True,Ld
610,620,615,1.0881,0.046269,2.5623,0.10895,-0.0030464,0.050768,0,0,gauss,,,,,23.808,-0.032906,1.1679,21,True,Ld
610,620,615,1.0881,0.066856,2.5623,0.15743,-0.0030462,0.052248,0,0,pvoigt,4.2861e-16,0.15054,,,23.808,-0.032906,1.2409,21,True,Ld
610,620,615,1.154,0.062653,2.7175,0.14754,-0.022841,0.057114,0,0,supergauss,2.3452,0.30239,,,23.81,-0.033429,1.1228,21,True,Ld
650,660,655,1.1256,0.0099177,2.6507,0.023354,-0.10336,0.011946,0,0,gauss,,,,,21.774,0.025789,14.934,20,True,Ld
650,660,655,1.1256,0.018355,2.6507,0.043222,-0.10336,0.012323,0,0,pvoigt,5.8596e-19,0.05164,,,21.774,0.02579,15.93,20,True,Ld
650,660,655,1.1544,0.02417,2.7184,0.056915,-0.099266,0.012063,0,0,supergauss,2.116,0.092108,,,21.773,0.025981,15.833,20,True,Ld
660,670,665,0.89903,0.057221,2.117,0.13474,0.0065591,0.08574,0,0,gauss,,,,,21.923,-0.026636,1.4967,21,True,Ld
660,670,665,0.89902,0.093871,2.117,0.22105,0.0065598,0.088506,0,0,pvoigt,4.0925e-15,0.39518,,,21.923,-0.026636,1.5903,21,True,Ld
660,670,665,1.0095,0.089612,2.3773,0.21102,-0.031292,0.087091,0,0,supergauss,2.8362,0.65204,,,21.926,-0.02611,1.396,21,True,Ld
670,680,675,0.94894,0.14342,2.2346,0.33774,-0.24261,0.16365,0,0,gauss,,,,,21.605,-0.036734,1.1214,20,True,Ld
670,680,675,0.94893,0.21412,2.2346,0.50422,-0.24261,0.16791,0,0,pvoigt,1.0917e-24,1.1738,,,21.605,-0.036734,1.1962,20,True,Ld
670,680,675,1.0587,0.15746,2.4931,0.3708,-0.18106,0.1569,0,0,supergauss,2.9695,1.3778,,,21.6,-0.038234,1.1151,20,True,Ld
850,860,855,1.0866,0.01698,2.5588,0.039985,0.090557,0.01779,0,0,gauss,,,,,16.822,-0.011002,9.508,21,True,Ld
850,860,855,0.99057,0.028239,2.3326,0.066498,0.12892,0.019609,0,0,pvoigt,0.41403,0.064724,,,16.815,-0.0024882,7.3775,21,True,Ld
850,860,855,1.0228,0.039588,2.4084,0.093223,0.10006,0.018616,0,0,supergauss,1.7881,0.10512,,,16.823,-0.011332,9.9613,21,True,Ld
860,870,865,1.1149,0.025815,2.6255,0.060789,0.1496,0.02839,0,0,gauss,,,,,16.717,-0.0083001,1.7336,20,True,Ld
860,870,865,1.1149,0.041845,2.6255,0.098538,0.1496,0.029725,0,0,pvoigt,1.3558e-20,0.12064,,,16.717,-0.0083001,1.8492,20,True,Ld
860,870,865,1.2024,0.0432,2.8314,0.10173,0.1572,0.027798,0,0,supergauss,2.478,0.22749,,,16.72,-0.0065457,1.4818,20,True,Ld
