lo,hi,lam_center,sigma,sigma_err,fwhm,fwhm_err,dlam,dlam_err,veil,veil_err,shape,shape_par,shape_par_err,tau_scale,tau_scale_err,c0,c1,chi2_nu,npix,ok,channel,absorber,airmass_geom,tau_peak
680,690,685,1.0921,0.011847,2.5718,0.027898,-0.032719,0.008379,0,0,gauss,,,0.93493,0.021631,706.94,0.71416,1.9635,21,True,E,O2,1.2472,14.604
680,690,685,1.16,0.020138,2.7316,0.047421,-0.0029117,0.010389,0,0,gauss,,,0.89721,0.03893,21.114,-0.04811,2.4638,20,True,Ld,O2,1.2472,14.604
680,690,685,1.2422,0.046972,2.9253,0.11061,0.12281,0.026758,0,0,gauss,,,0.88185,0.076485,1.7916,-0.010271,2.3478,20,True,Lu,O2,1.2472,14.604
690,700,695,0.66642,0.020532,1.5693,0.04835,-0.074971,0.02231,0,0,gauss,,,0.39889,0.018105,685.22,1.6245,8.7832,20,True,E,O2,1.2472,11.587
690,700,695,0.6738,0.028245,1.5867,0.066511,-0.04271,0.032043,0,0,gauss,,,0.45862,0.022608,20.083,-0.0016361,7.7026,20,True,Ld,O2,1.2472,11.587
690,700,695,0.76743,0.079578,1.8072,0.18739,-0.018329,0.062677,0,0,gauss,,,0.31798,0.031823,1.5146,-0.022541,1.4591,20,True,Lu,O2,1.2472,11.587
700,710,705,1.0832,0.14782,2.5508,0.3481,-0.062068,0.067007,0,0,gauss,,,1.8442,0.85118,704.13,0.91051,2.0032,20,True,E,H2O,1.2472,0.74115
700,710,705,1.3127,0.22137,3.0911,0.52128,-0.58786,0.16041,0,0,gauss,,,0.45792,0.65334,19.677,0.066726,3.8733,20,True,Ld,H2O,1.2472,0.74115
700,710,705,0.69359,0.11604,1.6333,0.27325,-0.10825,0.13525,0,0,gauss,,,0.36272,0.5189,1.2766,-0.015897,3.3291,20,True,Lu,H2O,1.2472,0.74115
710,720,715,1.0499,0.024331,2.4723,0.057294,-0.012723,0.012149,0,0,gauss,,,2.0882,0.046509,708.84,0.047455,4.3023,20,True,E,H2O,1.2472,6.4363
710,720,715,1.04,0.020898,2.4491,0.04921,-0.033175,0.013518,0,0,gauss,,,2.0082,0.045608,19.984,-0.067343,5.6697,20,True,Ld,H2O,1.2472,6.4363
710,720,715,1.1418,0.077044,2.6888,0.18143,0.037264,0.039009,0,0,gauss,,,2.2963,0.20213,1.1123,-0.020076,0.83799,20,True,Lu,H2O,1.2472,6.4363
720,730,725,0.9771,0.017381,2.3009,0.04093,-0.025256,0.011047,0,0,gauss,,,1.9287,0.073439,702.92,0.34726,3.9462,20,True,E,H2O,1.2472,5.8083
720,730,725,1.1438,0.0208,2.6936,0.04898,-0.025539,0.015598,0,0,gauss,,,2.3616,0.11452,20.02,-0.014162,4.0959,20,True,Ld,H2O,1.2472,5.8083
720,730,725,1.0213,0.047921,2.405,0.11284,-0.021041,0.028803,0,0,gauss,,,2.3388,0.27939,0.94359,-0.011092,1.571,20,True,Lu,H2O,1.2472,5.8083
730,740,735,1.6362,0.077185,3.8529,0.18176,-0.38603,0.041386,0,0,gauss,,,4.0127,0.42209,756.94,-5.5773,5.7794,20,True,E,H2O,1.2472,2.7051
730,740,735,0.91832,0.045705,2.1625,0.10763,-0.044997,0.034401,0,0,gauss,,,1.9414,0.089543,19.51,0.007597,0.76305,21,True,Ld,H2O,1.2472,2.7051
730,740,735,1.1065,0.18182,2.6056,0.42816,-0.65227,0.14403,0,0,gauss,,,1.8538,0.37528,0.82788,-0.0013747,6.8177,21,True,Lu,H2O,1.2472,2.7051
740,750,745,1.0981,0.09116,2.5858,0.21466,0.26434,0.13828,0,0,gauss,,,3.4594,0.21246,720.58,-1.3082,1.5075,20,True,E,H2O,1.2472,0.18498
740,750,745,1.2166,0.16243,2.8648,0.38249,-0.32281,0.23852,0,0,gauss,,,2.4975,0.3897,19.527,-0.025718,1.2745,20,True,Ld,H2O,1.2472,0.18498
740,750,745,0.9298,0.23304,2.1895,0.54877,-0.53684,0.30011,0,0,gauss,,,4.1586,1.426,0.83787,-0.0041945,0.83608,20,True,Lu,H2O,1.2472,0.18498
750,760,755,1.0443,0.016731,2.4591,0.039399,0.0092361,0.029572,0,0,gauss,,,0.83365,0.072127,717.79,0.43607,3.3435,20,True,E,O2,1.2472,129.34
750,760,755,1.2027,0.017508,2.8322,0.041229,0.17327,0.024855,0,0,gauss,,,1.2761,0.1053,19.181,-0.032805,3.2079,20,True,Ld,O2,1.2472,129.34
750,760,755,1.3128,0.064932,3.0914,0.1529,0.30349,0.098092,0,0,gauss,,,3.3562,2.6225,0.82289,0.0010244,1.2224,20,True,Lu,O2,1.2472,129.34
760,770,765,1.0694,0.0021741,2.5183,0.0051197,0.023823,0.0040662,0,0,gauss,,,1.2675,0.012822,773.06,-9.0073,48.95,20,True,E,O2,1.2472,213.91
760,770,765,1.1044,0.0050103,2.6008,0.011798,0.1341,0.0077715,0,0,gauss,,,1.3462,0.013646,20.46,-0.27166,18.59,20,True,Ld,O2,1.2472,213.91
760,770,765,1.0844,0.020982,2.5535,0.049408,0.245,0.023852,0,0,gauss,,,1.4744,0.05376,0.86478,-0.0076738,3.9763,20,True,Lu,O2,1.2472,213.91
770,780,775,1.1462,0.11067,2.6991,0.26061,0.28902,0.23059,0,0,gauss,,,0.62,0.15046,723.08,0.10267,2.0241,20,True,E,O2,1.2472,0.81856
770,780,775,0.89217,0.063352,2.1009,0.14918,0.50343,0.10023,0,0,gauss,,,0.75525,0.1411,18.812,-0.019581,2.1024,20,True,Ld,O2,1.2472,0.81856
770,780,775,,,,,,,,,gauss,,,,,,,,20,False,Lu,O2,1.2472,0.81856
780,790,785,1.0261,0.076644,2.4164,0.18048,0.27541,0.11632,0,0,gauss,,,2.3878,0.13562,724.15,-0.084207,2.2796,20,True,E,H2O,1.2472,0.41835
780,790,785,0.93883,0.084931,2.2108,0.2,0.35872,0.11965,0,0,gauss,,,2.3673,0.19154,18.523,-0.043235,0.83398,20,True,Ld,H2O,1.2472,0.41835
780,790,785,0.85629,0.10485,2.0164,0.24689,-0.16815,0.15772,0,0,gauss,,,5.4612,0.56271,0.81945,0.0050842,3.4159,20,True,Lu,H2O,1.2472,0.41835
790,800,795,0.98393,0.040863,2.317,0.096225,0.13982,0.035792,0,0,gauss,,,1.7908,0.066956,720.46,0.24044,3.7359,21,True,E,H2O,1.2472,0.49571
790,800,795,0.88042,0.042612,2.0732,0.10034,0.21761,0.044782,0,0,gauss,,,2.0072,0.13555,18.143,-0.020385,2.6356,20,True,Ld,H2O,1.2472,0.49571
790,800,795,1.0118,0.14559,2.3825,0.34284,0.16525,0.14045,0,0,gauss,,,2.4889,0.31906,0.79312,0.00094534,1.8286,20,True,Lu,H2O,1.2472,0.49571
800,810,805,1.082,0.074842,2.5479,0.17624,0.12578,0.044788,0,0,gauss,,,2.0923,0.09838,727.94,0.011268,3.8043,20,True,E,H2O,1.2472,0.44724
800,810,805,0.94862,0.084478,2.2338,0.19893,-0.096919,0.064647,0,0,gauss,,,2.2504,0.16981,18.019,-0.027194,1.5521,20,True,Ld,H2O,1.2472,0.44724
800,810,805,0.89936,0.22359,2.1178,0.52651,-0.17233,0.14968,0,0,gauss,,,2.5904,0.55117,0.79883,-0.00066512,1.4352,20,True,Lu,H2O,1.2472,0.44724
810,820,815,1.2727,0.047266,2.997,0.1113,0.29488,0.032391,0,0,gauss,,,2.3304,0.091973,736.3,0.94585,3.1229,20,True,E,H2O,1.2472,8.4156
810,820,815,1.095,0.065765,2.5785,0.15487,0.16038,0.036223,0,0,gauss,,,2.0135,0.087704,17.45,-0.056921,2.1877,20,True,Ld,H2O,1.2472,8.4156
810,820,815,0.81278,0.11543,1.914,0.27183,-0.021089,0.080373,0,0,gauss,,,1.7185,0.12251,0.7326,-0.0052706,2.1496,20,True,Lu,H2O,1.2472,8.4156
820,830,825,1.0544,0.015983,2.4828,0.037637,0.088947,0.0084774,0,0,gauss,,,1.9063,0.10295,721.32,0.98533,12.741,20,True,E,H2O,1.2472,7.8877
820,830,825,1.1461,0.026144,2.6987,0.061564,0.11721,0.011848,0,0,gauss,,,2.2595,0.19863,17.515,-0.027143,3.1188,20,True,Ld,H2O,1.2472,7.8877
820,830,825,1.0851,0.056849,2.5551,0.13387,0.1767,0.031184,0,0,gauss,,,2.0612,0.35164,0.71575,-0.0044968,4.246,20,True,Lu,H2O,1.2472,7.8877
830,840,835,1.2085,0.055641,2.8457,0.13103,-0.012604,0.047901,0,0,gauss,,,6.5543,0.9092,828.63,-10.585,0.943,20,True,E,H2O,1.2472,4.5055
830,840,835,1.0945,0.2177,2.5774,0.51266,-0.028547,0.11086,0,0,gauss,,,1.2708,1.3418,16.725,0.053266,0.92214,20,True,Ld,H2O,1.2472,4.5055
830,840,835,0.81745,0.4016,1.925,0.94569,0.49797,0.33071,0,0,gauss,,,0.81691,1.6087,0.66264,0.0045977,3.1037,20,True,Lu,H2O,1.2472,4.5055
840,850,845,0.94773,0.034044,2.2317,0.080168,-0.13743,0.064188,0,0,gauss,,,1.273,0.29748,725.73,0.98308,0.65668,20,True,E,H2O,1.2472,0.29169
840,850,845,0.8731,0.041581,2.056,0.097915,-0.15153,0.094792,0,0,gauss,,,1.3115,0.5617,17.024,0.0080653,1.8032,20,True,Ld,H2O,1.2472,0.29169
840,850,845,1.2817,0.2267,3.0181,0.53383,0.5096,0.50481,0,0,gauss,,,1.9416,1.9571,0.6917,-0.00062029,1.6877,20,True,Lu,H2O,1.2472,0.29169
