pair,quantity,n_a,n_b,cal_a,cal_b,mean_a,mean_b,diff,err,z
122304 recalibration,fwhm_400_E,30,30,2023-01-27/2023-01-25,2024-11-08/2024-11-12,2.3587,2.3842,0.0255,0.0038,6.7350
122304 recalibration,fwhm_500_E,30,30,2023-01-27/2023-01-25,2024-11-08/2024-11-12,2.3134,2.3412,0.0277,0.0040,6.8573
122304 recalibration,fwhm_600_E,30,30,2023-01-27/2023-01-25,2024-11-08/2024-11-12,2.3010,2.3296,0.0286,0.0060,4.8029
122304 recalibration,fwhm_700_E,30,30,2023-01-27/2023-01-25,2024-11-08/2024-11-12,2.3215,2.3496,0.0281,0.0059,4.7672
122304 recalibration,fwhm_400_Ld,30,30,2023-01-27/2023-01-25,2024-11-08/2024-11-12,2.8471,2.8669,0.0198,0.0037,5.2806
122304 recalibration,fwhm_500_Ld,30,30,2023-01-27/2023-01-25,2024-11-08/2024-11-12,2.7723,2.7718,-0.0004,0.0065,-0.0642
122304 recalibration,fwhm_600_Ld,30,30,2023-01-27/2023-01-25,2024-11-08/2024-11-12,2.7101,2.6992,-0.0109,0.0095,-1.1493
122304 recalibration,fwhm_700_Ld,30,30,2023-01-27/2023-01-25,2024-11-08/2024-11-12,2.6606,2.6490,-0.0116,0.0110,-1.0623
122304 recalibration,dfwhm_450_Ld_E,30,30,2023-01-27/2023-01-25,2024-11-08/2024-11-12,0.4761,0.4578,-0.0183,0.0051,-3.5876
122304 recalibration,doffset_Ld_E,30,30,2023-01-27/2023-01-25,2024-11-08/2024-11-12,0.0068,0.0408,0.0340,0.0037,9.1764
121222 recalibration,fwhm_400_E,10,10,2021-10-05/2021-10-04,2025-03-25/2025-03-24,2.8167,2.7881,-0.0286,0.0089,-3.2300
121222 recalibration,fwhm_500_E,10,10,2021-10-05/2021-10-04,2025-03-25/2025-03-24,2.7189,2.6956,-0.0233,0.0079,-2.9612
121222 recalibration,fwhm_600_E,10,10,2021-10-05/2021-10-04,2025-03-25/2025-03-24,2.6779,2.6637,-0.0142,0.0109,-1.3065
121222 recalibration,fwhm_700_E,10,10,2021-10-05/2021-10-04,2025-03-25/2025-03-24,2.6936,2.6923,-0.0013,0.0119,-0.1138
121222 recalibration,fwhm_400_Ld,10,10,2021-10-05/2021-10-04,2025-03-25/2025-03-24,2.7964,2.7921,-0.0043,0.0095,-0.4475
121222 recalibration,fwhm_500_Ld,10,10,2021-10-05/2021-10-04,2025-03-25/2025-03-24,2.6868,2.6946,0.0079,0.0108,0.7250
121222 recalibration,fwhm_600_Ld,10,10,2021-10-05/2021-10-04,2025-03-25/2025-03-24,2.6403,2.6541,0.0138,0.0170,0.8113
121222 recalibration,fwhm_700_Ld,10,10,2021-10-05/2021-10-04,2025-03-25/2025-03-24,2.6570,2.6705,0.0135,0.0195,0.6939
121222 recalibration,dfwhm_450_Ld_E,10,10,2021-10-05/2021-10-04,2025-03-25/2025-03-24,-0.0270,0.0020,0.0290,0.0112,2.5829
121222 recalibration,doffset_Ld_E,10,10,2021-10-05/2021-10-04,2025-03-25/2025-03-24,0.0468,0.0234,-0.0234,0.0097,-2.4004
122302 BEFR vs THFR (site),fwhm_400_E,30,30,2023-01-27/2023-01-25,2023-01-27/2023-01-25,2.2289,2.2254,-0.0035,0.0031,-1.1322
122302 BEFR vs THFR (site),fwhm_500_E,30,30,2023-01-27/2023-01-25,2023-01-27/2023-01-25,2.1959,2.2020,0.0061,0.0038,1.5955
122302 BEFR vs THFR (site),fwhm_600_E,30,30,2023-01-27/2023-01-25,2023-01-27/2023-01-25,2.1984,2.2069,0.0085,0.0060,1.4146
122302 BEFR vs THFR (site),fwhm_700_E,30,30,2023-01-27/2023-01-25,2023-01-27/2023-01-25,2.2364,2.2401,0.0037,0.0062,0.5996
122302 BEFR vs THFR (site),fwhm_400_Ld,30,30,2023-01-27/2023-01-25,2023-01-27/2023-01-25,2.8029,2.7913,-0.0116,0.0037,-3.1365
122302 BEFR vs THFR (site),fwhm_500_Ld,30,30,2023-01-27/2023-01-25,2023-01-27/2023-01-25,2.6838,2.6813,-0.0025,0.0058,-0.4340
122302 BEFR vs THFR (site),fwhm_600_Ld,30,30,2023-01-27/2023-01-25,2023-01-27/2023-01-25,2.6282,2.6294,0.0012,0.0095,0.1227
122302 BEFR vs THFR (site),fwhm_700_Ld,30,30,2023-01-27/2023-01-25,2023-01-27/2023-01-25,2.6360,2.6355,-0.0005,0.0127,-0.0421
122302 BEFR vs THFR (site),dfwhm_450_Ld_E,30,30,2023-01-27/2023-01-25,2023-01-27/2023-01-25,0.5274,0.5189,-0.0086,0.0045,-1.9102
122302 BEFR vs THFR (site),doffset_Ld_E,30,30,2023-01-27/2023-01-25,2023-01-27/2023-01-25,0.0149,0.0139,-0.0011,0.0041,-0.2582
VEIT 122304 pre-recal vs 122305,fwhm_400_E,30,30,2023-01-27/2023-01-25,2023-01-27/2023-01-25,2.3587,2.7114,0.3527,0.0060,59.1389
VEIT 122304 pre-recal vs 122305,fwhm_500_E,30,30,2023-01-27/2023-01-25,2023-01-27/2023-01-25,2.3134,2.6944,0.3810,0.0050,76.2766
VEIT 122304 pre-recal vs 122305,fwhm_600_E,30,30,2023-01-27/2023-01-25,2023-01-27/2023-01-25,2.3010,2.6962,0.3951,0.0081,49.0042
VEIT 122304 pre-recal vs 122305,fwhm_700_E,30,30,2023-01-27/2023-01-25,2023-01-27/2023-01-25,2.3215,2.7167,0.3952,0.0089,44.5124
VEIT 122304 pre-recal vs 122305,fwhm_400_Ld,30,30,2023-01-27/2023-01-25,2023-01-27/2023-01-25,2.8471,2.8181,-0.0290,0.0043,-6.7612
VEIT 122304 pre-recal vs 122305,fwhm_500_Ld,30,30,2023-01-27/2023-01-25,2023-01-27/2023-01-25,2.7723,2.7320,-0.0403,0.0063,-6.3963
VEIT 122304 pre-recal vs 122305,fwhm_600_Ld,30,30,2023-01-27/2023-01-25,2023-01-27/2023-01-25,2.7101,2.6807,-0.0294,0.0092,-3.1855
VEIT 122304 pre-recal vs 122305,fwhm_700_Ld,30,30,2023-01-27/2023-01-25,2023-01-27/2023-01-25,2.6606,2.6643,0.0037,0.0110,0.3348
VEIT 122304 pre-recal vs 122305,dfwhm_450_Ld_E,30,30,2023-01-27/2023-01-25,2023-01-27/2023-01-25,0.4761,0.0701,-0.4060,0.0053,-76.0412
VEIT 122304 pre-recal vs 122305,doffset_Ld_E,30,30,2023-01-27/2023-01-25,2023-01-27/2023-01-25,0.0068,0.0425,0.0357,0.0040,9.0005
VEIT 122304 post-recal vs 122305,fwhm_400_E,30,30,2024-11-08/2024-11-12,2023-01-27/2023-01-25,2.3842,2.7114,0.3272,0.0060,54.9433
VEIT 122304 post-recal vs 122305,fwhm_500_E,30,30,2024-11-08/2024-11-12,2023-01-27/2023-01-25,2.3412,2.6944,0.3532,0.0047,74.6422
VEIT 122304 post-recal vs 122305,fwhm_600_E,30,30,2024-11-08/2024-11-12,2023-01-27/2023-01-25,2.3296,2.6962,0.3665,0.0076,47.9941
VEIT 122304 post-recal vs 122305,fwhm_700_E,30,30,2024-11-08/2024-11-12,2023-01-27/2023-01-25,2.3496,2.7167,0.3671,0.0085,42.9497
VEIT 122304 post-recal vs 122305,fwhm_400_Ld,30,30,2024-11-08/2024-11-12,2023-01-27/2023-01-25,2.8669,2.8181,-0.0488,0.0046,-10.5836
VEIT 122304 post-recal vs 122305,fwhm_500_Ld,30,30,2024-11-08/2024-11-12,2023-01-27/2023-01-25,2.7718,2.7320,-0.0399,0.0061,-6.5429
VEIT 122304 post-recal vs 122305,fwhm_600_Ld,30,30,2024-11-08/2024-11-12,2023-01-27/2023-01-25,2.6992,2.6807,-0.0185,0.0085,-2.1658
VEIT 122304 post-recal vs 122305,fwhm_700_Ld,30,30,2024-11-08/2024-11-12,2023-01-27/2023-01-25,2.6490,2.6643,0.0153,0.0100,1.5365
VEIT 122304 post-recal vs 122305,dfwhm_450_Ld_E,30,30,2024-11-08/2024-11-12,2023-01-27/2023-01-25,0.4578,0.0701,-0.3877,0.0057,-67.9763
VEIT 122304 post-recal vs 122305,doffset_Ld_E,30,30,2024-11-08/2024-11-12,2023-01-27/2023-01-25,0.0408,0.0425,0.0018,0.0035,0.5066
GAIT 121222 vs 120242,fwhm_400_E,20,9,"2021-10-05/2021-10-04,2025-03-25/2025-03-24",2024-11-08/2024-11-12,2.8024,2.1783,-0.6240,0.0070,-89.4909
GAIT 121222 vs 120242,fwhm_500_E,20,9,"2021-10-05/2021-10-04,2025-03-25/2025-03-24",2024-11-08/2024-11-12,2.7073,2.1436,-0.5637,0.0072,-78.5823
GAIT 121222 vs 120242,fwhm_600_E,20,9,"2021-10-05/2021-10-04,2025-03-25/2025-03-24",2024-11-08/2024-11-12,2.6708,2.1392,-0.5316,0.0099,-53.5482
GAIT 121222 vs 120242,fwhm_700_E,20,9,"2021-10-05/2021-10-04,2025-03-25/2025-03-24",2024-11-08/2024-11-12,2.6930,2.1653,-0.5276,0.0106,-49.6533
GAIT 121222 vs 120242,fwhm_400_Ld,20,9,"2021-10-05/2021-10-04,2025-03-25/2025-03-24",2024-11-08/2024-11-12,2.7942,2.7379,-0.0563,0.0063,-9.0066
GAIT 121222 vs 120242,fwhm_500_Ld,20,9,"2021-10-05/2021-10-04,2025-03-25/2025-03-24",2024-11-08/2024-11-12,2.6907,2.6446,-0.0461,0.0080,-5.7530
GAIT 121222 vs 120242,fwhm_600_Ld,20,9,"2021-10-05/2021-10-04,2025-03-25/2025-03-24",2024-11-08/2024-11-12,2.6472,2.5905,-0.0567,0.0135,-4.1921
GAIT 121222 vs 120242,fwhm_700_Ld,20,9,"2021-10-05/2021-10-04,2025-03-25/2025-03-24",2024-11-08/2024-11-12,2.6637,2.5756,-0.0882,0.0190,-4.6286
GAIT 121222 vs 120242,dfwhm_450_Ld_E,20,9,"2021-10-05/2021-10-04,2025-03-25/2025-03-24",2024-11-08/2024-11-12,-0.0125,0.5292,0.5418,0.0082,65.8454
GAIT 121222 vs 120242,doffset_Ld_E,20,9,"2021-10-05/2021-10-04,2025-03-25/2025-03-24",2024-11-08/2024-11-12,0.0351,0.0145,-0.0206,0.0066,-3.1258
MAFR 121231 vs 122303,fwhm_400_E,33,12,2021-10-05/2021-10-04,2023-01-27/2023-01-25,2.9069,2.7965,-0.1105,0.0095,-11.6718
MAFR 121231 vs 122303,fwhm_500_E,33,12,2021-10-05/2021-10-04,2023-01-27/2023-01-25,2.8335,2.7157,-0.1178,0.0069,-16.9689
MAFR 121231 vs 122303,fwhm_600_E,33,12,2021-10-05/2021-10-04,2023-01-27/2023-01-25,2.8187,2.6833,-0.1354,0.0093,-14.5790
MAFR 121231 vs 122303,fwhm_700_E,33,12,2021-10-05/2021-10-04,2023-01-27/2023-01-25,2.8624,2.6990,-0.1634,0.0112,-14.6162
MAFR 121231 vs 122303,fwhm_400_Ld,33,12,2021-10-05/2021-10-04,2023-01-27/2023-01-25,2.9301,2.7671,-0.1630,0.0062,-26.3061
MAFR 121231 vs 122303,fwhm_500_Ld,33,12,2021-10-05/2021-10-04,2023-01-27/2023-01-25,2.8872,2.7189,-0.1682,0.0102,-16.4407
MAFR 121231 vs 122303,fwhm_600_Ld,33,12,2021-10-05/2021-10-04,2023-01-27/2023-01-25,2.8883,2.7165,-0.1718,0.0158,-10.8717
MAFR 121231 vs 122303,fwhm_700_Ld,33,12,2021-10-05/2021-10-04,2023-01-27/2023-01-25,2.9335,2.7598,-0.1737,0.0184,-9.4299
MAFR 121231 vs 122303,dfwhm_450_Ld_E,33,12,2021-10-05/2021-10-04,2023-01-27/2023-01-25,0.0402,-0.0128,-0.0530,0.0073,-7.2937
MAFR 121231 vs 122303,doffset_Ld_E,33,12,2021-10-05/2021-10-04,2023-01-27/2023-01-25,0.0266,0.0303,0.0037,0.0056,0.6541
