system_id,cal_period,channel,n,sites,fwhm_400_mean,fwhm_400_std,fwhm_400_range,fwhm_500_mean,fwhm_500_std,fwhm_500_range,fwhm_600_mean,fwhm_600_std,fwhm_600_range,fwhm_700_mean,fwhm_700_std,fwhm_700_range,max_std,passes_0p2,offset_L_E_mean,offset_L_E_std,dfwhm_450_L_E_mean,dfwhm_450_L_E_std,e_grid
HYPSTAR_120242,2024-11-08/2024-11-12,E,9,GAIT,2.1783,0.0132,0.0490,2.1436,0.0163,0.0500,2.1392,0.0247,0.0732,2.1653,0.0268,0.0806,0.0268,True,,,,,proxy
HYPSTAR_120242,2024-11-08/2024-11-12,Ld,9,GAIT,2.7379,0.0125,0.0368,2.6446,0.0179,0.0478,2.5905,0.0317,0.0928,2.5756,0.0493,0.1559,0.0493,True,0.0145,0.0112,0.5292,0.0155,proxy
HYPSTAR_121222,2021-10-05/2021-10-04,E,10,GAIT,2.8167,0.0144,0.0533,2.7189,0.0213,0.0627,2.6779,0.0299,0.0845,2.6936,0.0321,0.0918,0.0321,True,,,,,proxy
HYPSTAR_121222,2021-10-05/2021-10-04,Ld,10,GAIT,2.7964,0.0179,0.0545,2.6868,0.0225,0.0667,2.6403,0.0402,0.1108,2.6570,0.0487,0.1392,0.0487,True,0.0468,0.0152,-0.0270,0.0222,proxy
HYPSTAR_121222,2025-03-25/2025-03-24,E,10,GAIT,2.7881,0.0240,0.0849,2.6956,0.0128,0.0406,2.6637,0.0170,0.0495,2.6923,0.0194,0.0506,0.0240,True,,,,,proxy
HYPSTAR_121222,2025-03-25/2025-03-24,Ld,10,GAIT,2.7921,0.0242,0.0666,2.6946,0.0258,0.0820,2.6541,0.0357,0.1021,2.6705,0.0379,0.1157,0.0379,True,0.0234,0.0267,0.0020,0.0277,proxy
HYPSTAR_121231,2021-10-05/2021-10-04,E,33,MAFR,2.9069,0.0342,0.1329,2.8335,0.0245,0.0936,2.8187,0.0311,0.1294,2.8624,0.0335,0.1365,0.0342,True,,,,,proxy
HYPSTAR_121231,2021-10-05/2021-10-04,Ld,33,MAFR,2.9301,0.0256,0.1152,2.8872,0.0312,0.1196,2.8883,0.0496,0.1988,2.9335,0.0590,0.2227,0.0590,True,0.0266,0.0208,0.0402,0.0310,proxy
HYPSTAR_122302,2023-01-27/2023-01-25,E,60,"BEFR,THFR",2.2272,0.0120,0.0606,2.1990,0.0149,0.0857,2.2027,0.0234,0.1178,2.2383,0.0237,0.1086,0.0237,True,,,,,proxy
HYPSTAR_122302,2023-01-27/2023-01-25,Ld,60,"BEFR,THFR",2.7971,0.0153,0.0710,2.6826,0.0223,0.1360,2.6288,0.0365,0.2396,2.6357,0.0490,0.2891,0.0490,True,0.0144,0.0159,0.5232,0.0177,proxy
HYPSTAR_122303,2023-01-27/2023-01-25,E,12,MAFR,2.7965,0.0255,0.0894,2.7157,0.0190,0.0559,2.6833,0.0261,0.0761,2.6990,0.0330,0.1087,0.0330,True,,,,,proxy
HYPSTAR_122303,2023-01-27/2023-01-25,Ld,12,MAFR,2.7671,0.0149,0.0483,2.7189,0.0300,0.1037,2.7165,0.0458,0.1346,2.7598,0.0530,0.1647,0.0530,True,0.0303,0.0148,-0.0128,0.0169,proxy
HYPSTAR_122304,2023-01-27/2023-01-25,E,30,VEIT,2.3587,0.0147,0.0531,2.3134,0.0168,0.0704,2.3010,0.0251,0.0914,2.3215,0.0247,0.0847,0.0251,True,,,,,proxy
HYPSTAR_122304,2023-01-27/2023-01-25,Ld,30,VEIT,2.8471,0.0130,0.0559,2.7723,0.0259,0.1063,2.7101,0.0391,0.1622,2.6606,0.0461,0.1784,0.0461,True,0.0068,0.0161,0.4761,0.0182,proxy
HYPSTAR_122304,2024-11-08/2024-11-12,E,30,VEIT,2.3842,0.0146,0.0582,2.3412,0.0144,0.0555,2.3296,0.0208,0.0955,2.3496,0.0209,0.0902,0.0209,True,,,,,own
HYPSTAR_122304,2024-11-08/2024-11-12,Ld,30,VEIT,2.8669,0.0159,0.0749,2.7718,0.0244,0.1026,2.6992,0.0341,0.1307,2.6490,0.0385,0.1455,0.0385,True,0.0408,0.0123,0.4578,0.0213,own
HYPSTAR_122305,2023-01-27/2023-01-25,E,30,VEIT,2.7114,0.0291,0.1050,2.6944,0.0216,0.0778,2.6962,0.0363,0.1275,2.7167,0.0419,0.1568,0.0419,True,,,,,proxy
HYPSTAR_122305,2023-01-27/2023-01-25,Ld,30,VEIT,2.8181,0.0196,0.0858,2.7320,0.0227,0.0855,2.6807,0.0320,0.1265,2.6643,0.0388,0.1535,0.0388,True,0.0425,0.0146,0.0701,0.0229,proxy
