instrument,kind,value,method,h,rms_line,rms_away,rms_true_line,n_scenes,reduction,reduction_vs_iii_linear
HYPSTAR_122304,dfwhm_E,-0.3,linear,1,0.0001447,5.165e-05,2.563e-05,25,0,0
HYPSTAR_122304,dfwhm_E,-0.3,linear,5,9.105e-06,4.031e-06,1.086e-05,25,0,0
HYPSTAR_122304,dfwhm_E,-0.3,ruddick2023,1,0.0001578,5.764e-05,2.563e-05,25,-0.09175,-0.09175
HYPSTAR_122304,dfwhm_E,-0.3,ruddick2023,5,1.006e-05,4.417e-06,1.086e-05,25,-0.1046,-0.1046
HYPSTAR_122304,dfwhm_E,-0.3,srf,1,0.0001355,5.376e-05,2.563e-05,25,0.06329,0.06329
HYPSTAR_122304,dfwhm_E,-0.3,srf,5,7.767e-06,3.352e-06,1.086e-05,25,0.1469,0.1469
HYPSTAR_122304,dfwhm_E,-0.2,linear,1,0.0001447,5.165e-05,2.563e-05,25,0,0
HYPSTAR_122304,dfwhm_E,-0.2,linear,5,9.105e-06,4.031e-06,1.086e-05,25,0,0
HYPSTAR_122304,dfwhm_E,-0.2,ruddick2023,1,0.0001563,5.679e-05,2.563e-05,25,-0.08059,-0.08059
HYPSTAR_122304,dfwhm_E,-0.2,ruddick2023,5,9.959e-06,4.384e-06,1.086e-05,25,-0.09356,-0.09356
HYPSTAR_122304,dfwhm_E,-0.2,srf,1,8.625e-05,3.364e-05,2.563e-05,25,0.4036,0.4036
HYPSTAR_122304,dfwhm_E,-0.2,srf,5,4.995e-06,2.162e-06,1.086e-05,25,0.4513,0.4513
HYPSTAR_122304,dfwhm_E,-0.1,linear,1,0.0001447,5.165e-05,2.563e-05,25,0,0
HYPSTAR_122304,dfwhm_E,-0.1,linear,5,9.105e-06,4.031e-06,1.086e-05,25,0,0
HYPSTAR_122304,dfwhm_E,-0.1,ruddick2023,1,0.0001549,5.605e-05,2.563e-05,25,-0.07098,-0.07098
HYPSTAR_122304,dfwhm_E,-0.1,ruddick2023,5,9.867e-06,4.352e-06,1.086e-05,25,-0.08355,-0.08355
HYPSTAR_122304,dfwhm_E,-0.1,srf,1,4.118e-05,1.58e-05,2.563e-05,25,0.7152,0.7152
HYPSTAR_122304,dfwhm_E,-0.1,srf,5,2.408e-06,1.046e-06,1.086e-05,25,0.7355,0.7355
HYPSTAR_122304,dfwhm_E,-0.05,linear,1,0.0001447,5.165e-05,2.563e-05,25,0,0
HYPSTAR_122304,dfwhm_E,-0.05,linear,5,9.105e-06,4.031e-06,1.086e-05,25,0,0
HYPSTAR_122304,dfwhm_E,-0.05,ruddick2023,1,0.0001543,5.572e-05,2.563e-05,25,-0.0666,-0.0666
HYPSTAR_122304,dfwhm_E,-0.05,ruddick2023,5,9.825e-06,4.338e-06,1.086e-05,25,-0.07891,-0.07891
HYPSTAR_122304,dfwhm_E,-0.05,srf,1,2.012e-05,7.658e-06,2.563e-05,25,0.8609,0.8609
HYPSTAR_122304,dfwhm_E,-0.05,srf,5,1.182e-06,5.153e-07,1.086e-05,25,0.8702,0.8702
HYPSTAR_122304,dfwhm_E,0,linear,1,0.0001447,5.165e-05,2.563e-05,25,0,0
HYPSTAR_122304,dfwhm_E,0,linear,5,9.105e-06,4.031e-06,1.086e-05,25,0,0
HYPSTAR_122304,dfwhm_E,0,ruddick2023,1,0.0001537,5.541e-05,2.563e-05,25,-0.06233,-0.06233
HYPSTAR_122304,dfwhm_E,0,ruddick2023,5,9.784e-06,4.324e-06,1.086e-05,25,-0.07449,-0.07449
HYPSTAR_122304,dfwhm_E,0,srf,1,6.941e-08,3.504e-08,2.563e-05,25,0.9996,0.9996
HYPSTAR_122304,dfwhm_E,0,srf,5,1.482e-08,1.302e-08,1.086e-05,25,0.9988,0.9988
HYPSTAR_122304,dfwhm_E,0.05,linear,1,0.0001447,5.165e-05,2.563e-05,25,0,0
HYPSTAR_122304,dfwhm_E,0.05,linear,5,9.105e-06,4.031e-06,1.086e-05,25,0,0
HYPSTAR_122304,dfwhm_E,0.05,ruddick2023,1,0.0001531,5.513e-05,2.563e-05,25,-0.05836,-0.05836
HYPSTAR_122304,dfwhm_E,0.05,ruddick2023,5,9.746e-06,4.31e-06,1.086e-05,25,-0.07031,-0.07031
HYPSTAR_122304,dfwhm_E,0.05,srf,1,1.922e-05,7.206e-06,2.563e-05,25,0.8671,0.8671
HYPSTAR_122304,dfwhm_E,0.05,srf,5,1.145e-06,4.969e-07,1.086e-05,25,0.8742,0.8742
HYPSTAR_122304,dfwhm_E,0.1,linear,1,0.0001447,5.165e-05,2.563e-05,25,0,0
HYPSTAR_122304,dfwhm_E,0.1,linear,5,9.105e-06,4.031e-06,1.086e-05,25,0,0
HYPSTAR_122304,dfwhm_E,0.1,ruddick2023,1,0.0001526,5.486e-05,2.563e-05,25,-0.05464,-0.05464
HYPSTAR_122304,dfwhm_E,0.1,ruddick2023,5,9.71e-06,4.297e-06,1.086e-05,25,-0.06634,-0.06634
HYPSTAR_122304,dfwhm_E,0.1,srf,1,3.755e-05,1.398e-05,2.563e-05,25,0.7403,0.7403
HYPSTAR_122304,dfwhm_E,0.1,srf,5,2.245e-06,9.772e-07,1.086e-05,25,0.7534,0.7534
HYPSTAR_122304,dfwhm_E,0.2,linear,1,0.0001447,5.165e-05,2.563e-05,25,0,0
HYPSTAR_122304,dfwhm_E,0.2,linear,5,9.105e-06,4.031e-06,1.086e-05,25,0,0
HYPSTAR_122304,dfwhm_E,0.2,ruddick2023,1,0.0001516,5.439e-05,2.563e-05,25,-0.04778,-0.04778
HYPSTAR_122304,dfwhm_E,0.2,ruddick2023,5,9.643e-06,4.273e-06,1.086e-05,25,-0.05904,-0.05904
HYPSTAR_122304,dfwhm_E,0.2,srf,1,7.172e-05,2.635e-05,2.563e-05,25,0.504,0.504
HYPSTAR_122304,dfwhm_E,0.2,srf,5,4.33e-06,1.89e-06,1.086e-05,25,0.5244,0.5244
HYPSTAR_122304,dfwhm_E,0.3,linear,1,0.0001447,5.165e-05,2.563e-05,25,0,0
HYPSTAR_122304,dfwhm_E,0.3,linear,5,9.105e-06,4.031e-06,1.086e-05,25,0,0
HYPSTAR_122304,dfwhm_E,0.3,ruddick2023,1,0.0001507,5.399e-05,2.563e-05,25,-0.04164,-0.04164
HYPSTAR_122304,dfwhm_E,0.3,ruddick2023,5,9.584e-06,4.251e-06,1.086e-05,25,-0.05252,-0.05252
HYPSTAR_122304,dfwhm_E,0.3,srf,1,0.0001027,3.729e-05,2.563e-05,25,0.2895,0.2895
HYPSTAR_122304,dfwhm_E,0.3,srf,5,6.276e-06,2.744e-06,1.086e-05,25,0.3107,0.3107
HYPSTAR_122304,dfwhm_L,-0.3,linear,1,0.0001447,5.165e-05,2.563e-05,25,0,0
HYPSTAR_122304,dfwhm_L,-0.3,linear,5,9.105e-06,4.031e-06,1.086e-05,25,0,0
HYPSTAR_122304,dfwhm_L,-0.3,ruddick2023,1,0.0001537,5.541e-05,2.563e-05,25,-0.06233,-0.06233
HYPSTAR_122304,dfwhm_L,-0.3,ruddick2023,5,9.784e-06,4.324e-06,1.086e-05,25,-0.07449,-0.07449
HYPSTAR_122304,dfwhm_L,-0.3,srf,1,8.93e-05,3.133e-05,2.563e-05,25,0.3825,0.3825
HYPSTAR_122304,dfwhm_L,-0.3,srf,5,5.675e-06,2.468e-06,1.086e-05,25,0.3766,0.3766
HYPSTAR_122304,dfwhm_L,-0.2,linear,1,0.0001447,5.165e-05,2.563e-05,25,0,0
HYPSTAR_122304,dfwhm_L,-0.2,linear,5,9.105e-06,4.031e-06,1.086e-05,25,0,0
HYPSTAR_122304,dfwhm_L,-0.2,ruddick2023,1,0.0001537,5.541e-05,2.563e-05,25,-0.06233,-0.06233
HYPSTAR_122304,dfwhm_L,-0.2,ruddick2023,5,9.784e-06,4.324e-06,1.086e-05,25,-0.07449,-0.07449
HYPSTAR_122304,dfwhm_L,-0.2,srf,1,5.645e-05,1.963e-05,2.563e-05,25,0.6096,0.6096
HYPSTAR_122304,dfwhm_L,-0.2,srf,5,3.658e-06,1.588e-06,1.086e-05,25,0.5982,0.5982
HYPSTAR_122304,dfwhm_L,-0.1,linear,1,0.0001447,5.165e-05,2.563e-05,25,0,0
HYPSTAR_122304,dfwhm_L,-0.1,linear,5,9.105e-06,4.031e-06,1.086e-05,25,0,0
HYPSTAR_122304,dfwhm_L,-0.1,ruddick2023,1,0.0001537,5.541e-05,2.563e-05,25,-0.06233,-0.06233
HYPSTAR_122304,dfwhm_L,-0.1,ruddick2023,5,9.784e-06,4.324e-06,1.086e-05,25,-0.07449,-0.07449
HYPSTAR_122304,dfwhm_L,-0.1,srf,1,2.678e-05,9.233e-06,2.563e-05,25,0.8148,0.8148
HYPSTAR_122304,dfwhm_L,-0.1,srf,5,1.773e-06,7.671e-07,1.086e-05,25,0.8052,0.8052
HYPSTAR_122304,dfwhm_L,-0.05,linear,1,0.0001447,5.165e-05,2.563e-05,25,0,0
HYPSTAR_122304,dfwhm_L,-0.05,linear,5,9.105e-06,4.031e-06,1.086e-05,25,0,0
HYPSTAR_122304,dfwhm_L,-0.05,ruddick2023,1,0.0001537,5.541e-05,2.563e-05,25,-0.06233,-0.06233
HYPSTAR_122304,dfwhm_L,-0.05,ruddick2023,5,9.784e-06,4.324e-06,1.086e-05,25,-0.07449,-0.07449
HYPSTAR_122304,dfwhm_L,-0.05,srf,1,1.304e-05,4.481e-06,2.563e-05,25,0.9098,0.9098
HYPSTAR_122304,dfwhm_L,-0.05,srf,5,8.745e-07,3.773e-07,1.086e-05,25,0.9039,0.9039
HYPSTAR_122304,dfwhm_L,0,linear,1,0.0001447,5.165e-05,2.563e-05,25,0,0
HYPSTAR_122304,dfwhm_L,0,linear,5,9.105e-06,4.031e-06,1.086e-05,25,0,0
HYPSTAR_122304,dfwhm_L,0,ruddick2023,1,0.0001537,5.541e-05,2.563e-05,25,-0.06233,-0.06233
HYPSTAR_122304,dfwhm_L,0,ruddick2023,5,9.784e-06,4.324e-06,1.086e-05,25,-0.07449,-0.07449
HYPSTAR_122304,dfwhm_L,0,srf,1,6.941e-08,3.504e-08,2.563e-05,25,0.9996,0.9996
HYPSTAR_122304,dfwhm_L,0,srf,5,1.482e-08,1.302e-08,1.086e-05,25,0.9988,0.9988
HYPSTAR_122304,dfwhm_L,0.05,linear,1,0.0001447,5.165e-05,2.563e-05,25,0,0
HYPSTAR_122304,dfwhm_L,0.05,linear,5,9.105e-06,4.031e-06,1.086e-05,25,0,0
HYPSTAR_122304,dfwhm_L,0.05,ruddick2023,1,0.0001537,5.541e-05,2.563e-05,25,-0.06233,-0.06233
HYPSTAR_122304,dfwhm_L,0.05,ruddick2023,5,9.784e-06,4.324e-06,1.086e-05,25,-0.07449,-0.07449
HYPSTAR_122304,dfwhm_L,0.05,srf,1,1.238e-05,4.223e-06,2.563e-05,25,0.9144,0.9144
HYPSTAR_122304,dfwhm_L,0.05,srf,5,8.519e-07,3.676e-07,1.086e-05,25,0.9064,0.9064
HYPSTAR_122304,dfwhm_L,0.1,linear,1,0.0001447,5.165e-05,2.563e-05,25,0,0
HYPSTAR_122304,dfwhm_L,0.1,linear,5,9.105e-06,4.031e-06,1.086e-05,25,0,0
HYPSTAR_122304,dfwhm_L,0.1,ruddick2023,1,0.0001537,5.541e-05,2.563e-05,25,-0.06233,-0.06233
HYPSTAR_122304,dfwhm_L,0.1,ruddick2023,5,9.784e-06,4.324e-06,1.086e-05,25,-0.07449,-0.07449
HYPSTAR_122304,dfwhm_L,0.1,srf,1,2.413e-05,8.207e-06,2.563e-05,25,0.8331,0.8331
HYPSTAR_122304,dfwhm_L,0.1,srf,5,1.682e-06,7.215e-07,1.086e-05,25,0.8153,0.8153
HYPSTAR_122304,dfwhm_L,0.2,linear,1,0.0001447,5.165e-05,2.563e-05,25,0,0
HYPSTAR_122304,dfwhm_L,0.2,linear,5,9.105e-06,4.031e-06,1.086e-05,25,0,0
HYPSTAR_122304,dfwhm_L,0.2,ruddick2023,1,0.0001537,5.541e-05,2.563e-05,25,-0.06233,-0.06233
HYPSTAR_122304,dfwhm_L,0.2,ruddick2023,5,9.784e-06,4.324e-06,1.086e-05,25,-0.07449,-0.07449
HYPSTAR_122304,dfwhm_L,0.2,srf,1,4.585e-05,1.551e-05,2.563e-05,25,0.6829,0.6829
HYPSTAR_122304,dfwhm_L,0.2,srf,5,3.288e-06,1.399e-06,1.086e-05,25,0.6388,0.6388
HYPSTAR_122304,dfwhm_L,0.3,linear,1,0.0001447,5.165e-05,2.563e-05,25,0,0
HYPSTAR_122304,dfwhm_L,0.3,linear,5,9.105e-06,4.031e-06,1.086e-05,25,0,0
HYPSTAR_122304,dfwhm_L,0.3,ruddick2023,1,0.0001537,5.541e-05,2.563e-05,25,-0.06233,-0.06233
HYPSTAR_122304,dfwhm_L,0.3,ruddick2023,5,9.784e-06,4.324e-06,1.086e-05,25,-0.07449,-0.07449
HYPSTAR_122304,dfwhm_L,0.3,srf,1,6.539e-05,2.202e-05,2.563e-05,25,0.5479,0.5479
HYPSTAR_122304,dfwhm_L,0.3,srf,5,4.839e-06,2.04e-06,1.086e-05,25,0.4685,0.4685
HYPSTAR_122304,pwv_factor,0.5,linear,1,0.0001447,5.165e-05,2.563e-05,25,0,0
HYPSTAR_122304,pwv_factor,0.5,linear,5,9.105e-06,4.031e-06,1.086e-05,25,0,0
HYPSTAR_122304,pwv_factor,0.5,ruddick2023,1,0.0001537,5.541e-05,2.563e-05,25,-0.06226,-0.06226
HYPSTAR_122304,pwv_factor,0.5,ruddick2023,5,9.784e-06,4.323e-06,1.086e-05,25,-0.07448,-0.07448
HYPSTAR_122304,pwv_factor,0.5,srf,1,8.936e-07,6.037e-07,2.563e-05,25,0.9938,0.9938
HYPSTAR_122304,pwv_factor,0.5,srf,5,6.148e-08,4.577e-08,1.086e-05,25,0.9932,0.9932
HYPSTAR_122304,pwv_factor,0.75,linear,1,0.0001447,5.165e-05,2.563e-05,25,0,0
HYPSTAR_122304,pwv_factor,0.75,linear,5,9.105e-06,4.031e-06,1.086e-05,25,0,0
HYPSTAR_122304,pwv_factor,0.75,ruddick2023,1,0.0001537,5.541e-05,2.563e-05,25,-0.06228,-0.06228
HYPSTAR_122304,pwv_factor,0.75,ruddick2023,5,9.784e-06,4.324e-06,1.086e-05,25,-0.07449,-0.07449
HYPSTAR_122304,pwv_factor,0.75,srf,1,4.524e-07,3.029e-07,2.563e-05,25,0.9969,0.9969
HYPSTAR_122304,pwv_factor,0.75,srf,5,4.299e-08,2.901e-08,1.086e-05,25,0.9956,0.9956
HYPSTAR_122304,pwv_factor,1,linear,1,0.0001447,5.165e-05,2.563e-05,25,0,0
HYPSTAR_122304,pwv_factor,1,linear,5,9.105e-06,4.031e-06,1.086e-05,25,0,0
HYPSTAR_122304,pwv_factor,1,ruddick2023,1,0.0001537,5.541e-05,2.563e-05,25,-0.06233,-0.06233
HYPSTAR_122304,pwv_factor,1,ruddick2023,5,9.784e-06,4.324e-06,1.086e-05,25,-0.07449,-0.07449
HYPSTAR_122304,pwv_factor,1,srf,1,6.941e-08,3.504e-08,2.563e-05,25,0.9996,0.9996
HYPSTAR_122304,pwv_factor,1,srf,5,1.482e-08,1.302e-08,1.086e-05,25,0.9988,0.9988
HYPSTAR_122304,pwv_factor,1.5,linear,1,0.0001447,5.165e-05,2.563e-05,25,0,0
HYPSTAR_122304,pwv_factor,1.5,linear,5,9.105e-06,4.031e-06,1.086e-05,25,0,0
HYPSTAR_122304,pwv_factor,1.5,ruddick2023,1,0.0001537,5.541e-05,2.563e-05,25,-0.06247,-0.06247
HYPSTAR_122304,pwv_factor,1.5,ruddick2023,5,9.785e-06,4.324e-06,1.086e-05,25,-0.07451,-0.07451
HYPSTAR_122304,pwv_factor,1.5,srf,1,7.916e-07,5.776e-07,2.563e-05,25,0.9945,0.9945
HYPSTAR_122304,pwv_factor,1.5,srf,5,6.166e-08,4.204e-08,1.086e-05,25,0.9938,0.9938
HYPSTAR_122304,pwv_factor,2,linear,1,0.0001447,5.165e-05,2.563e-05,25,0,0
HYPSTAR_122304,pwv_factor,2,linear,5,9.105e-06,4.031e-06,1.086e-05,25,0,0
HYPSTAR_122304,pwv_factor,2,ruddick2023,1,0.0001537,5.542e-05,2.563e-05,25,-0.06259,-0.06259
HYPSTAR_122304,pwv_factor,2,ruddick2023,5,9.785e-06,4.324e-06,1.086e-05,25,-0.07452,-0.07452
HYPSTAR_122304,pwv_factor,2,srf,1,1.505e-06,1.13e-06,2.563e-05,25,0.9896,0.9896
HYPSTAR_122304,pwv_factor,2,srf,5,1.094e-07,7.277e-08,1.086e-05,25,0.988,0.988
HYPSTAR_122304,pwv_factor,3,linear,1,0.0001447,5.165e-05,2.563e-05,25,0,0
HYPSTAR_122304,pwv_factor,3,linear,5,9.105e-06,4.031e-06,1.086e-05,25,0,0
HYPSTAR_122304,pwv_factor,3,ruddick2023,1,0.0001537,5.542e-05,2.563e-05,25,-0.06265,-0.06265
HYPSTAR_122304,pwv_factor,3,ruddick2023,5,9.785e-06,4.324e-06,1.086e-05,25,-0.07455,-0.07455
HYPSTAR_122304,pwv_factor,3,srf,1,2.758e-06,2.204e-06,2.563e-05,25,0.9809,0.9809
HYPSTAR_122304,pwv_factor,3,srf,5,2.074e-07,1.267e-07,1.086e-05,25,0.9772,0.9772
HYPSTAR_122304,shift,-0.3,linear,1,0.0001981,6.723e-05,2.563e-05,25,0,-0.3701
HYPSTAR_122304,shift,-0.3,linear,5,1.468e-05,7.864e-06,1.086e-05,25,0,-0.6124
HYPSTAR_122304,shift,-0.3,ruddick2023,1,0.0002012,6.88e-05,2.563e-05,25,-0.01662,-0.3914
HYPSTAR_122304,shift,-0.3,ruddick2023,5,1.494e-05,7.988e-06,1.086e-05,25,-0.01762,-0.6408
HYPSTAR_122304,shift,-0.3,srf,1,0.0001737,5.826e-05,2.563e-05,25,0.1232,-0.201
HYPSTAR_122304,shift,-0.3,srf,5,1.349e-05,6.673e-06,1.086e-05,25,0.08045,-0.4815
HYPSTAR_122304,shift,-0.2,linear,1,0.0001707,5.92e-05,2.563e-05,25,0,-0.1805
HYPSTAR_122304,shift,-0.2,linear,5,1.182e-05,6.218e-06,1.086e-05,25,0,-0.2985
HYPSTAR_122304,shift,-0.2,ruddick2023,1,0.0001761,6.168e-05,2.563e-05,25,-0.0325,-0.218
HYPSTAR_122304,shift,-0.2,ruddick2023,5,1.224e-05,6.399e-06,1.086e-05,25,-0.03512,-0.3441
HYPSTAR_122304,shift,-0.2,srf,1,0.000116,3.906e-05,2.563e-05,25,0.3208,0.1981
HYPSTAR_122304,shift,-0.2,srf,5,9.008e-06,4.448e-06,1.086e-05,25,0.2379,0.01065
HYPSTAR_122304,shift,-0.1,linear,1,0.0001518,5.37e-05,2.563e-05,25,0,-0.04939
HYPSTAR_122304,shift,-0.1,linear,5,9.782e-06,4.842e-06,1.086e-05,25,0,-0.07441
HYPSTAR_122304,shift,-0.1,ruddick2023,1,0.0001594,5.698e-05,2.563e-05,25,-0.0506,-0.1052
HYPSTAR_122304,shift,-0.1,ruddick2023,5,1.037e-05,5.087e-06,1.086e-05,25,-0.05959,-0.1385
HYPSTAR_122304,shift,-0.1,srf,1,5.802e-05,1.961e-05,2.563e-05,25,0.6177,0.5988
HYPSTAR_122304,shift,-0.1,srf,5,4.514e-06,2.228e-06,1.086e-05,25,0.5386,0.5042
HYPSTAR_122304,shift,-0.05,linear,1,0.0001466,5.219e-05,2.563e-05,25,0,-0.01332
HYPSTAR_122304,shift,-0.05,linear,5,9.242e-06,4.339e-06,1.086e-05,25,0,-0.0151
HYPSTAR_122304,shift,-0.05,ruddick2023,1,0.000155,5.577e-05,2.563e-05,25,-0.05785,-0.07274
HYPSTAR_122304,shift,-0.05,ruddick2023,5,9.889e-06,4.614e-06,1.086e-05,25,-0.06995,-0.08709
HYPSTAR_122304,shift,-0.05,srf,1,2.907e-05,9.835e-06,2.563e-05,25,0.8016,0.799
HYPSTAR_122304,shift,-0.05,srf,5,2.267e-06,1.122e-06,1.086e-05,25,0.7548,0.7511
HYPSTAR_122304,shift,-0.02,linear,1,0.000145,5.175e-05,2.563e-05,25,0,-0.002456
HYPSTAR_122304,shift,-0.02,linear,5,9.109e-06,4.127e-06,1.086e-05,25,0,-0.0005052
HYPSTAR_122304,shift,-0.02,ruddick2023,1,0.0001539,5.545e-05,2.563e-05,25,-0.06103,-0.06371
HYPSTAR_122304,shift,-0.02,ruddick2023,5,9.78e-06,4.415e-06,1.086e-05,25,-0.07355,-0.07374
HYPSTAR_122304,shift,-0.02,srf,1,1.173e-05,3.966e-06,2.563e-05,25,0.9191,0.9189
HYPSTAR_122304,shift,-0.02,srf,5,9.19e-07,4.596e-07,1.086e-05,25,0.8991,0.8991
HYPSTAR_122304,shift,0,linear,1,0.0001447,5.165e-05,2.563e-05,25,0,0
HYPSTAR_122304,shift,0,linear,5,9.105e-06,4.031e-06,1.086e-05,25,0,0
HYPSTAR_122304,shift,0,ruddick2023,1,0.0001537,5.541e-05,2.563e-05,25,-0.06233,-0.06233
HYPSTAR_122304,shift,0,ruddick2023,5,9.784e-06,4.324e-06,1.086e-05,25,-0.07449,-0.07449
HYPSTAR_122304,shift,0,srf,1,6.941e-08,3.504e-08,2.563e-05,25,0.9996,0.9996
HYPSTAR_122304,shift,0,srf,5,1.482e-08,1.302e-08,1.086e-05,25,0.9988,0.9988
HYPSTAR_122304,shift,0.02,linear,1,0.0001449,5.171e-05,2.563e-05,25,0,-0.00134
HYPSTAR_122304,shift,0.02,linear,5,9.169e-06,3.973e-06,1.086e-05,25,0,-0.007197
HYPSTAR_122304,shift,0.02,ruddick2023,1,0.000154,5.551e-05,2.563e-05,25,-0.06306,-0.06453
HYPSTAR_122304,shift,0.02,ruddick2023,5,9.851e-06,4.268e-06,1.086e-05,25,-0.07421,-0.08181
HYPSTAR_122304,shift,0.02,srf,1,1.153e-05,3.914e-06,2.563e-05,25,0.9204,0.9203
HYPSTAR_122304,shift,0.02,srf,5,8.992e-07,4.391e-07,1.086e-05,25,0.9019,0.9012
HYPSTAR_122304,shift,0.05,linear,1,0.0001462,5.21e-05,2.563e-05,25,0,-0.01046
HYPSTAR_122304,shift,0.05,linear,5,9.389e-06,3.961e-06,1.086e-05,25,0,-0.03136
HYPSTAR_122304,shift,0.05,ruddick2023,1,0.0001554,5.592e-05,2.563e-05,25,-0.063,-0.0741
HYPSTAR_122304,shift,0.05,ruddick2023,5,1.006e-05,4.252e-06,1.086e-05,25,-0.07163,-0.1052
HYPSTAR_122304,shift,0.05,srf,1,2.879e-05,9.775e-06,2.563e-05,25,0.803,0.8009
HYPSTAR_122304,shift,0.05,srf,5,2.245e-06,1.098e-06,1.086e-05,25,0.7609,0.7534
HYPSTAR_122304,shift,0.1,linear,1,0.000151,5.35e-05,2.563e-05,25,0,-0.04327
HYPSTAR_122304,shift,0.1,linear,5,1.005e-05,4.137e-06,1.086e-05,25,0,-0.104
HYPSTAR_122304,shift,0.1,ruddick2023,1,0.00016,5.726e-05,2.563e-05,25,-0.06013,-0.1091
HYPSTAR_122304,shift,0.1,ruddick2023,5,1.068e-05,4.408e-06,1.086e-05,25,-0.06315,-0.1737
HYPSTAR_122304,shift,0.1,srf,1,5.743e-05,1.952e-05,2.563e-05,25,0.6193,0.6029
HYPSTAR_122304,shift,0.1,srf,5,4.484e-06,2.19e-06,1.086e-05,25,0.5537,0.5074
HYPSTAR_122304,shift,0.2,linear,1,0.0001687,5.88e-05,2.563e-05,25,0,-0.1656
HYPSTAR_122304,shift,0.2,linear,5,1.221e-05,5.087e-06,1.086e-05,25,0,-0.3414
HYPSTAR_122304,shift,0.2,ruddick2023,1,0.0001767,6.213e-05,2.563e-05,25,-0.04755,-0.221
HYPSTAR_122304,shift,0.2,ruddick2023,5,1.272e-05,5.286e-06,1.086e-05,25,-0.04173,-0.3973
HYPSTAR_122304,shift,0.2,srf,1,0.0001141,3.885e-05,2.563e-05,25,0.323,0.211
HYPSTAR_122304,shift,0.2,srf,5,8.947e-06,4.356e-06,1.086e-05,25,0.2671,0.01722
HYPSTAR_122304,shift,0.3,linear,1,0.0001942,6.659e-05,2.563e-05,25,0,-0.3422
HYPSTAR_122304,shift,0.3,linear,5,1.505e-05,6.504e-06,1.086e-05,25,0,-0.6534
HYPSTAR_122304,shift,0.3,ruddick2023,1,0.0002006,6.926e-05,2.563e-05,25,-0.03305,-0.3866
HYPSTAR_122304,shift,0.3,ruddick2023,5,1.543e-05,6.635e-06,1.086e-05,25,-0.02485,-0.6945
HYPSTAR_122304,shift,0.3,srf,1,0.0001697,5.784e-05,2.563e-05,25,0.1256,-0.1735
HYPSTAR_122304,shift,0.3,srf,5,1.338e-05,6.488e-06,1.086e-05,25,0.1107,-0.4702
HYPSTAR_122304,stretch,-0.2,linear,1,0.0001598,5.609e-05,2.563e-05,25,0,-0.1027
HYPSTAR_122304,stretch,-0.2,linear,5,1.114e-05,4.809e-06,1.086e-05,25,0,-0.2263
HYPSTAR_122304,stretch,-0.2,ruddick2023,1,0.0001684,5.964e-05,2.563e-05,25,-0.05386,-0.1623
HYPSTAR_122304,stretch,-0.2,ruddick2023,5,1.171e-05,5.024e-06,1.086e-05,25,-0.05045,-0.2859
HYPSTAR_122304,stretch,-0.2,srf,1,9.033e-05,3.148e-05,2.563e-05,25,0.4351,0.377
HYPSTAR_122304,stretch,-0.2,srf,5,7.091e-06,3.898e-06,1.086e-05,25,0.363,0.2162
HYPSTAR_122304,stretch,-0.1,linear,1,0.0001485,5.27e-05,2.563e-05,25,0,-0.02563
HYPSTAR_122304,stretch,-0.1,linear,5,9.727e-06,4.061e-06,1.086e-05,25,0,-0.06859
HYPSTAR_122304,stretch,-0.1,ruddick2023,1,0.0001577,5.652e-05,2.563e-05,25,-0.06202,-0.08942
HYPSTAR_122304,stretch,-0.1,ruddick2023,5,1.038e-05,4.338e-06,1.086e-05,25,-0.06726,-0.1391
HYPSTAR_122304,stretch,-0.1,srf,1,4.545e-05,1.58e-05,2.563e-05,25,0.6949,0.6871
HYPSTAR_122304,stretch,-0.1,srf,5,3.551e-06,1.96e-06,1.086e-05,25,0.6328,0.6077
HYPSTAR_122304,stretch,-0.05,linear,1,0.0001456,5.187e-05,2.563e-05,25,0,-0.005792
HYPSTAR_122304,stretch,-0.05,linear,5,9.3e-06,3.945e-06,1.086e-05,25,0,-0.02083
HYPSTAR_122304,stretch,-0.05,ruddick2023,1,0.0001548,5.57e-05,2.563e-05,25,-0.06336,-0.06983
HYPSTAR_122304,stretch,-0.05,ruddick2023,5,9.978e-06,4.238e-06,1.086e-05,25,-0.07285,-0.09547
HYPSTAR_122304,stretch,-0.05,srf,1,2.28e-05,7.908e-06,2.563e-05,25,0.8446,0.8437
HYPSTAR_122304,stretch,-0.05,srf,5,1.777e-06,9.824e-07,1.086e-05,25,0.8077,0.8036
HYPSTAR_122304,stretch,0,linear,1,0.0001447,5.165e-05,2.563e-05,25,0,0
HYPSTAR_122304,stretch,0,linear,5,9.105e-06,4.031e-06,1.086e-05,25,0,0
HYPSTAR_122304,stretch,0,ruddick2023,1,0.0001537,5.541e-05,2.563e-05,25,-0.06233,-0.06233
HYPSTAR_122304,stretch,0,ruddick2023,5,9.784e-06,4.324e-06,1.086e-05,25,-0.07449,-0.07449
HYPSTAR_122304,stretch,0,srf,1,6.941e-08,3.504e-08,2.563e-05,25,0.9996,0.9996
HYPSTAR_122304,stretch,0,srf,5,1.482e-08,1.302e-08,1.086e-05,25,0.9988,0.9988
HYPSTAR_122304,stretch,0.05,linear,1,0.0001459,5.207e-05,2.563e-05,25,0,-0.008819
HYPSTAR_122304,stretch,0.05,linear,5,9.163e-06,4.309e-06,1.086e-05,25,0,-0.006395
HYPSTAR_122304,stretch,0.05,ruddick2023,1,0.0001545,5.568e-05,2.563e-05,25,-0.05891,-0.06822
HYPSTAR_122304,stretch,0.05,ruddick2023,5,9.818e-06,4.585e-06,1.086e-05,25,-0.07143,-0.07762
HYPSTAR_122304,stretch,0.05,srf,1,2.311e-05,7.964e-06,2.563e-05,25,0.8429,0.8416
HYPSTAR_122304,stretch,0.05,srf,5,1.801e-06,1.007e-06,1.086e-05,25,0.8045,0.8032
HYPSTAR_122304,stretch,0.1,linear,1,0.0001493,5.311e-05,2.563e-05,25,0,-0.03206
HYPSTAR_122304,stretch,0.1,linear,5,9.468e-06,4.747e-06,1.086e-05,25,0,-0.03987
HYPSTAR_122304,stretch,0.1,ruddick2023,1,0.0001572,5.648e-05,2.563e-05,25,-0.0541,-0.0872
HYPSTAR_122304,stretch,0.1,ruddick2023,5,1.008e-05,4.998e-06,1.086e-05,25,-0.06424,-0.1084
HYPSTAR_122304,stretch,0.1,srf,1,4.613e-05,1.587e-05,2.563e-05,25,0.6922,0.6824
HYPSTAR_122304,stretch,0.1,srf,5,3.579e-06,1.999e-06,1.086e-05,25,0.6219,0.6068
HYPSTAR_122304,stretch,0.2,linear,1,0.0001618,5.687e-05,2.563e-05,25,0,-0.1175
HYPSTAR_122304,stretch,0.2,linear,5,1.073e-05,5.944e-06,1.086e-05,25,0,-0.1782
HYPSTAR_122304,stretch,0.2,ruddick2023,1,0.000168,5.96e-05,2.563e-05,25,-0.04115,-0.1611
HYPSTAR_122304,stretch,0.2,ruddick2023,5,1.12e-05,6.138e-06,1.086e-05,25,-0.04425,-0.2304
HYPSTAR_122304,stretch,0.2,srf,1,9.244e-05,3.161e-05,2.563e-05,25,0.4296,0.3623
HYPSTAR_122304,stretch,0.2,srf,5,7.136e-06,3.991e-06,1.086e-05,25,0.3351,0.2133
HYPSTAR_122304,sza_offset,-10,linear,1,0.0001447,5.165e-05,2.563e-05,25,0,0
HYPSTAR_122304,sza_offset,-10,linear,5,9.105e-06,4.031e-06,1.086e-05,25,0,0
HYPSTAR_122304,sza_offset,-10,ruddick2023,1,0.0001537,5.541e-05,2.563e-05,25,-0.06226,-0.06226
HYPSTAR_122304,sza_offset,-10,ruddick2023,5,9.784e-06,4.324e-06,1.086e-05,25,-0.07449,-0.07449
HYPSTAR_122304,sza_offset,-10,srf,1,4.622e-07,2.037e-07,2.563e-05,25,0.9965,0.9965
HYPSTAR_122304,sza_offset,-10,srf,5,4.967e-08,2.574e-08,1.086e-05,25,0.9964,0.9964
HYPSTAR_122304,sza_offset,-5,linear,1,0.0001447,5.165e-05,2.563e-05,25,0,0
HYPSTAR_122304,sza_offset,-5,linear,5,9.105e-06,4.031e-06,1.086e-05,25,0,0
HYPSTAR_122304,sza_offset,-5,ruddick2023,1,0.0001537,5.541e-05,2.563e-05,25,-0.06227,-0.06227
HYPSTAR_122304,sza_offset,-5,ruddick2023,5,9.784e-06,4.324e-06,1.086e-05,25,-0.07449,-0.07449
HYPSTAR_122304,sza_offset,-5,srf,1,2.64e-07,1.28e-07,2.563e-05,25,0.9981,0.9981
HYPSTAR_122304,sza_offset,-5,srf,5,3.572e-08,1.948e-08,1.086e-05,25,0.9972,0.9972
HYPSTAR_122304,sza_offset,-2,linear,1,0.0001447,5.165e-05,2.563e-05,25,0,0
HYPSTAR_122304,sza_offset,-2,linear,5,9.105e-06,4.031e-06,1.086e-05,25,0,0
HYPSTAR_122304,sza_offset,-2,ruddick2023,1,0.0001537,5.541e-05,2.563e-05,25,-0.06228,-0.06228
HYPSTAR_122304,sza_offset,-2,ruddick2023,5,9.784e-06,4.324e-06,1.086e-05,25,-0.07449,-0.07449
HYPSTAR_122304,sza_offset,-2,srf,1,2.037e-07,8.85e-08,2.563e-05,25,0.999,0.999
HYPSTAR_122304,sza_offset,-2,srf,5,2.118e-08,1.795e-08,1.086e-05,25,0.9981,0.9981
HYPSTAR_122304,sza_offset,0,linear,1,0.0001447,5.165e-05,2.563e-05,25,0,0
HYPSTAR_122304,sza_offset,0,linear,5,9.105e-06,4.031e-06,1.086e-05,25,0,0
HYPSTAR_122304,sza_offset,0,ruddick2023,1,0.0001537,5.541e-05,2.563e-05,25,-0.06233,-0.06233
HYPSTAR_122304,sza_offset,0,ruddick2023,5,9.784e-06,4.324e-06,1.086e-05,25,-0.07449,-0.07449
HYPSTAR_122304,sza_offset,0,srf,1,6.941e-08,3.504e-08,2.563e-05,25,0.9996,0.9996
HYPSTAR_122304,sza_offset,0,srf,5,1.482e-08,1.302e-08,1.086e-05,25,0.9988,0.9988
HYPSTAR_122304,sza_offset,2,linear,1,0.0001447,5.165e-05,2.563e-05,25,0,0
HYPSTAR_122304,sza_offset,2,linear,5,9.105e-06,4.031e-06,1.086e-05,25,0,0
HYPSTAR_122304,sza_offset,2,ruddick2023,1,0.0001537,5.541e-05,2.563e-05,25,-0.06245,-0.06245
HYPSTAR_122304,sza_offset,2,ruddick2023,5,9.785e-06,4.324e-06,1.086e-05,25,-0.0745,-0.0745
HYPSTAR_122304,sza_offset,2,srf,1,2.284e-07,9.864e-08,2.563e-05,25,0.999,0.999
HYPSTAR_122304,sza_offset,2,srf,5,2.263e-08,1.793e-08,1.086e-05,25,0.9979,0.9979
HYPSTAR_122304,sza_offset,5,linear,1,0.0001447,5.165e-05,2.563e-05,25,0,0
HYPSTAR_122304,sza_offset,5,linear,5,9.105e-06,4.031e-06,1.086e-05,25,0,0
HYPSTAR_122304,sza_offset,5,ruddick2023,1,0.0001537,5.541e-05,2.563e-05,25,-0.06248,-0.06248
HYPSTAR_122304,sza_offset,5,ruddick2023,5,9.785e-06,4.324e-06,1.086e-05,25,-0.0745,-0.0745
HYPSTAR_122304,sza_offset,5,srf,1,3.335e-07,1.656e-07,2.563e-05,25,0.9975,0.9975
HYPSTAR_122304,sza_offset,5,srf,5,4.307e-08,2.221e-08,1.086e-05,25,0.9971,0.9971
HYPSTAR_122304,sza_offset,10,linear,1,0.0001447,5.165e-05,2.563e-05,25,0,0
HYPSTAR_122304,sza_offset,10,linear,5,9.105e-06,4.031e-06,1.086e-05,25,0,0
HYPSTAR_122304,sza_offset,10,ruddick2023,1,0.0001537,5.541e-05,2.563e-05,25,-0.06267,-0.06267
HYPSTAR_122304,sza_offset,10,ruddick2023,5,9.785e-06,4.324e-06,1.086e-05,25,-0.0745,-0.0745
HYPSTAR_122304,sza_offset,10,srf,1,7.523e-07,3.806e-07,2.563e-05,25,0.9945,0.9945
HYPSTAR_122304,sza_offset,10,srf,5,6.706e-08,4.246e-08,1.086e-05,25,0.9943,0.9943
HYPSTAR_122305,dfwhm_E,-0.3,linear,1,1.233e-05,5.106e-06,2.597e-05,25,0,0
HYPSTAR_122305,dfwhm_E,-0.3,linear,5,1.183e-06,4.823e-07,1.078e-05,25,0,0
HYPSTAR_122305,dfwhm_E,-0.3,ruddick2023,1,3.629e-05,1.385e-05,2.597e-05,25,-1.919,-1.919
HYPSTAR_122305,dfwhm_E,-0.3,ruddick2023,5,2.64e-06,1.053e-06,1.078e-05,25,-1.216,-1.216
HYPSTAR_122305,dfwhm_E,-0.3,srf,1,9.297e-05,3.413e-05,2.597e-05,25,-6.56,-6.56
HYPSTAR_122305,dfwhm_E,-0.3,srf,5,6.178e-06,2.448e-06,1.078e-05,25,-4.241,-4.241
HYPSTAR_122305,dfwhm_E,-0.2,linear,1,1.233e-05,5.106e-06,2.597e-05,25,0,0
HYPSTAR_122305,dfwhm_E,-0.2,linear,5,1.183e-06,4.823e-07,1.078e-05,25,0,0
HYPSTAR_122305,dfwhm_E,-0.2,ruddick2023,1,3.319e-05,1.252e-05,2.597e-05,25,-1.677,-1.677
HYPSTAR_122305,dfwhm_E,-0.2,ruddick2023,5,2.484e-06,9.965e-07,1.078e-05,25,-1.088,-1.088
HYPSTAR_122305,dfwhm_E,-0.2,srf,1,5.913e-05,2.143e-05,2.597e-05,25,-3.809,-3.809
HYPSTAR_122305,dfwhm_E,-0.2,srf,5,3.989e-06,1.582e-06,1.078e-05,25,-2.384,-2.384
HYPSTAR_122305,dfwhm_E,-0.1,linear,1,1.233e-05,5.106e-06,2.597e-05,25,0,0
HYPSTAR_122305,dfwhm_E,-0.1,linear,5,1.183e-06,4.823e-07,1.078e-05,25,0,0
HYPSTAR_122305,dfwhm_E,-0.1,ruddick2023,1,3.048e-05,1.141e-05,2.597e-05,25,-1.464,-1.464
HYPSTAR_122305,dfwhm_E,-0.1,ruddick2023,5,2.348e-06,9.467e-07,1.078e-05,25,-0.9754,-0.9754
HYPSTAR_122305,dfwhm_E,-0.1,srf,1,2.821e-05,1.01e-05,2.597e-05,25,-1.294,-1.294
HYPSTAR_122305,dfwhm_E,-0.1,srf,5,1.935e-06,7.681e-07,1.078e-05,25,-0.6416,-0.6416
HYPSTAR_122305,dfwhm_E,-0.05,linear,1,1.233e-05,5.106e-06,2.597e-05,25,0,0
HYPSTAR_122305,dfwhm_E,-0.05,linear,5,1.183e-06,4.823e-07,1.078e-05,25,0,0
HYPSTAR_122305,dfwhm_E,-0.05,ruddick2023,1,2.926e-05,1.092e-05,2.597e-05,25,-1.368,-1.368
HYPSTAR_122305,dfwhm_E,-0.05,ruddick2023,5,2.287e-06,9.24e-07,1.078e-05,25,-0.9249,-0.9249
HYPSTAR_122305,dfwhm_E,-0.05,srf,1,1.377e-05,4.905e-06,2.597e-05,25,-0.1203,-0.1203
HYPSTAR_122305,dfwhm_E,-0.05,srf,5,9.533e-07,3.795e-07,1.078e-05,25,0.1907,0.1907
HYPSTAR_122305,dfwhm_E,0,linear,1,1.233e-05,5.106e-06,2.597e-05,25,0,0
HYPSTAR_122305,dfwhm_E,0,linear,5,1.183e-06,4.823e-07,1.078e-05,25,0,0
HYPSTAR_122305,dfwhm_E,0,ruddick2023,1,2.811e-05,1.047e-05,2.597e-05,25,-1.277,-1.277
HYPSTAR_122305,dfwhm_E,0,ruddick2023,5,2.23e-06,9.027e-07,1.078e-05,25,-0.8779,-0.8779
HYPSTAR_122305,dfwhm_E,0,srf,1,6.741e-08,3.496e-08,2.597e-05,25,0.9951,0.9951
HYPSTAR_122305,dfwhm_E,0,srf,5,1.398e-08,1.268e-08,1.078e-05,25,0.9908,0.9908
HYPSTAR_122305,dfwhm_E,0.05,linear,1,1.233e-05,5.106e-06,2.597e-05,25,0,0
HYPSTAR_122305,dfwhm_E,0.05,linear,5,1.183e-06,4.823e-07,1.078e-05,25,0,0
HYPSTAR_122305,dfwhm_E,0.05,ruddick2023,1,2.703e-05,1.005e-05,2.597e-05,25,-1.191,-1.191
HYPSTAR_122305,dfwhm_E,0.05,ruddick2023,5,2.177e-06,8.826e-07,1.078e-05,25,-0.8342,-0.8342
HYPSTAR_122305,dfwhm_E,0.05,srf,1,1.314e-05,4.635e-06,2.597e-05,25,-0.06878,-0.06878
HYPSTAR_122305,dfwhm_E,0.05,srf,5,9.285e-07,3.663e-07,1.078e-05,25,0.2137,0.2137
HYPSTAR_122305,dfwhm_E,0.1,linear,1,1.233e-05,5.106e-06,2.597e-05,25,0,0
HYPSTAR_122305,dfwhm_E,0.1,linear,5,1.183e-06,4.823e-07,1.078e-05,25,0,0
HYPSTAR_122305,dfwhm_E,0.1,ruddick2023,1,2.602e-05,9.675e-06,2.597e-05,25,-1.11,-1.11
HYPSTAR_122305,dfwhm_E,0.1,ruddick2023,5,2.128e-06,8.638e-07,1.078e-05,25,-0.7937,-0.7937
HYPSTAR_122305,dfwhm_E,0.1,srf,1,2.568e-05,9.011e-06,2.597e-05,25,-1.088,-1.088
HYPSTAR_122305,dfwhm_E,0.1,srf,5,1.832e-06,7.22e-07,1.078e-05,25,-0.5525,-0.5525
HYPSTAR_122305,dfwhm_E,0.2,linear,1,1.233e-05,5.106e-06,2.597e-05,25,0,0
HYPSTAR_122305,dfwhm_E,0.2,linear,5,1.183e-06,4.823e-07,1.078e-05,25,0,0
HYPSTAR_122305,dfwhm_E,0.2,ruddick2023,1,2.419e-05,9.001e-06,2.597e-05,25,-0.9622,-0.9622
HYPSTAR_122305,dfwhm_E,0.2,ruddick2023,5,2.041e-06,8.297e-07,1.078e-05,25,-0.7211,-0.7211
HYPSTAR_122305,dfwhm_E,0.2,srf,1,4.901e-05,1.705e-05,2.597e-05,25,-2.986,-2.986
HYPSTAR_122305,dfwhm_E,0.2,srf,5,3.575e-06,1.404e-06,1.078e-05,25,-2.03,-2.03
HYPSTAR_122305,dfwhm_E,0.3,linear,1,1.233e-05,5.106e-06,2.597e-05,25,0,0
HYPSTAR_122305,dfwhm_E,0.3,linear,5,1.183e-06,4.823e-07,1.078e-05,25,0,0
HYPSTAR_122305,dfwhm_E,0.3,ruddick2023,1,2.259e-05,8.429e-06,2.597e-05,25,-0.832,-0.832
HYPSTAR_122305,dfwhm_E,0.3,ruddick2023,5,1.966e-06,7.997e-07,1.078e-05,25,-0.6595,-0.6595
HYPSTAR_122305,dfwhm_E,0.3,srf,1,7.018e-05,2.422e-05,2.597e-05,25,-4.707,-4.707
HYPSTAR_122305,dfwhm_E,0.3,srf,5,5.244e-06,2.051e-06,1.078e-05,25,-3.446,-3.446
HYPSTAR_122305,dfwhm_L,-0.3,linear,1,1.233e-05,5.106e-06,2.597e-05,25,0,0
HYPSTAR_122305,dfwhm_L,-0.3,linear,5,1.183e-06,4.823e-07,1.078e-05,25,0,0
HYPSTAR_122305,dfwhm_L,-0.3,ruddick2023,1,2.811e-05,1.047e-05,2.597e-05,25,-1.277,-1.277
HYPSTAR_122305,dfwhm_L,-0.3,ruddick2023,5,2.23e-06,9.027e-07,1.078e-05,25,-0.8779,-0.8779
HYPSTAR_122305,dfwhm_L,-0.3,srf,1,9.281e-05,3.328e-05,2.597e-05,25,-6.549,-6.549
HYPSTAR_122305,dfwhm_L,-0.3,srf,5,6.135e-06,2.425e-06,1.078e-05,25,-4.202,-4.202
HYPSTAR_122305,dfwhm_L,-0.2,linear,1,1.233e-05,5.106e-06,2.597e-05,25,0,0
HYPSTAR_122305,dfwhm_L,-0.2,linear,5,1.183e-06,4.823e-07,1.078e-05,25,0,0
HYPSTAR_122305,dfwhm_L,-0.2,ruddick2023,1,2.811e-05,1.047e-05,2.597e-05,25,-1.277,-1.277
HYPSTAR_122305,dfwhm_L,-0.2,ruddick2023,5,2.23e-06,9.027e-07,1.078e-05,25,-0.8779,-0.8779
HYPSTAR_122305,dfwhm_L,-0.2,srf,1,5.87e-05,2.085e-05,2.597e-05,25,-3.775,-3.775
HYPSTAR_122305,dfwhm_L,-0.2,srf,5,3.946e-06,1.561e-06,1.078e-05,25,-2.346,-2.346
HYPSTAR_122305,dfwhm_L,-0.1,linear,1,1.233e-05,5.106e-06,2.597e-05,25,0,0
HYPSTAR_122305,dfwhm_L,-0.1,linear,5,1.183e-06,4.823e-07,1.078e-05,25,0,0
HYPSTAR_122305,dfwhm_L,-0.1,ruddick2023,1,2.811e-05,1.047e-05,2.597e-05,25,-1.277,-1.277
HYPSTAR_122305,dfwhm_L,-0.1,ruddick2023,5,2.23e-06,9.027e-07,1.078e-05,25,-0.8779,-0.8779
HYPSTAR_122305,dfwhm_L,-0.1,srf,1,2.785e-05,9.807e-06,2.597e-05,25,-1.266,-1.266
HYPSTAR_122305,dfwhm_L,-0.1,srf,5,1.908e-06,7.544e-07,1.078e-05,25,-0.6171,-0.6171
HYPSTAR_122305,dfwhm_L,-0.05,linear,1,1.233e-05,5.106e-06,2.597e-05,25,0,0
HYPSTAR_122305,dfwhm_L,-0.05,linear,5,1.183e-06,4.823e-07,1.078e-05,25,0,0
HYPSTAR_122305,dfwhm_L,-0.05,ruddick2023,1,2.811e-05,1.047e-05,2.597e-05,25,-1.277,-1.277
HYPSTAR_122305,dfwhm_L,-0.05,ruddick2023,5,2.23e-06,9.027e-07,1.078e-05,25,-0.8779,-0.8779
HYPSTAR_122305,dfwhm_L,-0.05,srf,1,1.357e-05,4.76e-06,2.597e-05,25,-0.1037,-0.1037
HYPSTAR_122305,dfwhm_L,-0.05,srf,5,9.393e-07,3.711e-07,1.078e-05,25,0.2046,0.2046
HYPSTAR_122305,dfwhm_L,0,linear,1,1.233e-05,5.106e-06,2.597e-05,25,0,0
HYPSTAR_122305,dfwhm_L,0,linear,5,1.183e-06,4.823e-07,1.078e-05,25,0,0
HYPSTAR_122305,dfwhm_L,0,ruddick2023,1,2.811e-05,1.047e-05,2.597e-05,25,-1.277,-1.277
HYPSTAR_122305,dfwhm_L,0,ruddick2023,5,2.23e-06,9.027e-07,1.078e-05,25,-0.8779,-0.8779
HYPSTAR_122305,dfwhm_L,0,srf,1,6.741e-08,3.496e-08,2.597e-05,25,0.9951,0.9951
HYPSTAR_122305,dfwhm_L,0,srf,5,1.398e-08,1.268e-08,1.078e-05,25,0.9908,0.9908
HYPSTAR_122305,dfwhm_L,0.05,linear,1,1.233e-05,5.106e-06,2.597e-05,25,0,0
HYPSTAR_122305,dfwhm_L,0.05,linear,5,1.183e-06,4.823e-07,1.078e-05,25,0,0
HYPSTAR_122305,dfwhm_L,0.05,ruddick2023,1,2.811e-05,1.047e-05,2.597e-05,25,-1.277,-1.277
HYPSTAR_122305,dfwhm_L,0.05,ruddick2023,5,2.23e-06,9.027e-07,1.078e-05,25,-0.8779,-0.8779
HYPSTAR_122305,dfwhm_L,0.05,srf,1,1.288e-05,4.485e-06,2.597e-05,25,-0.04813,-0.04813
HYPSTAR_122305,dfwhm_L,0.05,srf,5,9.117e-07,3.618e-07,1.078e-05,25,0.2261,0.2261
HYPSTAR_122305,dfwhm_L,0.1,linear,1,1.233e-05,5.106e-06,2.597e-05,25,0,0
HYPSTAR_122305,dfwhm_L,0.1,linear,5,1.183e-06,4.823e-07,1.078e-05,25,0,0
HYPSTAR_122305,dfwhm_L,0.1,ruddick2023,1,2.811e-05,1.047e-05,2.597e-05,25,-1.277,-1.277
HYPSTAR_122305,dfwhm_L,0.1,ruddick2023,5,2.23e-06,9.027e-07,1.078e-05,25,-0.8779,-0.8779
HYPSTAR_122305,dfwhm_L,0.1,srf,1,2.511e-05,8.716e-06,2.597e-05,25,-1.043,-1.043
HYPSTAR_122305,dfwhm_L,0.1,srf,5,1.797e-06,7.1e-07,1.078e-05,25,-0.5252,-0.5252
HYPSTAR_122305,dfwhm_L,0.2,linear,1,1.233e-05,5.106e-06,2.597e-05,25,0,0
HYPSTAR_122305,dfwhm_L,0.2,linear,5,1.183e-06,4.823e-07,1.078e-05,25,0,0
HYPSTAR_122305,dfwhm_L,0.2,ruddick2023,1,2.811e-05,1.047e-05,2.597e-05,25,-1.277,-1.277
HYPSTAR_122305,dfwhm_L,0.2,ruddick2023,5,2.23e-06,9.027e-07,1.078e-05,25,-0.8779,-0.8779
HYPSTAR_122305,dfwhm_L,0.2,srf,1,4.772e-05,1.647e-05,2.597e-05,25,-2.882,-2.882
HYPSTAR_122305,dfwhm_L,0.2,srf,5,3.502e-06,1.376e-06,1.078e-05,25,-1.972,-1.972
HYPSTAR_122305,dfwhm_L,0.3,linear,1,1.233e-05,5.106e-06,2.597e-05,25,0,0
HYPSTAR_122305,dfwhm_L,0.3,linear,5,1.183e-06,4.823e-07,1.078e-05,25,0,0
HYPSTAR_122305,dfwhm_L,0.3,ruddick2023,1,2.811e-05,1.047e-05,2.597e-05,25,-1.277,-1.277
HYPSTAR_122305,dfwhm_L,0.3,ruddick2023,5,2.23e-06,9.027e-07,1.078e-05,25,-0.8779,-0.8779
HYPSTAR_122305,dfwhm_L,0.3,srf,1,6.805e-05,2.337e-05,2.597e-05,25,-4.537,-4.537
HYPSTAR_122305,dfwhm_L,0.3,srf,5,5.133e-06,2.006e-06,1.078e-05,25,-3.355,-3.355
HYPSTAR_122305,pwv_factor,0.5,linear,1,1.233e-05,5.106e-06,2.597e-05,25,0,0
HYPSTAR_122305,pwv_factor,0.5,linear,5,1.183e-06,4.823e-07,1.078e-05,25,0,0
HYPSTAR_122305,pwv_factor,0.5,ruddick2023,1,2.811e-05,1.047e-05,2.597e-05,25,-1.277,-1.277
HYPSTAR_122305,pwv_factor,0.5,ruddick2023,5,2.23e-06,9.027e-07,1.078e-05,25,-0.8779,-0.8779
HYPSTAR_122305,pwv_factor,0.5,srf,1,1.952e-07,1.237e-07,2.597e-05,25,0.9788,0.9788
HYPSTAR_122305,pwv_factor,0.5,srf,5,2.196e-08,2.08e-08,1.078e-05,25,0.9775,0.9775
HYPSTAR_122305,pwv_factor,0.75,linear,1,1.233e-05,5.106e-06,2.597e-05,25,0,0
HYPSTAR_122305,pwv_factor,0.75,linear,5,1.183e-06,4.823e-07,1.078e-05,25,0,0
HYPSTAR_122305,pwv_factor,0.75,ruddick2023,1,2.811e-05,1.047e-05,2.597e-05,25,-1.277,-1.277
HYPSTAR_122305,pwv_factor,0.75,ruddick2023,5,2.23e-06,9.027e-07,1.078e-05,25,-0.8779,-0.8779
HYPSTAR_122305,pwv_factor,0.75,srf,1,1.23e-07,8.672e-08,2.597e-05,25,0.9893,0.9893
HYPSTAR_122305,pwv_factor,0.75,srf,5,1.901e-08,1.79e-08,1.078e-05,25,0.9849,0.9849
HYPSTAR_122305,pwv_factor,1,linear,1,1.233e-05,5.106e-06,2.597e-05,25,0,0
HYPSTAR_122305,pwv_factor,1,linear,5,1.183e-06,4.823e-07,1.078e-05,25,0,0
HYPSTAR_122305,pwv_factor,1,ruddick2023,1,2.811e-05,1.047e-05,2.597e-05,25,-1.277,-1.277
HYPSTAR_122305,pwv_factor,1,ruddick2023,5,2.23e-06,9.027e-07,1.078e-05,25,-0.8779,-0.8779
HYPSTAR_122305,pwv_factor,1,srf,1,6.741e-08,3.496e-08,2.597e-05,25,0.9951,0.9951
HYPSTAR_122305,pwv_factor,1,srf,5,1.398e-08,1.268e-08,1.078e-05,25,0.9908,0.9908
HYPSTAR_122305,pwv_factor,1.5,linear,1,1.233e-05,5.106e-06,2.597e-05,25,0,0
HYPSTAR_122305,pwv_factor,1.5,linear,5,1.183e-06,4.823e-07,1.078e-05,25,0,0
HYPSTAR_122305,pwv_factor,1.5,ruddick2023,1,2.811e-05,1.047e-05,2.597e-05,25,-1.277,-1.277
HYPSTAR_122305,pwv_factor,1.5,ruddick2023,5,2.23e-06,9.027e-07,1.078e-05,25,-0.878,-0.878
HYPSTAR_122305,pwv_factor,1.5,srf,1,1.837e-07,1.232e-07,2.597e-05,25,0.98,0.98
HYPSTAR_122305,pwv_factor,1.5,srf,5,2.323e-08,2.074e-08,1.078e-05,25,0.9793,0.9793
HYPSTAR_122305,pwv_factor,2,linear,1,1.233e-05,5.106e-06,2.597e-05,25,0,0
HYPSTAR_122305,pwv_factor,2,linear,5,1.183e-06,4.823e-07,1.078e-05,25,0,0
HYPSTAR_122305,pwv_factor,2,ruddick2023,1,2.811e-05,1.047e-05,2.597e-05,25,-1.277,-1.277
HYPSTAR_122305,pwv_factor,2,ruddick2023,5,2.231e-06,9.027e-07,1.078e-05,25,-0.878,-0.878
HYPSTAR_122305,pwv_factor,2,srf,1,3.06e-07,1.331e-07,2.597e-05,25,0.9752,0.9752
HYPSTAR_122305,pwv_factor,2,srf,5,3.361e-08,2.393e-08,1.078e-05,25,0.9728,0.9728
HYPSTAR_122305,pwv_factor,3,linear,1,1.233e-05,5.106e-06,2.597e-05,25,0,0
HYPSTAR_122305,pwv_factor,3,linear,5,1.183e-06,4.823e-07,1.078e-05,25,0,0
HYPSTAR_122305,pwv_factor,3,ruddick2023,1,2.811e-05,1.047e-05,2.597e-05,25,-1.277,-1.277
HYPSTAR_122305,pwv_factor,3,ruddick2023,5,2.231e-06,9.027e-07,1.078e-05,25,-0.8782,-0.8782
HYPSTAR_122305,pwv_factor,3,srf,1,4.242e-07,2.121e-07,2.597e-05,25,0.9656,0.9656
HYPSTAR_122305,pwv_factor,3,srf,5,4.877e-08,3.918e-08,1.078e-05,25,0.9661,0.9661
HYPSTAR_122305,shift,-0.3,linear,1,0.0001125,3.654e-05,2.597e-05,25,0,-8.147
HYPSTAR_122305,shift,-0.3,linear,5,1.14e-05,5.703e-06,1.078e-05,25,0,-8.653
HYPSTAR_122305,shift,-0.3,ruddick2023,1,0.0001112,3.611e-05,2.597e-05,25,0.01182,-8.04
HYPSTAR_122305,shift,-0.3,ruddick2023,5,1.145e-05,5.745e-06,1.078e-05,25,-0.00413,-8.693
HYPSTAR_122305,shift,-0.3,srf,1,0.0001141,3.715e-05,2.597e-05,25,-0.01419,-8.273
HYPSTAR_122305,shift,-0.3,srf,5,1.14e-05,5.667e-06,1.078e-05,25,-0.0002002,-8.658
HYPSTAR_122305,shift,-0.2,linear,1,7.578e-05,2.475e-05,2.597e-05,25,0,-5.156
HYPSTAR_122305,shift,-0.2,linear,5,7.693e-06,3.836e-06,1.078e-05,25,0,-5.513
HYPSTAR_122305,shift,-0.2,ruddick2023,1,7.716e-05,2.531e-05,2.597e-05,25,-0.01809,-5.267
HYPSTAR_122305,shift,-0.2,ruddick2023,5,7.868e-06,3.921e-06,1.078e-05,25,-0.0225,-5.66
HYPSTAR_122305,shift,-0.2,srf,1,7.626e-05,2.485e-05,2.597e-05,25,-0.006213,-5.191
HYPSTAR_122305,shift,-0.2,srf,5,7.619e-06,3.773e-06,1.078e-05,25,0.009498,-5.452
HYPSTAR_122305,shift,-0.1,linear,1,3.948e-05,1.319e-05,2.597e-05,25,0,-2.202
HYPSTAR_122305,shift,-0.1,linear,5,4.034e-06,1.996e-06,1.078e-05,25,0,-2.412
HYPSTAR_122305,shift,-0.1,ruddick2023,1,4.563e-05,1.552e-05,2.597e-05,25,-0.1558,-2.684
HYPSTAR_122305,shift,-0.1,ruddick2023,5,4.452e-06,2.161e-06,1.078e-05,25,-0.1037,-2.766
HYPSTAR_122305,shift,-0.1,srf,1,3.821e-05,1.246e-05,2.597e-05,25,0.03273,-2.101
HYPSTAR_122305,shift,-0.1,srf,5,3.824e-06,1.889e-06,1.078e-05,25,0.05148,-2.235
HYPSTAR_122305,shift,-0.05,linear,1,2.254e-05,7.972e-06,2.597e-05,25,0,-0.826
HYPSTAR_122305,shift,-0.05,linear,5,2.306e-06,1.116e-06,1.078e-05,25,0,-0.9506
HYPSTAR_122305,shift,-0.05,ruddick2023,1,3.337e-05,1.19e-05,2.597e-05,25,-0.4807,-1.651
HYPSTAR_122305,shift,-0.05,ruddick2023,5,2.997e-06,1.377e-06,1.078e-05,25,-0.2998,-1.535
HYPSTAR_122305,shift,-0.05,srf,1,1.919e-05,6.259e-06,2.597e-05,25,0.1598,-0.5521
HYPSTAR_122305,shift,-0.05,srf,5,1.923e-06,9.521e-07,1.078e-05,25,0.166,-0.6269
HYPSTAR_122305,shift,-0.02,linear,1,1.453e-05,5.686e-06,2.597e-05,25,0,-0.1794
HYPSTAR_122305,shift,-0.02,linear,5,1.456e-06,6.566e-07,1.078e-05,25,0,-0.2316
HYPSTAR_122305,shift,-0.02,ruddick2023,1,2.902e-05,1.069e-05,2.597e-05,25,-0.9976,-1.339
HYPSTAR_122305,shift,-0.02,ruddick2023,5,2.399e-06,1.021e-06,1.078e-05,25,-0.6479,-1.029
HYPSTAR_122305,shift,-0.02,srf,1,7.785e-06,2.538e-06,2.597e-05,25,0.4742,0.3766
HYPSTAR_122305,shift,-0.02,srf,5,7.818e-07,3.921e-07,1.078e-05,25,0.4631,0.3387
HYPSTAR_122305,shift,0,linear,1,1.233e-05,5.106e-06,2.597e-05,25,0,0
HYPSTAR_122305,shift,0,linear,5,1.183e-06,4.823e-07,1.078e-05,25,0,0
HYPSTAR_122305,shift,0,ruddick2023,1,2.811e-05,1.047e-05,2.597e-05,25,-1.277,-1.277
HYPSTAR_122305,shift,0,ruddick2023,5,2.23e-06,9.027e-07,1.078e-05,25,-0.8779,-0.8779
HYPSTAR_122305,shift,0,srf,1,6.741e-08,3.496e-08,2.597e-05,25,0.9951,0.9951
HYPSTAR_122305,shift,0,srf,5,1.398e-08,1.268e-08,1.078e-05,25,0.9908,0.9908
HYPSTAR_122305,shift,0.02,linear,1,1.436e-05,5.631e-06,2.597e-05,25,0,-0.1525
HYPSTAR_122305,shift,0.02,linear,5,1.356e-06,5.64e-07,1.078e-05,25,0,-0.1464
HYPSTAR_122305,shift,0.02,ruddick2023,1,2.903e-05,1.076e-05,2.597e-05,25,-1.021,-1.341
HYPSTAR_122305,shift,0.02,ruddick2023,5,2.306e-06,9.292e-07,1.078e-05,25,-0.7009,-0.9529
HYPSTAR_122305,shift,0.02,srf,1,7.592e-06,2.479e-06,2.597e-05,25,0.4734,0.3869
HYPSTAR_122305,shift,0.02,srf,5,7.638e-07,3.706e-07,1.078e-05,25,0.4366,0.3541
HYPSTAR_122305,shift,0.05,linear,1,2.223e-05,7.867e-06,2.597e-05,25,0,-0.8002
HYPSTAR_122305,shift,0.05,linear,5,2.149e-06,9.764e-07,1.078e-05,25,0,-0.8172
HYPSTAR_122305,shift,0.05,ruddick2023,1,3.337e-05,1.205e-05,2.597e-05,25,-0.5011,-1.653
HYPSTAR_122305,shift,0.05,ruddick2023,5,2.809e-06,1.198e-06,1.078e-05,25,-0.3073,-1.38
HYPSTAR_122305,shift,0.05,srf,1,1.896e-05,6.189e-06,2.597e-05,25,0.1473,-0.5379
HYPSTAR_122305,shift,0.05,srf,5,1.908e-06,9.264e-07,1.078e-05,25,0.1124,-0.613
HYPSTAR_122305,shift,0.1,linear,1,3.901e-05,1.302e-05,2.597e-05,25,0,-2.17
HYPSTAR_122305,shift,0.1,linear,5,3.863e-06,1.829e-06,1.078e-05,25,0,-2.269
HYPSTAR_122305,shift,0.1,ruddick2023,1,4.553e-05,1.572e-05,2.597e-05,25,-0.1673,-2.644
HYPSTAR_122305,shift,0.1,ruddick2023,5,4.205e-06,1.923e-06,1.078e-05,25,-0.08867,-2.562
HYPSTAR_122305,shift,0.1,srf,1,3.784e-05,1.235e-05,2.597e-05,25,0.02992,-2.075
HYPSTAR_122305,shift,0.1,srf,5,3.815e-06,1.848e-06,1.078e-05,25,0.01233,-2.227
HYPSTAR_122305,shift,0.2,linear,1,7.476e-05,2.441e-05,2.597e-05,25,0,-5.081
HYPSTAR_122305,shift,0.2,linear,5,7.539e-06,3.606e-06,1.078e-05,25,0,-5.387
HYPSTAR_122305,shift,0.2,ruddick2023,1,7.655e-05,2.542e-05,2.597e-05,25,-0.02391,-5.229
HYPSTAR_122305,shift,0.2,ruddick2023,5,7.612e-06,3.61e-06,1.078e-05,25,-0.009715,-5.452
HYPSTAR_122305,shift,0.2,srf,1,7.53e-05,2.458e-05,2.597e-05,25,-0.007138,-5.125
HYPSTAR_122305,shift,0.2,srf,5,7.634e-06,3.671e-06,1.078e-05,25,-0.01242,-5.467
HYPSTAR_122305,shift,0.3,linear,1,0.0001106,3.595e-05,2.597e-05,25,0,-8.001
HYPSTAR_122305,shift,0.3,linear,5,1.128e-05,5.374e-06,1.078e-05,25,0,-8.562
HYPSTAR_122305,shift,0.3,ruddick2023,1,0.0001097,3.596e-05,2.597e-05,25,0.008048,-7.93
HYPSTAR_122305,shift,0.3,ruddick2023,5,1.122e-05,5.338e-06,1.078e-05,25,0.005184,-8.512
HYPSTAR_122305,shift,0.3,srf,1,0.0001122,3.661e-05,2.597e-05,25,-0.0143,-8.13
HYPSTAR_122305,shift,0.3,srf,5,1.146e-05,5.463e-06,1.078e-05,25,-0.01555,-8.711
HYPSTAR_122305,stretch,-0.2,linear,1,5.951e-05,1.985e-05,2.597e-05,25,0,-3.724
HYPSTAR_122305,stretch,-0.2,linear,5,5.875e-06,3.241e-06,1.078e-05,25,0,-3.984
HYPSTAR_122305,stretch,-0.2,ruddick2023,1,6.278e-05,2.126e-05,2.597e-05,25,-0.05439,-3.986
HYPSTAR_122305,stretch,-0.2,ruddick2023,5,6.001e-06,3.255e-06,1.078e-05,25,-0.02108,-4.092
HYPSTAR_122305,stretch,-0.2,srf,1,5.953e-05,1.988e-05,2.597e-05,25,-8.18e-06,-3.724
HYPSTAR_122305,stretch,-0.2,srf,5,5.964e-06,3.304e-06,1.078e-05,25,-0.01503,-4.059
HYPSTAR_122305,stretch,-0.1,linear,1,3.178e-05,1.089e-05,2.597e-05,25,0,-1.53
HYPSTAR_122305,stretch,-0.1,linear,5,3.058e-06,1.65e-06,1.078e-05,25,0,-1.589
HYPSTAR_122305,stretch,-0.1,ruddick2023,1,3.989e-05,1.402e-05,2.597e-05,25,-0.2546,-2.19
HYPSTAR_122305,stretch,-0.1,ruddick2023,5,3.491e-06,1.759e-06,1.078e-05,25,-0.1417,-1.96
HYPSTAR_122305,stretch,-0.1,srf,1,2.993e-05,9.981e-06,2.597e-05,25,0.06243,-1.372
HYPSTAR_122305,stretch,-0.1,srf,5,2.975e-06,1.664e-06,1.078e-05,25,0.02729,-1.519
HYPSTAR_122305,stretch,-0.05,linear,1,1.92e-05,7.015e-06,2.597e-05,25,0,-0.5374
HYPSTAR_122305,stretch,-0.05,linear,5,1.8e-06,8.949e-07,1.078e-05,25,0,-0.522
HYPSTAR_122305,stretch,-0.05,ruddick2023,1,3.152e-05,1.148e-05,2.597e-05,25,-0.6415,-1.539
HYPSTAR_122305,stretch,-0.05,ruddick2023,5,2.554e-06,1.135e-06,1.078e-05,25,-0.4191,-1.163
HYPSTAR_122305,stretch,-0.05,srf,1,1.5e-05,4.999e-06,2.597e-05,25,0.2276,-0.1858
HYPSTAR_122305,stretch,-0.05,srf,5,1.486e-06,8.343e-07,1.078e-05,25,0.1742,-0.2569
HYPSTAR_122305,stretch,0,linear,1,1.233e-05,5.106e-06,2.597e-05,25,0,0
HYPSTAR_122305,stretch,0,linear,5,1.183e-06,4.823e-07,1.078e-05,25,0,0
HYPSTAR_122305,stretch,0,ruddick2023,1,2.811e-05,1.047e-05,2.597e-05,25,-1.277,-1.277
HYPSTAR_122305,stretch,0,ruddick2023,5,2.23e-06,9.027e-07,1.078e-05,25,-0.8779,-0.8779
HYPSTAR_122305,stretch,0,srf,1,6.741e-08,3.496e-08,2.597e-05,25,0.9951,0.9951
HYPSTAR_122305,stretch,0,srf,5,1.398e-08,1.268e-08,1.078e-05,25,0.9908,0.9908
HYPSTAR_122305,stretch,0.05,linear,1,1.928e-05,7.081e-06,2.597e-05,25,0,-0.5307
HYPSTAR_122305,stretch,0.05,linear,5,1.965e-06,1.036e-06,1.078e-05,25,0,-0.6625
HYPSTAR_122305,stretch,0.05,ruddick2023,1,3.146e-05,1.143e-05,2.597e-05,25,-0.6317,-1.531
HYPSTAR_122305,stretch,0.05,ruddick2023,5,2.752e-06,1.314e-06,1.078e-05,25,-0.4,-1.324
HYPSTAR_122305,stretch,0.05,srf,1,1.526e-05,5.064e-06,2.597e-05,25,0.2163,-0.1966
HYPSTAR_122305,stretch,0.05,srf,5,1.504e-06,8.605e-07,1.078e-05,25,0.2348,-0.2721
HYPSTAR_122305,stretch,0.1,linear,1,3.206e-05,1.1e-05,2.597e-05,25,0,-1.534
HYPSTAR_122305,stretch,0.1,linear,5,3.246e-06,1.821e-06,1.078e-05,25,0,-1.746
HYPSTAR_122305,stretch,0.1,ruddick2023,1,3.992e-05,1.395e-05,2.597e-05,25,-0.2452,-2.189
HYPSTAR_122305,stretch,0.1,ruddick2023,5,3.772e-06,2.004e-06,1.078e-05,25,-0.1619,-2.19
HYPSTAR_122305,stretch,0.1,srf,1,3.038e-05,1.007e-05,2.597e-05,25,0.0532,-1.399
HYPSTAR_122305,stretch,0.1,srf,5,2.982e-06,1.705e-06,1.078e-05,25,0.08096,-1.523
HYPSTAR_122305,stretch,0.2,linear,1,6.051e-05,2.006e-05,2.597e-05,25,0,-3.786
HYPSTAR_122305,stretch,0.2,linear,5,6.035e-06,3.475e-06,1.078e-05,25,0,-4.113
HYPSTAR_122305,stretch,0.2,ruddick2023,1,6.345e-05,2.124e-05,2.597e-05,25,-0.0485,-4.041
HYPSTAR_122305,stretch,0.2,ruddick2023,5,6.295e-06,3.577e-06,1.078e-05,25,-0.04278,-4.332
HYPSTAR_122305,stretch,0.2,srf,1,6.075e-05,2.007e-05,2.597e-05,25,-0.003893,-3.816
HYPSTAR_122305,stretch,0.2,srf,5,5.929e-06,3.405e-06,1.078e-05,25,0.01713,-4.026
HYPSTAR_122305,sza_offset,-10,linear,1,1.233e-05,5.106e-06,2.597e-05,25,0,0
HYPSTAR_122305,sza_offset,-10,linear,5,1.183e-06,4.823e-07,1.078e-05,25,0,0
HYPSTAR_122305,sza_offset,-10,ruddick2023,1,2.811e-05,1.047e-05,2.597e-05,25,-1.277,-1.277
HYPSTAR_122305,sza_offset,-10,ruddick2023,5,2.23e-06,9.027e-07,1.078e-05,25,-0.8779,-0.8779
HYPSTAR_122305,sza_offset,-10,srf,1,2.313e-07,5.934e-08,2.597e-05,25,0.9851,0.9851
HYPSTAR_122305,sza_offset,-10,srf,5,2.373e-08,1.747e-08,1.078e-05,25,0.9839,0.9839
HYPSTAR_122305,sza_offset,-5,linear,1,1.233e-05,5.106e-06,2.597e-05,25,0,0
HYPSTAR_122305,sza_offset,-5,linear,5,1.183e-06,4.823e-07,1.078e-05,25,0,0
HYPSTAR_122305,sza_offset,-5,ruddick2023,1,2.811e-05,1.047e-05,2.597e-05,25,-1.277,-1.277
HYPSTAR_122305,sza_offset,-5,ruddick2023,5,2.23e-06,9.027e-07,1.078e-05,25,-0.8779,-0.8779
HYPSTAR_122305,sza_offset,-5,srf,1,1.356e-07,4.942e-08,2.597e-05,25,0.9893,0.9893
HYPSTAR_122305,sza_offset,-5,srf,5,1.911e-08,1.69e-08,1.078e-05,25,0.9851,0.9851
HYPSTAR_122305,sza_offset,-2,linear,1,1.233e-05,5.106e-06,2.597e-05,25,0,0
HYPSTAR_122305,sza_offset,-2,linear,5,1.183e-06,4.823e-07,1.078e-05,25,0,0
HYPSTAR_122305,sza_offset,-2,ruddick2023,1,2.811e-05,1.047e-05,2.597e-05,25,-1.277,-1.277
HYPSTAR_122305,sza_offset,-2,ruddick2023,5,2.23e-06,9.027e-07,1.078e-05,25,-0.8779,-0.8779
HYPSTAR_122305,sza_offset,-2,srf,1,1.217e-07,4.522e-08,2.597e-05,25,0.9922,0.9922
HYPSTAR_122305,sza_offset,-2,srf,5,1.763e-08,1.461e-08,1.078e-05,25,0.9869,0.9869
HYPSTAR_122305,sza_offset,0,linear,1,1.233e-05,5.106e-06,2.597e-05,25,0,0
HYPSTAR_122305,sza_offset,0,linear,5,1.183e-06,4.823e-07,1.078e-05,25,0,0
HYPSTAR_122305,sza_offset,0,ruddick2023,1,2.811e-05,1.047e-05,2.597e-05,25,-1.277,-1.277
HYPSTAR_122305,sza_offset,0,ruddick2023,5,2.23e-06,9.027e-07,1.078e-05,25,-0.8779,-0.8779
HYPSTAR_122305,sza_offset,0,srf,1,6.741e-08,3.496e-08,2.597e-05,25,0.9951,0.9951
HYPSTAR_122305,sza_offset,0,srf,5,1.398e-08,1.268e-08,1.078e-05,25,0.9908,0.9908
HYPSTAR_122305,sza_offset,2,linear,1,1.233e-05,5.106e-06,2.597e-05,25,0,0
HYPSTAR_122305,sza_offset,2,linear,5,1.183e-06,4.823e-07,1.078e-05,25,0,0
HYPSTAR_122305,sza_offset,2,ruddick2023,1,2.811e-05,1.047e-05,2.597e-05,25,-1.277,-1.277
HYPSTAR_122305,sza_offset,2,ruddick2023,5,2.23e-06,9.027e-07,1.078e-05,25,-0.8779,-0.8779
HYPSTAR_122305,sza_offset,2,srf,1,1.214e-07,4.533e-08,2.597e-05,25,0.9918,0.9918
HYPSTAR_122305,sza_offset,2,srf,5,1.768e-08,1.482e-08,1.078e-05,25,0.9869,0.9869
HYPSTAR_122305,sza_offset,5,linear,1,1.233e-05,5.106e-06,2.597e-05,25,0,0
HYPSTAR_122305,sza_offset,5,linear,5,1.183e-06,4.823e-07,1.078e-05,25,0,0
HYPSTAR_122305,sza_offset,5,ruddick2023,1,2.811e-05,1.047e-05,2.597e-05,25,-1.277,-1.277
HYPSTAR_122305,sza_offset,5,ruddick2023,5,2.23e-06,9.026e-07,1.078e-05,25,-0.8779,-0.8779
HYPSTAR_122305,sza_offset,5,srf,1,1.789e-07,5.206e-08,2.597e-05,25,0.9888,0.9888
HYPSTAR_122305,sza_offset,5,srf,5,2.122e-08,1.744e-08,1.078e-05,25,0.9845,0.9845
HYPSTAR_122305,sza_offset,10,linear,1,1.233e-05,5.106e-06,2.597e-05,25,0,0
HYPSTAR_122305,sza_offset,10,linear,5,1.183e-06,4.823e-07,1.078e-05,25,0,0
HYPSTAR_122305,sza_offset,10,ruddick2023,1,2.811e-05,1.047e-05,2.597e-05,25,-1.276,-1.276
HYPSTAR_122305,sza_offset,10,ruddick2023,5,2.23e-06,9.026e-07,1.078e-05,25,-0.8779,-0.8779
HYPSTAR_122305,sza_offset,10,srf,1,2.533e-07,9.848e-08,2.597e-05,25,0.9771,0.9771
HYPSTAR_122305,sza_offset,10,srf,5,3.327e-08,1.816e-08,1.078e-05,25,0.9803,0.9803
