instrument,channel,n_seq,slope_mean,slope_std,slope_err_median,offset600_mean,slope_sem,t,shift_390_to_870_nm
HYPSTAR_120242,E,9,-0.0135,0.0075,0.0110,-0.0136,0.0025,-5.4072,-0.0647
HYPSTAR_120242,Ld,9,-0.0309,0.0095,0.0143,-0.0226,0.0032,-9.7412,-0.1483
HYPSTAR_121222,E,20,-0.0116,0.0114,0.0163,-0.0345,0.0025,-4.5591,-0.0557
HYPSTAR_121222,Ld,20,-0.0402,0.0121,0.0166,-0.0336,0.0027,-14.7932,-0.1928
HYPSTAR_121231,E,33,-0.0088,0.0119,0.0175,-0.0253,0.0021,-4.2644,-0.0424
HYPSTAR_121231,Ld,33,-0.0502,0.0203,0.0221,-0.0439,0.0035,-14.1828,-0.2410
HYPSTAR_122302,E,60,-0.0053,0.0098,0.0113,-0.0083,0.0013,-4.1606,-0.0252
HYPSTAR_122302,Ld,60,-0.0341,0.0198,0.0182,-0.0303,0.0026,-13.3248,-0.1637
HYPSTAR_122303,E,12,-0.0082,0.0088,0.0209,-0.0222,0.0026,-3.2234,-0.0395
HYPSTAR_122303,Ld,12,-0.0411,0.0131,0.0184,-0.0340,0.0038,-10.8889,-0.1971
HYPSTAR_122304,E,60,-0.0116,0.0094,0.0124,0.0216,0.0012,-9.6081,-0.0557
HYPSTAR_122304,Ld,60,-0.0256,0.0153,0.0163,0.0273,0.0020,-12.9402,-0.1230
HYPSTAR_122305,E,30,-0.0241,0.0111,0.0194,-0.0125,0.0020,-11.8503,-0.1158
HYPSTAR_122305,Ld,30,-0.0396,0.0188,0.0186,0.0023,0.0034,-11.5115,-0.1900
