system_id,cal_period,n,sites,fwhm_450_E,fwhm_450_E_std,fwhm_450_Ld,fwhm_450_Ld_std,dfwhm_450_Ld_E,dfwhm_450_Ld_E_std,fwhm_600_E,fwhm_600_E_std,fwhm_600_Ld,fwhm_600_Ld_std,offset_E,offset_E_std,offset_Ld,offset_Ld_std,doffset_Ld_E,doffset_Ld_E_std,dfwhm_600_Ld_E
HYPSTAR_120242,2024-11-08/2024-11-12,9,GAIT,2.1571,0.0118,2.6864,0.0130,0.5292,0.0155,2.1392,0.0247,2.5905,0.0317,-0.0024,0.0099,0.0120,0.0134,0.0145,0.0112,0.4513
HYPSTAR_121222,2021-10-05/2021-10-04,10,GAIT,2.7607,0.0147,2.7337,0.0130,-0.0270,0.0222,2.6779,0.0299,2.6403,0.0402,-0.0213,0.0361,0.0255,0.0373,0.0468,0.0152,-0.0376
HYPSTAR_121222,2025-03-25/2025-03-24,10,GAIT,2.7343,0.0135,2.7363,0.0211,0.0020,0.0277,2.6637,0.0170,2.6541,0.0357,-0.0261,0.0148,-0.0027,0.0175,0.0234,0.0267,-0.0096
HYPSTAR_121231,2021-10-05/2021-10-04,33,MAFR,2.8629,0.0253,2.9031,0.0212,0.0402,0.0310,2.8187,0.0311,2.8883,0.0496,-0.0193,0.0282,0.0074,0.0208,0.0266,0.0208,0.0697
HYPSTAR_122302,2023-01-27/2023-01-25,60,"BEFR,THFR",2.2091,0.0091,2.7322,0.0154,0.5232,0.0177,2.2027,0.0234,2.6288,0.0365,-0.0038,0.0171,0.0106,0.0161,0.0144,0.0159,0.4261
HYPSTAR_122303,2023-01-27/2023-01-25,12,MAFR,2.7501,0.0194,2.7373,0.0193,-0.0128,0.0169,2.6833,0.0261,2.7165,0.0458,-0.0176,0.0096,0.0127,0.0137,0.0303,0.0148,0.0333
HYPSTAR_122304,2023-01-27/2023-01-25,30,VEIT,2.3320,0.0114,2.8081,0.0169,0.4761,0.0182,2.3010,0.0251,2.7101,0.0391,0.0353,0.0129,0.0421,0.0138,0.0068,0.0161,0.4090
HYPSTAR_122304,2024-11-08/2024-11-12,30,VEIT,2.3588,0.0108,2.8166,0.0177,0.4578,0.0213,2.3296,0.0208,2.6992,0.0341,0.0287,0.0142,0.0695,0.0161,0.0408,0.0123,0.3696
HYPSTAR_122305,2023-01-27/2023-01-25,30,VEIT,2.7006,0.0182,2.7707,0.0176,0.0701,0.0229,2.6962,0.0363,2.6807,0.0320,0.0052,0.0210,0.0477,0.0163,0.0425,0.0146,-0.0155
