pair,quantity,n_a,n_b,cal_a,cal_b
122304 recalibration,fwhm_400_E,0,0,,
122304 recalibration,fwhm_500_E,0,0,,
122304 recalibration,fwhm_600_E,0,0,,
122304 recalibration,fwhm_700_E,0,0,,
122304 recalibration,fwhm_400_Ld,0,0,,
122304 recalibration,fwhm_500_Ld,0,0,,
122304 recalibration,fwhm_600_Ld,0,0,,
122304 recalibration,fwhm_700_Ld,0,0,,
122304 recalibration,dfwhm_450_Ld_E,0,0,,
122304 recalibration,doffset_Ld_E,0,0,,
121222 recalibration,fwhm_400_E,0,0,,
121222 recalibration,fwhm_500_E,0,0,,
121222 recalibration,fwhm_600_E,0,0,,
121222 recalibration,fwhm_700_E,0,0,,
121222 recalibration,fwhm_400_Ld,0,0,,
121222 recalibration,fwhm_500_Ld,0,0,,
121222 recalibration,fwhm_600_Ld,0,0,,
121222 recalibration,fwhm_700_Ld,0,0,,
121222 recalibration,dfwhm_450_Ld_E,0,0,,
121222 recalibration,doffset_Ld_E,0,0,,
122302 BEFR vs THFR (site),fwhm_400_E,0,0,,
122302 BEFR vs THFR (site),fwhm_500_E,0,0,,
122302 BEFR vs THFR (site),fwhm_600_E,0,0,,
122302 BEFR vs THFR (site),fwhm_700_E,0,0,,
122302 BEFR vs THFR (site),fwhm_400_Ld,0,0,,
122302 BEFR vs THFR (site),fwhm_500_Ld,0,0,,
122302 BEFR vs THFR (site),fwhm_600_Ld,0,0,,
122302 BEFR vs THFR (site),fwhm_700_Ld,0,0,,
122302 BEFR vs THFR (site),dfwhm_450_Ld_E,0,0,,
122302 BEFR vs THFR (site),doffset_Ld_E,0,0,,
VEIT 122304 pre-recal vs 122305,fwhm_400_E,0,0,,
VEIT 122304 pre-recal vs 122305,fwhm_500_E,0,0,,
VEIT 122304 pre-recal vs 122305,fwhm_600_E,0,0,,
VEIT 122304 pre-recal vs 122305,fwhm_700_E,0,0,,
VEIT 122304 pre-recal vs 122305,fwhm_400_Ld,0,0,,
VEIT 122304 pre-recal vs 122305,fwhm_500_Ld,0,0,,
VEIT 122304 pre-recal vs 122305,fwhm_600_Ld,0,0,,
VEIT 122304 pre-recal vs 122305,fwhm_700_Ld,0,0,,
VEIT 122304 pre-recal vs 122305,dfwhm_450_Ld_E,0,0,,
VEIT 122304 pre-recal vs 122305,doffset_Ld_E,0,0,,
VEIT 122304 post-recal vs 122305,fwhm_400_E,0,0,,
VEIT 122304 post-recal vs 122305,fwhm_500_E,0,0,,
VEIT 122304 post-recal vs 122305,fwhm_600_E,0,0,,
VEIT 122304 post-recal vs 122305,fwhm_700_E,0,0,,
VEIT 122304 post-recal vs 122305,fwhm_400_Ld,0,0,,
VEIT 122304 post-recal vs 122305,fwhm_500_Ld,0,0,,
VEIT 122304 post-recal vs 122305,fwhm_600_Ld,0,0,,
VEIT 122304 post-recal vs 122305,fwhm_700_Ld,0,0,,
VEIT 122304 post-recal vs 122305,dfwhm_450_Ld_E,0,0,,
VEIT 122304 post-recal vs 122305,doffset_Ld_E,0,0,,
GAIT 121222 vs 120242,fwhm_400_E,0,0,,
GAIT 121222 vs 120242,fwhm_500_E,0,0,,
GAIT 121222 vs 120242,fwhm_600_E,0,0,,
GAIT 121222 vs 120242,fwhm_700_E,0,0,,
GAIT 121222 vs 120242,fwhm_400_Ld,0,0,,
GAIT 121222 vs 120242,fwhm_500_Ld,0,0,,
GAIT 121222 vs 120242,fwhm_600_Ld,0,0,,
GAIT 121222 vs 120242,fwhm_700_Ld,0,0,,
GAIT 121222 vs 120242,dfwhm_450_Ld_E,0,0,,
GAIT 121222 vs 120242,doffset_Ld_E,0,0,,
MAFR 121231 vs 122303,fwhm_400_E,0,0,,
MAFR 121231 vs 122303,fwhm_500_E,0,0,,
MAFR 121231 vs 122303,fwhm_600_E,0,0,,
MAFR 121231 vs 122303,fwhm_700_E,0,0,,
MAFR 121231 vs 122303,fwhm_400_Ld,0,0,,
MAFR 121231 vs 122303,fwhm_500_Ld,0,0,,
MAFR 121231 vs 122303,fwhm_600_Ld,0,0,,
MAFR 121231 vs 122303,fwhm_700_Ld,0,0,,
MAFR 121231 vs 122303,dfwhm_450_Ld_E,0,0,,
MAFR 121231 vs 122303,doffset_Ld_E,0,0,,
