channel,err_kind,name,lam_air,lam_vac,group,blend,use_for_srf,ok,npix,mu,mu_err,dmu,sigma,sigma_err,fwhm,fwhm_err,depth,depth_err,c0,c1,chi2_nu
E,flat,Ca K,393.366,393.4774,CaHK,True,True,True,24,393.5704,0.008877699,0.2043505,1.135302,0.01098364,2.673431,0.02586449,0.3785269,0.001702143,768.6084,28.22811,13.43721
E,flat,Ca H,396.847,396.9593,CaHK,True,True,True,24,396.8156,0.009813427,-0.03144344,1.175036,0.01116209,2.766997,0.0262847,0.3280097,0.001585455,866.8705,28.22811,13.43721
E,flat,G band,430.79,430.9112,G,True,True,True,17,430.3093,0.006904928,-0.4806768,1.058868,0.009583867,2.493444,0.02256828,0.1815077,0.0008563696,1030.812,11.40234,92.78694
E,flat,H beta,486.133,486.2688,Hb,False,True,True,16,486.3297,0.01250994,0.196721,1.263481,0.01722968,2.97527,0.04057279,0.1190512,0.001080524,1321.202,-5.348264,3.880229
E,flat,Mg b,517.27,517.4141,Mgb,True,True,True,17,517.5125,0.01437092,0.2424702,1.299012,0.02050526,3.05894,0.04828619,0.09480836,0.000931458,1258.758,0.4263969,2.91954
E,flat,Na D,589.29,589.4533,NaD,True,True,True,16,589.3519,0.01699049,0.06190188,1.130721,0.01861402,2.662645,0.04383267,0.07962498,0.001038516,1171.414,-7.36517,2.859712
E,flat,H alpha,656.281,656.4623,Ha,False,True,True,16,656.2613,0.01475097,-0.01970355,1.177266,0.01730408,2.77225,0.040748,0.1123164,0.001215185,1076.628,0.8318592,3.820293
E,flat,O2 B,687,687.1896,O2B,True,False,True,16,687.5878,0.009439626,0.5877758,1.316633,0.01216802,3.100434,0.02865351,0.1448891,0.0008509348,992.0955,-16.50085,20.25406
E,flat,O2 A,760.6,760.8094,O2A,True,False,True,17,760.9245,0.002423778,0.3245018,1.445195,0.003376849,3.403175,0.007951873,0.5103619,0.0005229236,697.8096,-60.00309,1006.706
E,flat,Ca II 849.8,849.802,850.0355,CaIR12,False,True,True,25,850.1745,0.0294639,0.3724781,1.138771,0.02940842,2.681601,0.06925153,0.05343853,0.001217088,731.3057,-1.05271,4.91517
E,flat,Ca II 854.2,854.209,854.4437,CaIR12,False,True,True,25,854.3101,0.01388413,0.1010542,1.188442,0.02001259,2.798568,0.04712606,0.1224746,0.00121442,726.6664,-1.05271,4.91517
E,flat,Ca II 866.2,866.214,866.4519,CaIR3,False,True,True,17,866.4602,0.0154629,0.2461741,1.142038,0.01964988,2.689294,0.04627193,0.09101022,0.001099876,706.0592,-1.90243,6.602333
E,flat,H2O,936.5,936.757,H2O,True,False,True,17,935.7051,0.02786329,-0.794936,2.561961,0.06692647,6.032957,0.1575998,0.4896509,0.007219163,223.2042,15.20413,175.4068
E,raw,Ca K,393.366,393.4774,CaHK,True,True,True,24,393.5569,0.009856859,0.1908585,1.130762,0.01284617,2.662742,0.03025042,0.3847057,0.001775267,774.5524,27.70648,13.37863
E,raw,Ca H,396.847,396.9593,CaHK,True,True,True,24,396.8061,0.01138276,-0.04086511,1.187708,0.01255435,2.796837,0.02956322,0.3315746,0.001679965,870.9987,27.70648,13.37863
E,raw,G band,430.79,430.9112,G,True,True,True,17,430.2781,0.009711781,-0.5118994,1.081211,0.01298183,2.546056,0.03056987,0.1780416,0.001284574,1027.528,10.06298,36.39033
E,raw,H beta,486.133,486.2688,Hb,False,True,True,16,486.3328,0.01772966,0.1998465,1.233188,0.02231012,2.903935,0.05253631,0.1185614,0.001393953,1319.982,-5.964529,2.624294
E,raw,Mg b,517.27,517.4141,Mgb,True,True,True,17,517.5475,0.0235599,0.277547,1.345031,0.03226057,3.167305,0.07596784,0.09548751,0.001711258,1260.198,0.6438958,1.115905
E,raw,Na D,589.29,589.4533,NaD,True,True,True,16,589.3628,0.02237273,0.07275304,1.143173,0.02765805,2.691967,0.06512974,0.0808659,0.001438455,1172.04,-7.22558,1.09948
E,raw,H alpha,656.281,656.4623,Ha,False,True,True,16,656.2704,0.01769864,-0.01062373,1.179768,0.02379199,2.778141,0.05602585,0.1117924,0.001768193,1075.419,0.6850103,2.236195
E,raw,O2 B,687,687.1896,O2B,True,False,True,16,687.5397,0.0160424,0.5396608,1.297339,0.02324112,3.054999,0.05472866,0.1441629,0.001390591,990.1644,-17.7146,7.362979
E,raw,O2 A,760.6,760.8094,O2A,True,False,True,17,760.9626,0.004493049,0.3625854,1.415564,0.006096281,3.333399,0.01435565,0.5241371,0.001090051,704.1088,-55.98135,339.5888
E,raw,Ca II 849.8,849.802,850.0355,CaIR12,False,True,True,25,850.1395,0.04214838,0.3374986,1.175779,0.06474186,2.768749,0.1524554,0.05426705,0.00172762,731.3034,-1.033075,1.502994
E,raw,Ca II 854.2,854.209,854.4437,CaIR12,False,True,True,25,854.3078,0.02230813,0.09880675,1.184973,0.03075664,2.790398,0.07242634,0.1229788,0.001834395,726.7506,-1.033075,1.502994
E,raw,Ca II 866.2,866.214,866.4519,CaIR3,False,True,True,17,866.4479,0.03278852,0.2339486,1.152322,0.03982959,2.713511,0.09379151,0.09004045,0.002288486,706.4828,-2.047091,1.447549
E,raw,H2O,936.5,936.757,H2O,True,False,True,17,935.6108,0.03660602,-0.8891678,2.816541,0.09538968,6.632447,0.2246255,0.5101542,0.01029998,235.6515,15.19753,144.3664
Ld,flat,Ca K,393.366,393.4774,CaHK,True,True,True,24,393.7018,0.009561902,0.3358181,1.307351,0.009594065,3.078577,0.0225923,0.3257348,0.001237861,75.10922,2.284462,26.30033
Ld,flat,Ca H,396.847,396.9593,CaHK,True,True,True,24,396.8756,0.01089936,0.02863276,1.280453,0.009986035,3.015235,0.02351531,0.2730332,0.0009928127,83.06143,2.284462,26.30033
Ld,flat,G band,430.79,430.9112,G,True,True,True,17,430.3263,0.009251618,-0.4636777,1.308651,0.01367335,3.081638,0.03219829,0.1517777,0.0009842294,81.20476,0.1741897,10.28215
Ld,flat,H beta,486.133,486.2688,Hb,False,True,True,16,486.4051,0.01499389,0.2721116,1.47123,0.02148774,3.464481,0.05059976,0.1083866,0.0009971312,76.16659,-0.6724851,3.889153
Ld,flat,Mg b,517.27,517.4141,Mgb,True,True,True,17,517.5409,0.02191113,0.2709121,1.495261,0.03116433,3.52107,0.0733864,0.08537517,0.001106145,62.89607,-0.2682195,2.91932
Ld,flat,Na D,589.29,589.4533,NaD,True,True,True,16,589.3299,0.02137625,0.03991207,1.329552,0.02621689,3.130856,0.06173606,0.07361489,0.001090574,44.7791,-0.4623312,1.971417
Ld,flat,H alpha,656.281,656.4623,Ha,False,True,True,16,656.2988,0.01391067,0.01778128,1.244791,0.01804335,2.931259,0.04248885,0.1002568,0.000914536,34.27929,-0.02900742,2.823171
Ld,flat,O2 B,687,687.1896,O2B,True,False,True,16,687.6143,0.01225148,0.614328,1.349003,0.01982729,3.176659,0.04668971,0.139727,0.001336523,29.41996,-0.5675523,5.890462
Ld,flat,O2 A,760.6,760.8094,O2A,True,False,True,16,761.0163,0.00310521,0.416312,1.589064,0.006182211,3.74196,0.014558,0.5195347,0.0008980359,18.9331,-1.59558,361.6965
Ld,flat,Ca II 849.8,849.802,850.0355,CaIR12,False,True,True,25,850.2414,0.04554981,0.4394107,1.175964,0.05237915,2.769183,0.1233435,0.05763292,0.001944707,17.08172,-0.04374163,2.966778
Ld,flat,Ca II 854.2,854.209,854.4437,CaIR12,False,True,True,25,854.355,0.02224633,0.1460359,1.23313,0.03536049,2.9038,0.0832676,0.12106,0.002181049,16.88896,-0.04374163,2.966778
Ld,flat,Ca II 866.2,866.214,866.4519,CaIR3,False,True,True,16,866.4659,0.03186449,0.2518583,1.211591,0.04401084,2.853078,0.1036376,0.08530641,0.002102587,16.16899,-0.06925922,1.961953
Ld,flat,H2O,936.5,936.757,H2O,True,False,False,16,,,,,,,,,,,,
Ld,raw,Ca K,393.366,393.4774,CaHK,True,True,True,24,393.6434,0.03586731,0.2774173,1.280958,0.03469149,3.016426,0.08169221,0.3198456,0.004117807,75.44025,2.423212,1.450453
Ld,raw,Ca H,396.847,396.9593,CaHK,True,True,True,24,396.8399,0.04550183,-0.007063779,1.384149,0.05355078,3.259422,0.1261024,0.2811907,0.004573049,83.87546,2.423212,1.450453
Ld,raw,G band,430.79,430.9112,G,True,True,True,17,430.3271,0.05687903,-0.462934,1.330245,0.08389518,3.132487,0.197558,0.1526768,0.005805952,81.34728,0.1710259,0.1854512
Ld,raw,H beta,486.133,486.2688,Hb,False,True,True,16,486.3934,0.1467896,0.2604074,1.472897,0.2195329,3.468406,0.5169604,0.1081058,0.01049829,76.15801,-0.6878472,0.03802119
Ld,raw,Mg b,517.27,517.4141,Mgb,True,True,True,17,517.5311,0.2011857,0.2611016,1.486236,0.2916811,3.499818,0.6868566,0.08616564,0.0110162,62.90678,-0.2795351,0.03142335
Ld,raw,Na D,589.29,589.4533,NaD,True,True,True,16,589.3505,0.2940457,0.06054087,1.336106,0.396803,3.146288,0.9343996,0.07397138,0.01429478,44.8021,-0.4638264,0.01443265
Ld,raw,H alpha,656.281,656.4623,Ha,False,True,True,16,656.3112,0.2398002,0.03021455,1.250654,0.3210995,2.945066,0.7561315,0.09885052,0.01623463,34.27721,-0.0251342,0.007004354
Ld,raw,O2 B,687,687.1896,O2B,True,False,True,16,687.6457,0.2081511,0.645721,1.344464,0.2981994,3.16597,0.7022059,0.1378115,0.01926781,29.41978,-0.5594033,0.02852377
Ld,raw,O2 A,760.6,760.8094,O2A,True,False,True,16,760.9742,0.05215086,0.3741917,1.528939,0.09223586,3.600377,0.2171988,0.5107914,0.01285254,18.64892,-1.626572,1.390082
Ld,raw,Ca II 849.8,849.802,850.0355,CaIR12,False,True,True,25,850.2282,0.658275,0.4261701,1.216071,0.820811,2.863628,1.932862,0.05684782,0.02510524,17.07704,-0.04742782,0.01258874
Ld,raw,Ca II 854.2,854.209,854.4437,CaIR12,False,True,True,25,854.3432,0.3171693,0.1342085,1.238882,0.4300007,2.917345,1.012574,0.11719,0.02443318,16.86803,-0.04742782,0.01258874
Ld,raw,Ca II 866.2,866.214,866.4519,CaIR3,False,True,True,16,866.4651,0.3976057,0.2511217,1.205369,0.5178746,2.838428,1.219502,0.08554877,0.02446103,16.17958,-0.07052193,0.01241221
Ld,raw,H2O,936.5,936.757,H2O,True,False,True,16,936.2087,0.2385136,-0.2913365,2.995604,1.059073,7.054109,2.493926,0.4833993,0.1184408,4.948649,0.4199997,2.775478
Lu,flat,Ca K,393.366,393.4774,CaHK,True,True,True,24,393.6496,0.02639583,0.2835825,1.271482,0.02276771,2.994111,0.05361386,0.3148924,0.002905013,4.833745,0.1842808,5.214761
Lu,flat,Ca H,396.847,396.9593,CaHK,True,True,True,24,396.8224,0.03314672,-0.02458738,1.420668,0.03462774,3.345419,0.08154211,0.2742895,0.002456416,5.475227,0.1842808,5.214761
Lu,flat,G band,430.79,430.9112,G,True,True,True,17,430.3249,0.01655104,-0.4651218,1.374451,0.02411287,3.236585,0.05678146,0.1500948,0.001658172,6.19743,0.03738017,6.02549
Lu,flat,H beta,486.133,486.2688,Hb,False,True,True,16,486.3533,0.0213095,0.2203258,1.437176,0.03117543,3.38429,0.07341253,0.1046586,0.001534586,8.76024,-0.01755243,1.428507
Lu,flat,Mg b,517.27,517.4141,Mgb,True,True,True,17,517.4888,0.02509638,0.2187674,1.53057,0.03667514,3.604217,0.08636336,0.08887764,0.001409728,9.383191,0.06911998,6.486261
Lu,flat,Na D,589.29,589.4533,NaD,True,True,True,16,589.3629,0.02387671,0.0729416,1.314134,0.03463498,3.094549,0.08155915,0.0804849,0.001206649,6.721994,-0.2310079,0.7138381
Lu,flat,H alpha,656.281,656.4623,Ha,False,True,True,16,656.3045,0.02704115,0.02345452,1.308383,0.03710852,3.081007,0.08738388,0.1006202,0.001547985,2.833145,-0.03052259,2.179846
Lu,flat,O2 B,687,687.1896,O2B,True,False,True,16,687.6788,0.0357272,0.6788455,1.305386,0.04541046,3.073949,0.1069335,0.1145749,0.002597801,2.459307,-0.06344891,5.511969
Lu,flat,O2 A,760.6,760.8094,O2A,True,False,True,16,761.0392,0.01202515,0.4391941,1.394491,0.01571866,3.283775,0.03701461,0.5373968,0.003645391,0.7658994,-0.07117889,28.91918
Lu,flat,Ca II 849.8,849.802,850.0355,CaIR12,False,True,True,25,850.3757,0.1622916,0.5737007,1.140974,0.1786708,2.686788,0.4207377,0.03419621,0.003882214,0.6871206,-0.002536562,1.15262
Lu,flat,Ca II 854.2,854.209,854.4437,CaIR12,False,True,True,25,854.4345,0.06474836,0.2254705,1.143873,0.08469562,2.693615,0.1994429,0.09649093,0.004410788,0.675942,-0.002536562,1.15262
Lu,flat,Ca II 866.2,866.214,866.4519,CaIR3,False,True,True,16,866.4351,0.09322271,0.2211064,1.109683,0.1274647,2.613104,0.3001565,0.07975584,0.005442355,0.6514463,-0.001858102,1.847253
Lu,flat,H2O,936.5,936.757,H2O,True,False,True,16,936.3079,0.1619475,-0.1921156,1.778727,0.3131274,4.188581,0.7373586,0.3274137,0.02904223,0.1558576,0.01218372,4.026616
Lu,raw,Ca K,393.366,393.4774,CaHK,True,True,True,24,393.6506,0.09941645,0.2846132,1.293571,0.09675324,3.046126,0.2278365,0.3187818,0.01117179,4.855342,0.183362,0.2598607
Lu,raw,Ca H,396.847,396.9593,CaHK,True,True,True,24,396.8534,0.1273013,0.006399095,1.405218,0.1384361,3.309035,0.3259921,0.277809,0.01208626,5.493626,0.183362,0.2598607
Lu,raw,G band,430.79,430.9112,G,True,True,True,17,430.3085,0.1192127,-0.4814616,1.383843,0.1705335,3.258702,0.4015756,0.150325,0.01178333,6.199717,0.03560843,0.1095894
Lu,raw,H beta,486.133,486.2688,Hb,False,True,True,16,486.3689,0.1533198,0.2358569,1.45409,0.2348241,3.42412,0.5529686,0.1047833,0.01076594,8.768428,-0.01556951,0.03251128
Lu,raw,Mg b,517.27,517.4141,Mgb,True,True,True,17,517.4902,0.1688756,0.2202327,1.54268,0.2500987,3.632734,0.5889374,0.08816125,0.00944073,9.389518,0.06808929,0.08379378
Lu,raw,Na D,589.29,589.4533,NaD,True,True,True,16,589.3538,0.1727011,0.06383832,1.317784,0.2274454,3.103145,0.535593,0.07998978,0.009106694,6.718509,-0.2317982,0.01758417
Lu,raw,H alpha,656.281,656.4623,Ha,False,True,True,16,656.2918,0.2027234,0.01077131,1.253204,0.2670068,2.95107,0.6287529,0.102111,0.01361544,2.828255,-0.03058522,0.02940844
Lu,raw,O2 B,687,687.1896,O2B,True,False,True,16,687.6552,0.2035539,0.6551517,1.304116,0.2816425,3.070959,0.6632174,0.1152217,0.01596066,2.458114,-0.06392446,0.08787309
Lu,raw,O2 A,760.6,760.8094,O2A,True,False,True,16,760.9936,0.04682828,0.3935853,1.613268,0.09225353,3.798955,0.2172405,0.5291177,0.0126058,0.7960203,-0.07552829,1.465101
Lu,raw,Ca II 849.8,849.802,850.0355,CaIR12,False,True,True,25,850.2428,1.16219,0.4407612,1.282304,1.541879,3.019596,3.630847,0.03417233,0.02842921,0.6870061,-0.002885702,0.03316208
Lu,raw,Ca II 854.2,854.209,854.4437,CaIR12,False,True,True,25,854.4961,0.4123924,0.2870719,1.126148,0.5314196,2.651875,1.251398,0.09265275,0.02966433,0.6742888,-0.002885702,0.03316208
Lu,raw,Ca II 866.2,866.214,866.4519,CaIR3,False,True,True,16,866.382,0.4760751,0.1679609,1.26234,0.6219452,2.972583,1.464569,0.08567705,0.02791698,0.6570527,-0.002208234,0.08594162
Lu,raw,H2O,936.5,936.757,H2O,True,False,True,16,936.2947,0.1933102,-0.205291,2.088371,0.4972827,4.917737,1.171011,0.3583613,0.04578879,0.1640415,0.0121793,3.22135
