group,line,lam_air,blend,use_for_srf,fit_ok,depth_E,fwhm_E,fwhm_L,h2_closed_form,h2_central,rms_meas_LdEd,rms_meas_LuEd,rms_noise_LdEd,rms_H1,rms_H2,rms_rho_rel,rms_rho2,rho_median,rms_rho_abs,rms_rho_pred_H2,rms_rho_pred_H1,rms_rho_noise,corr_H1_H2,alpha2_LdEd,alpha2_err_LdEd,alpha1_LdEd,alpha1_err_LdEd,j_alpha1_LdEd,j_alpha1_err_LdEd,j_alpha2_LdEd,j_alpha2_err_LdEd,j_shift_LdEd,j_shift_err_LdEd,alpha2_LuEd,alpha2_err_LuEd,alpha1_LuEd,alpha1_err_LuEd,j_alpha1_LuEd,j_alpha1_err_LuEd,j_alpha2_LuEd,j_alpha2_err_LuEd,j_shift_LuEd,j_shift_err_LuEd,alpha2_rho,alpha2_err_rho,alpha1_rho,alpha1_err_rho,j_alpha1_rho,j_alpha1_err_rho,j_alpha2_rho,j_alpha2_err_rho,j_shift_rho,j_shift_err_rho
CaHK,Ca H/K,395.106,True,True,True,0.378527,2.67343,3.07858,0.0930738,0.0801559,0.0272251,0.0295743,0.00441155,0.00274776,0.0243055,0.0352913,0.000785317,0.0108657,0.000381892,0.000262587,2.97083e-05,0.000254962,-0.83627,1.16177,0.11417,-9.54517,0.738218,-6.15678,1.24635,0.508587,0.15962,-0.0128358,0.0155519,1.13655,0.104946,-10.0572,0.724736,-6.38195,1.13953,0.505891,0.133987,-0.0219476,0.0162241,1.3088,0.196187,-10.6414,1.64073,-4.81361,2.96364,0.835056,0.354465,-0.0223118,0.0397606
G,G band,430.79,True,True,True,0.181508,2.49344,3.08164,0.0626763,0.0423272,0.0169426,0.0188327,0.0026529,0.0012549,0.0157675,0.0215219,0.000481279,0.0114235,0.000243962,0.000178655,1.42314e-05,0.000230615,-0.589594,0.878714,0.171288,-11.7046,1.40641,-8.84979,1.27163,0.405733,0.112106,-0.0550209,0.0273943,0.944505,0.150406,-13.4289,1.83458,-8.53278,1.84728,0.536547,0.135577,-0.0457837,0.0347863,1.07738,0.277764,-14.3827,3.41945,-9.80753,4.30926,0.585952,0.349395,-0.0654906,0.0792124
Hb,H beta,486.133,False,True,True,0.119051,2.97527,3.46448,0.0312481,0.0190828,0.00767311,0.0088253,0.00222909,4.92426e-05,0.00797093,0.00993994,0.000244894,0.0153063,0.000150577,0.000120822,7.38527e-07,0.000210443,-0.60566,0.769793,0.116673,-101.129,25.0876,-42.519,16.4798,0.665651,0.103102,-0.0657244,0.0208003,0.945918,0.126271,-127.964,33.9229,-34.0677,28.5346,0.815682,0.159273,-0.0274702,0.0267541,0.993688,0.401002,-126.504,65.1549,-46.3458,79.657,0.834936,0.488622,-0.0510188,0.0895378
Mgb,Mg b,517.27,True,True,True,0.0948084,3.05894,3.52107,0.0232535,0.0137466,0.00578141,0.00875464,0.00233252,0.000184284,0.00569037,0.0105098,0.000304007,0.018541,0.000191873,0.000105633,3.42195e-06,0.000205144,-0.726266,0.839676,0.150675,-27.9399,3.45137,-21.241,4.17113,0.308921,0.14093,-0.0488276,0.0216121,0.920221,0.306362,-27.1218,9.3122,-12.1912,15.262,0.629308,0.510276,0.0463978,0.0763143,0.706617,0.421815,-21.5514,13.0703,-8.98793,19.7895,0.494586,0.634743,0.078777,0.0968296
NaD,Na D,589.29,True,True,True,0.079625,2.66264,3.13086,0.0220346,0.0129379,0.00583182,0.00778627,0.00240783,0.000564952,0.00513185,0.00901825,0.000102196,0.0139869,0.000130026,7.21432e-05,7.84923e-06,0.00016455,-0.815099,0.856783,0.225987,-8.06519,2.25365,-4.04546,3.60022,0.484881,0.374446,-0.0453877,0.0514609,0.256779,0.33455,-3.51732,3.47148,-3.5944,5.87109,-0.0070778,0.561548,0.00832518,0.082777,0.286935,0.50254,-2.84154,4.49943,-2.03163,8.05079,0.0813992,0.897878,0.0647653,0.117886
Ha,H alpha,656.281,False,True,True,0.112316,2.77225,2.93126,0.0118549,0.0068636,0.00499702,0.0054216,0.00258399,0.00103728,0.00267871,0.00791087,6.11776e-05,0.00484626,3.77086e-05,1.2982e-05,5.06592e-06,0.000113935,-0.829782,1.52057,0.281363,-3.35335,0.82976,-0.962383,1.11298,1.20033,0.441395,-0.0332497,0.0232419,1.21659,0.369186,-3.82581,0.808855,-4.08229,1.45104,-0.0362428,0.559428,-0.0379402,0.028922,1.06056,1.91487,-4.01876,5.00076,-5.57731,8.92707,-0.698748,3.41734,-0.0546488,0.162905
O2B,O2 B,687,True,False,True,0.144889,3.10043,3.17666,0.00686986,0.00406572,0.00505112,0.0273708,0.00259882,0.00121836,0.00164881,0.0491816,0.000112286,0.00471682,0.000215643,7.23583e-06,5.35859e-06,0.000111404,-0.846945,1.20932,0.630802,-1.74015,0.791108,-1.20344,1.55221,0.156803,1.19565,-0.0459354,0.0269823,4.80711,3.45116,-6.39888,4.75588,-2.98431,8.70904,2.97037,6.34916,0.0188674,0.162455,9.89597,6.68449,-14.3984,8.97206,-10.4025,18.1487,3.38549,13.3852,-0.055109,0.284233
O2A,O2 A,760.6,True,False,True,0.510362,3.40317,3.74196,0.0882296,0.0943687,0.0163598,0.0434432,0.00304257,0.00690076,0.036069,0.236376,8.25238e-05,0.000453654,0.000121759,1.92741e-05,3.70455e-06,6.23394e-05,-0.758685,0.119327,0.120928,-0.959977,0.544551,-0.3345,0.69422,0.0535062,0.141964,-0.0556896,0.0143779,-0.0826085,0.306901,1.04097,1.32844,2.4104,1.90424,0.448568,0.439564,-0.0991704,0.0426167,-1.70625,1.4924,12.3692,7.25275,23.3894,9.79331,1.78753,1.90293,-0.810033,0.243794
CaIR12,Ca II 849.8/854.2,852.005,False,True,True,0.122475,2.79857,2.9038,0.00871602,0.0050579,0.00370834,0.0179472,0.00389816,0.00129285,0.00175574,0.217783,6.07329e-05,0.000282825,5.17712e-05,4.12682e-07,3.04575e-07,6.42317e-05,-0.801223,0.389112,0.451641,-0.235603,0.53451,0.158488,0.933395,0.490357,0.787643,-0.0208422,0.0268864,3.78891,1.6804,-1.73034,2.79016,5.54488,3.58117,6.70436,2.33277,-0.201794,0.110565,38.1087,28.5786,-34.6491,38.4073,22.7237,64.9219,51.4808,48.284,-2.2821,1.74338
CaIR3,Ca II 866.2,866.214,False,True,True,0.0910102,2.68929,2.85308,0.0101492,0.00574765,0.00407492,0.0109158,0.00367919,0.00118751,0.00222076,0.130678,7.79327e-05,0.000254043,3.16822e-05,5.49343e-07,2.92433e-07,6.78451e-05,-0.689942,0.427211,0.448042,-0.65434,0.770109,-0.235679,0.963744,0.352097,0.562727,-0.0502402,0.0354953,1.17905,1.0524,-1.55798,1.99564,-0.0695011,2.81162,1.0983,1.50746,-0.0371457,0.0959124,-2.04694,25.2361,11.2195,48.4451,19.2202,72.2865,5.0581,37.5863,0.394284,2.18363
H2O,H2O,936.5,True,False,False,,,,,,0.0270234,0.124729,0.0125471,0.00701592,,33.0261,0.000346936,0.000199787,0.000286933,,7.33088e-08,0.000127978,,,,-2.07849,0.771739,,,,,,,,,-9.31878,3.24105,,,,,,,,,-1955.87,711.868,,,,,,
