lo,hi,lam_center,sigma,sigma_err,fwhm,fwhm_err,dlam,dlam_err,veil,veil_err,shape,shape_par,shape_par_err,tau_scale,tau_scale_err,c0,c1,chi2_nu,npix,ok,channel,level,additive
550,560,555,1.2119,0.18011,2.8539,0.42412,-0.11379,0.092347,0.085031,0.15016,gauss,,,,,5.2608,0.0096958,0.8866,20,True,Lu,10.71,0.8393
560,570,565,,,,,,,,,gauss,,,,,,,,21,False,Lu,10.519,
580,590,585,,,,,,,,,gauss,,,,,,,,21,False,Lu,7.5884,
590,600,595,0.76134,0.079698,1.7928,0.18768,0.71266,0.14482,0.62025,0.25567,gauss,,,,,1.8828,-0.059348,0.87963,20,True,Lu,5.4479,2.0855
600,610,605,,,,,,,,,gauss,,,,,,,,20,False,Lu,4.2365,
610,620,615,1.4582,0.17933,3.4338,0.42229,-0.0058341,0.14001,-0.24696,0.089066,gauss,,,,,3.0245,-0.0098747,2.0909,21,True,Lu,3.8553,-1.2643
650,660,655,1.278,0.044224,3.0095,0.10414,-0.018739,0.02531,-0.16875,0.035488,gauss,,,,,2.1851,-0.014386,2.745,20,True,Lu,2.7801,-0.56439
660,670,665,,,,,,,,,gauss,,,,,,,,21,False,Lu,2.6606,
670,680,675,,,,,,,,,gauss,,,,,,,,20,False,Lu,2.7126,
850,860,855,1.029,0.060057,2.423,0.14142,0.23898,0.059968,0.40479,0.095447,gauss,,,,,0.48746,-0.00091543,1.2998,21,True,Lu,0.65072,0.18751
860,870,865,1.0141,0.12706,2.3879,0.2992,0.1567,0.088706,0.15179,0.13606,gauss,,,,,0.5857,0.00058397,1.5512,20,True,Lu,0.6392,0.084237
550,560,555,1.0754,0.1055,2.5323,0.24842,-0.19097,0.073553,0.11395,0.092787,gauss,,,,,25.637,-0.11607,1.7198,20,True,Ld,53.582,5.481
560,570,565,,,,,,,,,gauss,,,,,,,,21,False,Ld,50.39,
580,590,585,,,,,,,,,gauss,,,,,,,,21,False,Ld,45.728,
590,600,595,0.66039,0.043626,1.5551,0.10273,0.47678,0.07274,0.81261,0.20414,gauss,,,,,13.159,0.011457,1.7034,20,True,Ld,42.868,19.218
600,610,605,1.1121,0.09747,2.6188,0.22952,-0.38618,0.064161,0.021024,0.066254,gauss,,,,,23.677,-0.025847,3.5934,20,True,Ld,42.485,0.87483
610,620,615,1.1933,0.086812,2.8101,0.20443,-0.0031897,0.055404,-0.09155,0.050894,gauss,,,,,26.206,-0.030701,1.0194,21,True,Ld,40.289,-4.0602
650,660,655,1.2073,0.021356,2.8431,0.05029,-0.082812,0.013394,-0.087416,0.019324,gauss,,,,,23.858,0.044818,14.674,20,True,Ld,33.233,-3.1833
660,670,665,,,,,,,,,gauss,,,,,,,,21,False,Ld,33.964,
670,680,675,1.0424,0.22449,2.4547,0.52864,-0.31121,0.17548,-0.2419,0.33194,gauss,,,,,28.497,-0.03557,1.1715,20,True,Ld,32.705,-10.436
850,860,855,0.9812,0.023079,2.3106,0.054347,0.14455,0.019926,0.23489,0.032202,gauss,,,,,13.634,0.0013037,5.3087,21,True,Ld,16.032,3.0495
860,870,865,1.1675,0.04729,2.7492,0.11136,0.16254,0.030306,-0.063504,0.043981,gauss,,,,,17.849,0.0019733,1.7074,20,True,Ld,15.814,-1.0724
