row,priority,site,sequence_time,azimuth,instrument,sza,raa,ld_ed_750,sky
BEFR 122302,primary,BEFR_H,20230625T1015,090,HYPSTAR_122302,26.628,90.288,0.017921,clear
BEFR 122302,primary,BEFR_H,20230629T1200,090,HYPSTAR_122302,20.586,90.343,0.10041,cloudy
BEFR 122302,primary,BEFR_H,20230707T0930,090,HYPSTAR_122302,34.306,90.282,0.024263,clear
BEFR 122302,primary,BEFR_H,20230722T1230,090,HYPSTAR_122302,25.074,90.266,0.03768,clear
BEFR 122302,primary,BEFR_H,20230728T0900,090,HYPSTAR_122302,42.123,90.194,0.018478,clear
BEFR 122302,primary,BEFR_H,20230728T1200,090,HYPSTAR_122302,24.688,90.206,0.02668,clear
BEFR 122302,primary,BEFR_H,20230809T1115,090,HYPSTAR_122302,28.227,90.178,0.026742,clear
BEFR 122302,primary,BEFR_H,20230815T1015,090,HYPSTAR_122302,34.793,90.244,0.021681,clear
BEFR 122302,primary,BEFR_H,20230819T1030,090,HYPSTAR_122302,34.286,90.26,0.031342,clear
BEFR 122302,primary,BEFR_H,20230830T1145,090,HYPSTAR_122302,34.471,90.255,0.086284,cloudy
BEFR 122302,primary,BEFR_H,20230910T0815,090,HYPSTAR_122302,58.296,90.227,0.01698,clear
BEFR 122302,primary,BEFR_H,20230915T1200,090,HYPSTAR_122302,40.858,90.233,0.017372,clear
BEFR 122302,primary,BEFR_H,20230924T0945,090,HYPSTAR_122302,49.708,90.145,0.010995,clear
BEFR 122302,primary,BEFR_H,20230926T1315,090,HYPSTAR_122302,50.602,90.255,0.015089,clear
BEFR 122302,primary,BEFR_H,20231001T1045,090,HYPSTAR_122302,47.569,90.189,0.019172,clear
BEFR 122302,primary,BEFR_H,20231002T0730,090,HYPSTAR_122302,70.801,90.167,0.021246,clear
BEFR 122302,primary,BEFR_H,20231002T0845,090,HYPSTAR_122302,59.41,90.189,0.015868,clear
BEFR 122302,primary,BEFR_H,20231212T1245,090,HYPSTAR_122302,68.617,90.233,0.27461,overcast
BEFR 122302,primary,BEFR_H,20231218T1246,090,HYPSTAR_122302,68.776,90.2,0.010826,clear
BEFR 122302,primary,BEFR_H,20240103T1215,090,HYPSTAR_122302,66.688,90.327,0.28994,overcast
BEFR 122302,spare,BEFR_H,20230621T1230,090,HYPSTAR_122302,22.571,90.338,0.17839,cloudy
BEFR 122302,spare,BEFR_H,20230716T1145,090,HYPSTAR_122302,22.081,90.321,0.031544,clear
BEFR 122302,spare,BEFR_H,20230728T0915,090,HYPSTAR_122302,39.642,90.167,0.018928,clear
BEFR 122302,spare,BEFR_H,20230823T1130,090,HYPSTAR_122302,32.074,90.2,0.029696,clear
BEFR 122302,spare,BEFR_H,20230825T0915,090,HYPSTAR_122302,45.228,90.26,0.024383,clear
BEFR 122302,spare,BEFR_H,20230905T0845,090,HYPSTAR_122302,52.363,90.183,0.068468,cloudy
BEFR 122302,spare,BEFR_H,20230906T1230,090,HYPSTAR_122302,38.861,90.211,0.021278,clear
BEFR 122302,spare,BEFR_H,20230909T1330,090,HYPSTAR_122302,45.786,90.272,0.019564,clear
BEFR 122302,spare,BEFR_H,20231002T1245,090,HYPSTAR_122302,50.187,90.249,0.017873,clear
BEFR 122302,spare,BEFR_H,20231217T1015,090,HYPSTAR_122302,69.149,90.233,0.012242,clear
GAIT 120242,primary,GAIT_H,20250331T0902,090,HYPSTAR_120242,50.932,90.09,0.013166,clear
GAIT 120242,primary,GAIT_H,20250511T0747,090,HYPSTAR_120242,50.341,90.128,0.032271,clear
GAIT 120242,primary,GAIT_H,20250611T0817,090,HYPSTAR_120242,42.288,90.024,0.05842,cloudy
GAIT 120242,primary,GAIT_H,20250611T1147,090,HYPSTAR_120242,23.372,90.469,0.075625,cloudy
GAIT 120242,primary,GAIT_H,20250704T1132,090,HYPSTAR_120242,22.882,90.431,0.040622,clear
GAIT 120242,primary,GAIT_H,20250716T0947,090,HYPSTAR_120242,31.004,90.282,0.047494,clear
GAIT 120242,spare,GAIT_H,20250515T0947,090,HYPSTAR_120242,31.839,90.161,0.030853,clear
GAIT 120242,spare,GAIT_H,20250521T1017,090,HYPSTAR_120242,27.7,90.2,0.064655,cloudy
GAIT 120242,spare,GAIT_H,20250609T0802,090,HYPSTAR_120242,44.853,90.112,0.088246,cloudy
GAIT 121222 post-recal,primary,GAIT_H,20260310T1302,090,HYPSTAR_121222,53.964,90.305,0.048232,clear
GAIT 121222 post-recal,primary,GAIT_H,20260421T0947,090,HYPSTAR_121222,38.399,89.919,0.020303,clear
GAIT 121222 post-recal,primary,GAIT_H,20260507T0717,090,HYPSTAR_121222,56.269,90.128,0.014456,clear
GAIT 121222 post-recal,primary,GAIT_H,20260525T1017,090,HYPSTAR_121222,27.07,90.194,0.03073,clear
GAIT 121222 post-recal,primary,GAIT_H,20260609T1332,090,HYPSTAR_121222,35.801,90.354,0.072596,cloudy
GAIT 121222 post-recal,primary,GAIT_H,20260628T0717,090,HYPSTAR_121222,53.096,90.161,0.050551,cloudy
GAIT 121222 post-recal,primary,GAIT_H,20260724T0747,090,HYPSTAR_121222,50.767,89.958,0.017741,clear
GAIT 121222 post-recal,spare,GAIT_H,20260317T1147,090,HYPSTAR_121222,47.076,90.26,0.013001,clear
GAIT 121222 post-recal,spare,GAIT_H,20260416T0747,090,HYPSTAR_121222,56.605,90.288,0.022625,clear
GAIT 121222 post-recal,spare,GAIT_H,20260509T0847,090,HYPSTAR_121222,41.166,90.277,0.025357,clear
GAIT 121222 pre-recal,primary,GAIT_H,20230904T1140,090,HYPSTAR_121222,38.777,90.002,0.027901,clear
GAIT 121222 pre-recal,primary,GAIT_H,20230908T0840,090,HYPSTAR_121222,51.772,90.002,0.017758,clear
GAIT 121222 pre-recal,primary,GAIT_H,20240627T1241,090,HYPSTAR_121222,27.846,90.249,0.014968,clear
GAIT 121222 pre-recal,primary,GAIT_H,20240730T0830,090,HYPSTAR_121222,44.632,90.024,0.11507,cloudy
GAIT 121222 pre-recal,primary,GAIT_H,20240808T1045,090,HYPSTAR_121222,30.576,90.524,0.026907,clear
GAIT 121222 pre-recal,primary,GAIT_H,20240811T0830,090,HYPSTAR_121222,46.883,89.859,0.044377,clear
GAIT 121222 pre-recal,primary,GAIT_H,20240830T0915,090,HYPSTAR_121222,45.004,90.073,0.022775,clear
GAIT 121222 pre-recal,spare,GAIT_H,20230729T0920,090,HYPSTAR_121222,36.753,90.002,0.046391,clear
GAIT 121222 pre-recal,spare,GAIT_H,20230907T1300,090,HYPSTAR_121222,45.786,90.002,0.014309,clear
GAIT 121222 pre-recal,spare,GAIT_H,20231012T1220,090,HYPSTAR_121222,55.79,90.002,0.077407,cloudy
MAFR 121231,primary,MAFR_H,20240724T1231,270,HYPSTAR_121231,26.242,89.991,0.014346,clear
MAFR 121231,primary,MAFR_H,20240805T0946,270,HYPSTAR_121231,41.32,89.909,0.011937,clear
MAFR 121231,primary,MAFR_H,20240811T0900,270,HYPSTAR_121231,49.546,90.205,0.022372,clear
MAFR 121231,primary,MAFR_H,20240907T1230,270,HYPSTAR_121231,40.317,89.98,0.0091477,clear
MAFR 121231,primary,MAFR_H,20240919T1245,270,HYPSTAR_121231,45.685,89.853,0.010338,clear
MAFR 121231,primary,MAFR_H,20241004T1045,270,HYPSTAR_121231,52.24,90.118,0.010646,clear
MAFR 121231,primary,MAFR_H,20241022T0900,270,HYPSTAR_121231,67.992,89.782,0.01223,clear
MAFR 121231,primary,MAFR_H,20241102T1300,270,HYPSTAR_121231,62.832,90.118,0.015758,clear
MAFR 121231,primary,MAFR_H,20241216T1045,270,HYPSTAR_121231,70.792,89.859,0.012009,clear
MAFR 121231,primary,MAFR_H,20241220T1145,270,HYPSTAR_121231,69.023,89.947,0.033917,clear
MAFR 121231,primary,MAFR_H,20250117T1100,270,HYPSTAR_121231,68.146,89.853,0.013146,clear
MAFR 121231,primary,MAFR_H,20250221T1145,270,HYPSTAR_121231,56.314,90.162,0.27511,overcast
MAFR 121231,primary,MAFR_H,20250329T0900,270,HYPSTAR_121231,58.383,89.936,0.012992,clear
MAFR 121231,primary,MAFR_H,20250401T1145,270,HYPSTAR_121231,41.04,89.952,0.0078261,clear
MAFR 121231,primary,MAFR_H,20250616T1145,270,HYPSTAR_121231,22.467,89.809,0.033353,clear
MAFR 121231,primary,MAFR_H,20250929T0930,270,HYPSTAR_121231,57.487,90.183,0.00929,clear
MAFR 121231,primary,MAFR_H,20260212T1115,270,HYPSTAR_121231,60.707,90.013,0.18317,cloudy
MAFR 121231,primary,MAFR_H,20260319T1015,270,HYPSTAR_121231,52.466,89.93,0.01287,clear
MAFR 121231,primary,MAFR_H,20260330T1245,270,HYPSTAR_121231,42.496,90.09,0.0093108,clear
MAFR 121231,primary,MAFR_H,20260401T0915,270,HYPSTAR_121231,55.168,90.349,0.24917,cloudy
MAFR 121231,primary,MAFR_H,20260427T0915,270,HYPSTAR_121231,46.852,90.073,0.01462,clear
MAFR 121231,primary,MAFR_H,20260507T1015,270,HYPSTAR_121231,35.84,90.178,0.0096579,clear
MAFR 121231,spare,MAFR_H,20240728T1100,270,HYPSTAR_121231,30.26,89.887,0.029712,clear
MAFR 121231,spare,MAFR_H,20240909T1000,270,HYPSTAR_121231,48.048,90.046,0.15553,cloudy
MAFR 121231,spare,MAFR_H,20240915T0845,270,HYPSTAR_121231,59.794,89.909,0.0096215,clear
MAFR 121231,spare,MAFR_H,20241013T1215,270,HYPSTAR_121231,53.934,89.925,0.016689,clear
MAFR 121231,spare,MAFR_H,20250114T1215,270,HYPSTAR_121231,66.724,89.859,0.011843,clear
MAFR 121231,spare,MAFR_H,20250220T1130,270,HYPSTAR_121231,57.184,90.04,0.03396,clear
MAFR 121231,spare,MAFR_H,20250602T1215,270,HYPSTAR_121231,23.484,90.019,0.11752,cloudy
MAFR 121231,spare,MAFR_H,20250820T1000,270,HYPSTAR_121231,42.557,90.178,0.018028,clear
MAFR 121231,spare,MAFR_H,20251102T1115,270,HYPSTAR_121231,60.819,90.15,0.095276,cloudy
MAFR 121231,spare,MAFR_H,20260319T0930,270,HYPSTAR_121231,57.862,90.112,0.013811,clear
MAFR 121231,spare,MAFR_H,20260509T1045,270,HYPSTAR_121231,31.973,89.98,0.021689,clear
MAFR 122303,primary,MAFR_H,20260522T1215,270,HYPSTAR_122303,25.323,89.859,0.022476,clear
MAFR 122303,primary,MAFR_H,20260525T1015,270,HYPSTAR_122303,32.458,90.101,0.013461,clear
MAFR 122303,primary,MAFR_H,20260527T1115,270,HYPSTAR_122303,25.824,89.661,0.021217,clear
MAFR 122303,primary,MAFR_H,20260613T1100,270,HYPSTAR_122303,25.606,90.123,0.022086,clear
MAFR 122303,primary,MAFR_H,20260622T1030,270,HYPSTAR_122303,29.142,90.073,0.03431,clear
MAFR 122303,primary,MAFR_H,20260704T1130,270,HYPSTAR_122303,23.862,90.134,0.018366,clear
MAFR 122303,primary,MAFR_H,20260724T1115,270,HYPSTAR_122303,27.989,89.776,0.025534,clear
MAFR 122303,primary,MAFR_H,20260728T1045,270,HYPSTAR_122303,31.713,89.991,0.017079,clear
MAFR 122303,spare,MAFR_H,20260531T1145,270,HYPSTAR_122303,23.772,89.887,0.28552,overcast
MAFR 122303,spare,MAFR_H,20260613T0930,270,HYPSTAR_122303,37.912,90.062,0.021862,clear
MAFR 122303,spare,MAFR_H,20260615T1130,270,HYPSTAR_122303,23.17,89.925,0.014189,clear
MAFR 122303,spare,MAFR_H,20260730T1200,270,HYPSTAR_122303,27.163,90.173,0.043359,clear
THFR 122302,primary,THFR_H,20250609T0800,270,HYPSTAR_122302,49.764,89.991,0.047933,clear
THFR 122302,primary,THFR_H,20250616T1000,270,HYPSTAR_122302,29.319,89.87,0.025102,clear
THFR 122302,primary,THFR_H,20250731T0830,270,HYPSTAR_122302,48.787,90.041,0.016661,clear
THFR 122302,primary,THFR_H,20250804T1000,270,HYPSTAR_122302,35.022,89.963,0.052023,cloudy
THFR 122302,primary,THFR_H,20250806T0800,270,HYPSTAR_122302,55.062,90.106,0.044296,clear
THFR 122302,primary,THFR_H,20250807T0830,270,HYPSTAR_122302,49.941,89.963,0.031997,clear
THFR 122302,primary,THFR_H,20250908T0900,270,HYPSTAR_122302,51.8,89.87,0.023442,clear
THFR 122302,primary,THFR_H,20250927T0915,270,HYPSTAR_122302,54.919,90.123,0.011282,clear
THFR 122302,primary,THFR_H,20251003T1130,270,HYPSTAR_122302,47.586,90.013,0.18101,cloudy
THFR 122302,primary,THFR_H,20251011T0945,270,HYPSTAR_122302,55.91,89.881,0.011564,clear
THFR 122302,primary,THFR_H,20251118T1215,270,HYPSTAR_122302,63.658,90.013,0.010896,clear
THFR 122302,primary,THFR_H,20251229T1200,270,HYPSTAR_122302,66.679,90.073,0.014896,clear
THFR 122302,primary,THFR_H,20260128T0915,270,HYPSTAR_122302,71.753,90.129,0.016355,clear
THFR 122302,primary,THFR_H,20260215T1315,270,HYPSTAR_122302,58.713,89.776,0.11229,cloudy
THFR 122302,primary,THFR_H,20260301T0930,270,HYPSTAR_122302,60.651,90.211,0.016526,clear
THFR 122302,primary,THFR_H,20260301T1045,270,HYPSTAR_122302,53.368,89.991,0.015311,clear
THFR 122302,primary,THFR_H,20260415T0745,270,HYPSTAR_122302,61.32,90.161,0.01954,clear
THFR 122302,primary,THFR_H,20260427T0930,270,HYPSTAR_122302,40.681,89.887,0.024631,clear
THFR 122302,primary,THFR_H,20260511T0715,270,HYPSTAR_122302,60.586,89.881,0.014675,clear
THFR 122302,primary,THFR_H,20260714T1245,270,HYPSTAR_122302,24.704,89.81,0.03348,clear
THFR 122302,spare,THFR_H,20250621T1030,270,HYPSTAR_122302,25.259,90.04,0.03216,clear
THFR 122302,spare,THFR_H,20250710T1030,270,HYPSTAR_122302,26.779,90.068,0.018573,clear
THFR 122302,spare,THFR_H,20250807T1000,270,HYPSTAR_122302,35.647,89.865,0.02895,clear
THFR 122302,spare,THFR_H,20250906T1230,270,HYPSTAR_122302,38.699,89.897,0.016399,clear
THFR 122302,spare,THFR_H,20251129T0900,270,HYPSTAR_122302,73.651,89.881,0.017666,clear
THFR 122302,spare,THFR_H,20260408T1130,270,HYPSTAR_122302,36.268,90.052,0.013425,clear
THFR 122302,spare,THFR_H,20260513T0815,270,HYPSTAR_122302,49.484,90.216,0.11935,cloudy
THFR 122302,spare,THFR_H,20260529T0900,270,HYPSTAR_122302,39.682,89.986,0.018737,clear
THFR 122302,spare,THFR_H,20260624T0730,270,HYPSTAR_122302,55.499,89.853,0.024522,clear
THFR 122302,spare,THFR_H,20260708T0730,270,HYPSTAR_122302,56.566,89.771,0.016933,clear
VEIT 122304 post-recal,primary,VEIT_H,20250812T0630,090,HYPSTAR_122304,65.979,90.019,0.033023,clear
VEIT 122304 post-recal,primary,VEIT_H,20250825T1015,090,HYPSTAR_122304,36.655,90.189,0.023342,clear
VEIT 122304 post-recal,primary,VEIT_H,20250828T0815,090,HYPSTAR_122304,51.604,90.112,0.10601,cloudy
VEIT 122304 post-recal,primary,VEIT_H,20250905T1100,090,HYPSTAR_122304,38.707,90.123,0.023517,clear
VEIT 122304 post-recal,primary,VEIT_H,20250908T1415,090,HYPSTAR_122304,57.193,90.085,0.29258,overcast
VEIT 122304 post-recal,primary,VEIT_H,20250913T0645,090,HYPSTAR_122304,69.754,90.216,0.052201,cloudy
VEIT 122304 post-recal,primary,VEIT_H,20251007T1400,090,HYPSTAR_122304,65.503,90.31,0.015751,clear
VEIT 122304 post-recal,primary,VEIT_H,20251008T1215,090,HYPSTAR_122304,54.384,90.002,0.013832,clear
VEIT 122304 post-recal,primary,VEIT_H,20251109T1330,090,HYPSTAR_122304,71.884,90.057,0.023938,clear
VEIT 122304 post-recal,primary,VEIT_H,20260111T1000,090,HYPSTAR_122304,69.227,90.233,0.08794,cloudy
VEIT 122304 post-recal,primary,VEIT_H,20260201T1030,090,HYPSTAR_122304,63.406,90.162,0.019795,clear
VEIT 122304 post-recal,primary,VEIT_H,20260215T1100,090,HYPSTAR_122304,58.094,90.112,0.032589,clear
VEIT 122304 post-recal,primary,VEIT_H,20260325T0745,090,HYPSTAR_122304,62.997,90.15,0.040992,clear
VEIT 122304 post-recal,primary,VEIT_H,20260404T0930,090,HYPSTAR_122304,45.206,90.244,0.017267,clear
VEIT 122304 post-recal,primary,VEIT_H,20260424T0715,090,HYPSTAR_122304,58.36,90.095,0.021813,clear
VEIT 122304 post-recal,primary,VEIT_H,20260502T0645,090,HYPSTAR_122304,61.572,90.068,0.016822,clear
VEIT 122304 post-recal,primary,VEIT_H,20260619T1430,090,HYPSTAR_122304,45.881,90.2,0.029074,clear
VEIT 122304 post-recal,primary,VEIT_H,20260620T0630,090,HYPSTAR_122304,59.654,90.137,0.037599,clear
VEIT 122304 post-recal,primary,VEIT_H,20260622T1030,090,HYPSTAR_122304,23.33,90.09,0.021165,clear
VEIT 122304 post-recal,primary,VEIT_H,20260705T0700,090,HYPSTAR_122304,55.35,90.106,0.032576,clear
VEIT 122304 post-recal,spare,VEIT_H,20251002T1030,090,HYPSTAR_122304,49.431,90.183,0.0096992,clear
VEIT 122304 post-recal,spare,VEIT_H,20251221T1215,090,HYPSTAR_122304,70.479,90.035,0.019873,clear
VEIT 122304 post-recal,spare,VEIT_H,20260121T0930,090,HYPSTAR_122304,69.7,89.908,0.023476,clear
VEIT 122304 post-recal,spare,VEIT_H,20260305T1345,090,HYPSTAR_122304,60.654,90.233,0.081398,cloudy
VEIT 122304 post-recal,spare,VEIT_H,20260321T1300,090,HYPSTAR_122304,50.537,90.128,0.13174,cloudy
VEIT 122304 post-recal,spare,VEIT_H,20260406T1030,090,HYPSTAR_122304,39.74,90.189,0.085881,cloudy
VEIT 122304 post-recal,spare,VEIT_H,20260524T1230,090,HYPSTAR_122304,30.092,90.216,0.013024,clear
VEIT 122304 post-recal,spare,VEIT_H,20260530T0800,090,HYPSTAR_122304,44.383,90.112,0.017455,clear
VEIT 122304 post-recal,spare,VEIT_H,20260701T0630,090,HYPSTAR_122304,60.278,90.219,0.046397,clear
VEIT 122304 post-recal,spare,VEIT_H,20260712T0845,090,HYPSTAR_122304,38.206,90.145,0.024964,clear
VEIT 122304 pre-recal,primary,VEIT_H,20230424T0900,090,HYPSTAR_122304,42.059,89.996,0.23851,cloudy
VEIT 122304 pre-recal,primary,VEIT_H,20230428T0740,270,HYPSTAR_122304,53.178,89.996,0.1296,cloudy
VEIT 122304 pre-recal,primary,VEIT_H,20230508T1540,270,HYPSTAR_122304,63.14,90.002,0.064214,cloudy
VEIT 122304 pre-recal,primary,VEIT_H,20230522T0840,270,HYPSTAR_122304,38.744,90.002,0.028179,clear
VEIT 122304 pre-recal,primary,VEIT_H,20230523T0640,270,HYPSTAR_122304,58.929,90.002,0.029795,clear
VEIT 122304 pre-recal,primary,VEIT_H,20230604T1020,270,HYPSTAR_122304,24.744,89.996,0.0375,clear
VEIT 122304 pre-recal,primary,VEIT_H,20230610T0600,270,HYPSTAR_122304,64.784,89.996,0.098904,cloudy
VEIT 122304 pre-recal,primary,VEIT_H,20230626T1420,270,HYPSTAR_122304,43.96,90.002,0.024191,clear
VEIT 122304 pre-recal,primary,VEIT_H,20231014T1220,090,HYPSTAR_122304,56.834,90.172,0.056549,cloudy
VEIT 122304 pre-recal,primary,VEIT_H,20231022T0940,090,HYPSTAR_122304,58.632,90.249,0.012686,clear
VEIT 122304 pre-recal,primary,VEIT_H,20231031T0900,090,HYPSTAR_122304,64.492,89.903,0.014227,clear
VEIT 122304 pre-recal,primary,VEIT_H,20231125T1040,090,HYPSTAR_122304,66.1,90.09,0.010132,clear
VEIT 122304 pre-recal,primary,VEIT_H,20231207T1300,090,HYPSTAR_122304,73.231,90.249,0.022714,clear
VEIT 122304 pre-recal,primary,VEIT_H,20240129T1400,090,HYPSTAR_122304,72.808,90.057,0.022926,clear
VEIT 122304 pre-recal,primary,VEIT_H,20240224T1120,090,HYPSTAR_122304,54.846,90.101,0.13052,cloudy
VEIT 122304 pre-recal,primary,VEIT_H,20240225T1500,090,HYPSTAR_122304,73.223,90.249,0.015036,clear
VEIT 122304 pre-recal,primary,VEIT_H,20240320T0720,090,HYPSTAR_122304,68.55,90.079,0.043251,clear
VEIT 122304 pre-recal,primary,VEIT_H,20240321T0720,090,HYPSTAR_122304,68.197,90.238,0.12266,cloudy
VEIT 122304 pre-recal,primary,VEIT_H,20240322T1320,090,HYPSTAR_122304,52.22,90.244,0.024773,clear
VEIT 122304 pre-recal,primary,VEIT_H,20240528T1340,090,HYPSTAR_122304,39.452,90.227,0.20474,cloudy
VEIT 122304 pre-recal,spare,VEIT_H,20230601T1000,270,HYPSTAR_122304,26.863,89.996,0.024738,clear
VEIT 122304 pre-recal,spare,VEIT_H,20230607T0620,270,HYPSTAR_122304,61.37,89.996,0.050455,cloudy
VEIT 122304 pre-recal,spare,VEIT_H,20231016T1420,090,HYPSTAR_122304,71.246,90.266,0.12665,cloudy
VEIT 122304 pre-recal,spare,VEIT_H,20231113T0920,090,HYPSTAR_122304,66.581,90.233,0.045848,clear
VEIT 122304 pre-recal,spare,VEIT_H,20231211T0940,090,HYPSTAR_122304,70.697,90.178,0.31312,overcast
VEIT 122304 pre-recal,spare,VEIT_H,20240123T1340,090,HYPSTAR_122304,72.176,90.013,0.023877,clear
VEIT 122304 pre-recal,spare,VEIT_H,20240202T1320,090,HYPSTAR_122304,67.71,90.233,0.021759,clear
VEIT 122304 pre-recal,spare,VEIT_H,20240213T1020,090,HYPSTAR_122304,60.396,90.244,0.011902,clear
VEIT 122304 pre-recal,spare,VEIT_H,20240321T1120,090,HYPSTAR_122304,44.783,90.271,0.10053,cloudy
VEIT 122304 pre-recal,spare,VEIT_H,20240518T0700,090,HYPSTAR_122304,55.952,90.189,0.013855,clear
VEIT 122305,primary,VEIT_H,20240622T1245,090,HYPSTAR_122305,29.145,90.172,0.014483,clear
VEIT 122305,primary,VEIT_H,20240721T1400,090,HYPSTAR_122305,42.148,90.073,0.035135,clear
VEIT 122305,primary,VEIT_H,20240731T0615,090,HYPSTAR_122305,66.623,90.082,0.034027,clear
VEIT 122305,primary,VEIT_H,20240831T1215,090,HYPSTAR_122305,39.673,90.222,0.028613,clear
VEIT 122305,primary,VEIT_H,20240902T0830,090,HYPSTAR_122305,50.652,90.249,0.036266,clear
VEIT 122305,primary,VEIT_H,20241012T1245,090,HYPSTAR_122305,58.526,90.211,0.028929,clear
VEIT 122305,primary,VEIT_H,20241021T0815,090,HYPSTAR_122305,66.433,90.244,0.027897,clear
VEIT 122305,primary,VEIT_H,20241106T1245,090,HYPSTAR_122305,66.66,90.09,0.025379,clear
VEIT 122305,primary,VEIT_H,20241224T1045,090,HYPSTAR_122305,68.869,90.216,0.014019,clear
VEIT 122305,primary,VEIT_H,20250112T1245,090,HYPSTAR_122305,69.807,90.238,0.013008,clear
VEIT 122305,primary,VEIT_H,20250217T1245,090,HYPSTAR_122305,60.088,90.266,0.018649,clear
VEIT 122305,primary,VEIT_H,20250221T1415,090,HYPSTAR_122305,67.939,90.008,0.071965,cloudy
VEIT 122305,primary,VEIT_H,20250307T0745,090,HYPSTAR_122305,69.258,89.991,0.030149,clear
VEIT 122305,primary,VEIT_H,20250316T1115,090,HYPSTAR_122305,46.844,90.238,0.011252,clear
VEIT 122305,primary,VEIT_H,20250407T1345,090,HYPSTAR_122305,50.837,90.255,0.017254,clear
VEIT 122305,primary,VEIT_H,20250428T0600,090,HYPSTAR_122305,70.314,90.231,0.022178,clear
VEIT 122305,primary,VEIT_H,20250502T1315,090,HYPSTAR_122305,40.379,90.189,0.019552,clear
VEIT 122305,primary,VEIT_H,20250517T0630,090,HYPSTAR_122305,61.368,90.117,0.014352,clear
VEIT 122305,primary,VEIT_H,20250613T0615,090,HYPSTAR_122305,62.124,89.714,0.069425,cloudy
VEIT 122305,primary,VEIT_H,20250622T0745,090,HYPSTAR_122305,46.592,90.128,0.050085,cloudy
VEIT 122305,spare,VEIT_H,20240715T1245,090,HYPSTAR_122305,30.33,90.255,0.014584,clear
VEIT 122305,spare,VEIT_H,20240826T1145,090,HYPSTAR_122305,35.977,90.161,0.15654,cloudy
VEIT 122305,spare,VEIT_H,20240828T1600,090,HYPSTAR_122305,71.21,90.178,0.037734,clear
VEIT 122305,spare,VEIT_H,20240904T1430,090,HYPSTAR_122305,58.251,90.101,0.049033,clear
VEIT 122305,spare,VEIT_H,20240921T1445,090,HYPSTAR_122305,66.581,90.249,0.020231,clear
VEIT 122305,spare,VEIT_H,20241030T0745,090,HYPSTAR_122305,72.677,90.139,0.020552,clear
VEIT 122305,spare,VEIT_H,20250222T0930,090,HYPSTAR_122305,60.721,90.348,0.20983,cloudy
VEIT 122305,spare,VEIT_H,20250227T1000,090,HYPSTAR_122305,56.437,90.112,0.056993,cloudy
VEIT 122305,spare,VEIT_H,20250427T1015,090,HYPSTAR_122305,33.09,90.293,0.022334,clear
VEIT 122305,spare,VEIT_H,20250502T1100,090,HYPSTAR_122305,29.798,90.145,0.020505,clear
