channel,lam,fwhm_old,err_old,fwhm_new,err_new,diff,z,n_tell
E,650,2.2354,0.0613,2.2637,0.0535,0.0283,0.3481,16
E,700,2.2808,0.0599,2.3085,0.0506,0.0277,0.3534,16
E,750,2.3486,0.0576,2.3734,0.0478,0.0247,0.3304,16
E,800,2.4390,0.0599,2.4583,0.0519,0.0193,0.2441,16
E,850,2.5518,0.0732,2.5633,0.0688,0.0116,0.1152,16
Ld,650,2.6030,0.0613,2.6057,0.0476,0.0028,0.0357,17
Ld,700,2.5790,0.0661,2.5855,0.0409,0.0064,0.0829,17
Ld,750,2.5653,0.0771,2.5765,0.0384,0.0111,0.1294,17
Ld,800,2.5618,0.0986,2.5786,0.0521,0.0169,0.1514,17
Ld,850,2.5684,0.1317,2.5920,0.0827,0.0237,0.1521,17
Lu,650,2.6143,0.0783,2.5895,0.0556,-0.0249,-0.2588,16
Lu,700,2.6186,0.0981,2.5769,0.0604,-0.0417,-0.3622,16
Lu,750,2.6447,0.1323,2.5822,0.0757,-0.0626,-0.4106,16
Lu,800,2.6928,0.1822,2.6053,0.1051,-0.0874,-0.4155,16
Lu,850,2.7626,0.2473,2.6464,0.1481,-0.1163,-0.4033,16
