row,priority,optional,site,instrument,cal_dates_rad_irr,sequence_time,azimuth,sza,sky,file
BEFR 122302,primary,False,BEFR_H,HYPSTAR_122302,2023-01-27/2023-01-25,20230625T1015,090,26.6,,HYPERNETS_W_BEFR_L2B_REF_20230625T1015_20260527T1831_090_v2.1.nc
BEFR 122302,primary,False,BEFR_H,HYPSTAR_122302,2023-01-27/2023-01-25,20230629T1200,090,20.6,,HYPERNETS_W_BEFR_L2B_REF_20230629T1200_20260527T1909_090_v2.1.nc
BEFR 122302,primary,False,BEFR_H,HYPSTAR_122302,2023-01-27/2023-01-25,20230707T0930,090,34.3,,HYPERNETS_W_BEFR_L2B_REF_20230707T0930_20260527T2018_090_v2.1.nc
BEFR 122302,primary,False,BEFR_H,HYPSTAR_122302,2023-01-27/2023-01-25,20230722T1230,090,25.1,,HYPERNETS_W_BEFR_L2B_REF_20230722T1230_20260527T2236_090_v2.1.nc
BEFR 122302,primary,False,BEFR_H,HYPSTAR_122302,2023-01-27/2023-01-25,20230728T0900,090,42.1,,HYPERNETS_W_BEFR_L2B_REF_20230728T0900_20260527T2329_090_v2.1.nc
BEFR 122302,primary,False,BEFR_H,HYPSTAR_122302,2023-01-27/2023-01-25,20230728T1200,090,24.7,,HYPERNETS_W_BEFR_L2B_REF_20230728T1200_20260527T2331_090_v2.1.nc
BEFR 122302,primary,False,BEFR_H,HYPSTAR_122302,2023-01-27/2023-01-25,20230809T1115,090,28.2,,HYPERNETS_W_BEFR_L2B_REF_20230809T1115_20260528T0119_090_v2.1.nc
BEFR 122302,primary,False,BEFR_H,HYPSTAR_122302,2023-01-27/2023-01-25,20230815T1015,090,34.8,,HYPERNETS_W_BEFR_L2B_REF_20230815T1015_20260528T0213_090_v2.1.nc
BEFR 122302,primary,False,BEFR_H,HYPSTAR_122302,2023-01-27/2023-01-25,20230819T1030,090,34.3,,HYPERNETS_W_BEFR_L2B_REF_20230819T1030_20260528T0250_090_v2.1.nc
BEFR 122302,primary,False,BEFR_H,HYPSTAR_122302,2023-01-27/2023-01-25,20230830T1145,090,34.5,,HYPERNETS_W_BEFR_L2B_REF_20230830T1145_20260528T0430_090_v2.1.nc
BEFR 122302,primary,False,BEFR_H,HYPSTAR_122302,2023-01-27/2023-01-25,20230910T0815,090,58.3,,HYPERNETS_W_BEFR_L2B_REF_20230910T0815_20260528T0609_090_v2.1.nc
BEFR 122302,primary,False,BEFR_H,HYPSTAR_122302,2023-01-27/2023-01-25,20230915T1200,090,40.9,,HYPERNETS_W_BEFR_L2B_REF_20230915T1200_20260528T0657_090_v2.1.nc
BEFR 122302,primary,False,BEFR_H,HYPSTAR_122302,2023-01-27/2023-01-25,20230924T0945,090,49.7,,HYPERNETS_W_BEFR_L2B_REF_20230924T0945_20260528T0816_090_v2.1.nc
BEFR 122302,primary,False,BEFR_H,HYPSTAR_122302,2023-01-27/2023-01-25,20230926T1315,090,50.6,,HYPERNETS_W_BEFR_L2B_REF_20230926T1315_20260528T0838_090_v2.1.nc
BEFR 122302,primary,False,BEFR_H,HYPSTAR_122302,2023-01-27/2023-01-25,20231001T1045,090,47.6,,HYPERNETS_W_BEFR_L2B_REF_20231001T1045_20260528T0921_090_v2.1.nc
BEFR 122302,primary,False,BEFR_H,HYPSTAR_122302,2023-01-27/2023-01-25,20231002T0730,090,70.8,,HYPERNETS_W_BEFR_L2B_REF_20231002T0730_20260528T0928_090_v2.1.nc
BEFR 122302,primary,False,BEFR_H,HYPSTAR_122302,2023-01-27/2023-01-25,20231002T0845,090,59.4,,HYPERNETS_W_BEFR_L2B_REF_20231002T0845_20260528T0929_090_v2.1.nc
BEFR 122302,primary,False,BEFR_H,HYPSTAR_122302,2023-01-27/2023-01-25,20231212T1245,090,68.6,,HYPERNETS_W_BEFR_L2B_REF_20231212T1245_20260528T1022_090_v2.1.nc
BEFR 122302,primary,False,BEFR_H,HYPSTAR_122302,2023-01-27/2023-01-25,20231218T1246,090,68.8,,HYPERNETS_W_BEFR_L2B_REF_20231218T1246_20260528T1104_090_v2.1.nc
BEFR 122302,primary,False,BEFR_H,HYPSTAR_122302,2023-01-27/2023-01-25,20240103T1215,090,66.7,,HYPERNETS_W_BEFR_L2B_REF_20240103T1215_20260528T1257_090_v2.1.nc
BEFR 122302,spare,False,BEFR_H,HYPSTAR_122302,2023-01-27/2023-01-25,20230621T1230,090,22.6,,HYPERNETS_W_BEFR_L2B_REF_20230621T1230_20260527T1757_090_v2.1.nc
BEFR 122302,spare,False,BEFR_H,HYPSTAR_122302,2023-01-27/2023-01-25,20230716T1145,090,22.1,,HYPERNETS_W_BEFR_L2B_REF_20230716T1145_20260527T2143_090_v2.1.nc
BEFR 122302,spare,False,BEFR_H,HYPSTAR_122302,2023-01-27/2023-01-25,20230728T0915,090,39.6,,HYPERNETS_W_BEFR_L2B_REF_20230728T0915_20260527T2329_090_v2.1.nc
BEFR 122302,spare,False,BEFR_H,HYPSTAR_122302,2023-01-27/2023-01-25,20230823T1130,090,32.1,,HYPERNETS_W_BEFR_L2B_REF_20230823T1130_20260528T0327_090_v2.1.nc
BEFR 122302,spare,False,BEFR_H,HYPSTAR_122302,2023-01-27/2023-01-25,20230825T0915,090,45.2,,HYPERNETS_W_BEFR_L2B_REF_20230825T0915_20260528T0344_090_v2.1.nc
BEFR 122302,spare,False,BEFR_H,HYPSTAR_122302,2023-01-27/2023-01-25,20230905T0845,090,52.4,,HYPERNETS_W_BEFR_L2B_REF_20230905T0845_20260528T0523_090_v2.1.nc
BEFR 122302,spare,False,BEFR_H,HYPSTAR_122302,2023-01-27/2023-01-25,20230906T1230,090,38.9,,HYPERNETS_W_BEFR_L2B_REF_20230906T1230_20260528T0535_090_v2.1.nc
BEFR 122302,spare,False,BEFR_H,HYPSTAR_122302,2023-01-27/2023-01-25,20230909T1330,090,45.8,,HYPERNETS_W_BEFR_L2B_REF_20230909T1330_20260528T0604_090_v2.1.nc
BEFR 122302,spare,False,BEFR_H,HYPSTAR_122302,2023-01-27/2023-01-25,20231002T1245,090,50.2,,HYPERNETS_W_BEFR_L2B_REF_20231002T1245_20260528T0932_090_v2.1.nc
BEFR 122302,spare,False,BEFR_H,HYPSTAR_122302,2023-01-27/2023-01-25,20231217T1015,090,69.1,,HYPERNETS_W_BEFR_L2B_REF_20231217T1015_20260528T1055_090_v2.1.nc
GAIT 120242,primary,True,GAIT_H,HYPSTAR_120242,2024-11-08/2024-11-12,20250331T0902,090,50.9,,HYPERNETS_W_GAIT_L2B_REF_20250331T0902_20260602T1009_090_v2.1.nc
GAIT 120242,primary,True,GAIT_H,HYPSTAR_120242,2024-11-08/2024-11-12,20250511T0747,090,50.3,,HYPERNETS_W_GAIT_L2B_REF_20250511T0747_20260602T1402_090_v2.1.nc
GAIT 120242,primary,True,GAIT_H,HYPSTAR_120242,2024-11-08/2024-11-12,20250611T0817,090,42.3,,HYPERNETS_W_GAIT_L2B_REF_20250611T0817_20260602T1709_090_v2.1.nc
GAIT 120242,primary,True,GAIT_H,HYPSTAR_120242,2024-11-08/2024-11-12,20250611T1147,090,23.4,,HYPERNETS_W_GAIT_L2B_REF_20250611T1147_20260602T1712_090_v2.1.nc
GAIT 120242,primary,True,GAIT_H,HYPSTAR_120242,2024-11-08/2024-11-12,20250704T1132,090,22.9,,HYPERNETS_W_GAIT_L2B_REF_20250704T1132_20260602T1931_090_v2.1.nc
GAIT 120242,primary,True,GAIT_H,HYPSTAR_120242,2024-11-08/2024-11-12,20250716T0947,090,31.0,,HYPERNETS_W_GAIT_L2B_REF_20250716T0947_20260602T2038_090_v2.1.nc
GAIT 120242,spare,True,GAIT_H,HYPSTAR_120242,2024-11-08/2024-11-12,20250515T0947,090,31.8,,HYPERNETS_W_GAIT_L2B_REF_20250515T0947_20260602T1428_090_v2.1.nc
GAIT 120242,spare,True,GAIT_H,HYPSTAR_120242,2024-11-08/2024-11-12,20250521T1017,090,27.7,,HYPERNETS_W_GAIT_L2B_REF_20250521T1017_20260602T1504_090_v2.1.nc
GAIT 120242,spare,True,GAIT_H,HYPSTAR_120242,2024-11-08/2024-11-12,20250609T0802,090,44.9,,HYPERNETS_W_GAIT_L2B_REF_20250609T0802_20260602T1657_090_v2.1.nc
GAIT 121222 post-recal,primary,True,GAIT_H,HYPSTAR_121222,2025-03-25/2025-03-24,20260310T1302,090,54.0,,HYPERNETS_W_GAIT_L2B_REF_20260310T1302_20260603T0308_090_v2.1.nc
GAIT 121222 post-recal,primary,True,GAIT_H,HYPSTAR_121222,2025-03-25/2025-03-24,20260421T0947,090,38.4,,HYPERNETS_W_GAIT_L2B_REF_20260421T0947_20260603T0712_090_v2.1.nc
GAIT 121222 post-recal,primary,True,GAIT_H,HYPSTAR_121222,2025-03-25/2025-03-24,20260507T0717,090,56.3,,HYPERNETS_W_GAIT_L2B_REF_20260507T0717_20260828T1155_090_v2.1.nc
GAIT 121222 post-recal,primary,True,GAIT_H,HYPSTAR_121222,2025-03-25/2025-03-24,20260525T1017,090,27.1,,HYPERNETS_W_GAIT_L2B_REF_20260525T1017_20260828T1357_090_v2.1.nc
GAIT 121222 post-recal,primary,True,GAIT_H,HYPSTAR_121222,2025-03-25/2025-03-24,20260609T1332,090,35.8,,HYPERNETS_W_GAIT_L2B_REF_20260609T1332_20260828T1541_090_v2.1.nc
GAIT 121222 post-recal,primary,True,GAIT_H,HYPSTAR_121222,2025-03-25/2025-03-24,20260628T0717,090,53.1,,HYPERNETS_W_GAIT_L2B_REF_20260628T0717_20260828T1735_090_v2.1.nc
GAIT 121222 post-recal,primary,True,GAIT_H,HYPSTAR_121222,2025-03-25/2025-03-24,20260724T0747,090,50.8,,HYPERNETS_W_GAIT_L2B_REF_20260724T0747_20260828T2000_090_v2.1.nc
GAIT 121222 post-recal,spare,True,GAIT_H,HYPSTAR_121222,2025-03-25/2025-03-24,20260317T1147,090,47.1,,HYPERNETS_W_GAIT_L2B_REF_20260317T1147_20260603T0349_090_v2.1.nc
GAIT 121222 post-recal,spare,True,GAIT_H,HYPSTAR_121222,2025-03-25/2025-03-24,20260416T0747,090,56.6,,HYPERNETS_W_GAIT_L2B_REF_20260416T0747_20260603T0641_090_v2.1.nc
GAIT 121222 post-recal,spare,True,GAIT_H,HYPSTAR_121222,2025-03-25/2025-03-24,20260509T0847,090,41.2,,HYPERNETS_W_GAIT_L2B_REF_20260509T0847_20260828T1209_090_v2.1.nc
GAIT 121222 pre-recal,primary,True,GAIT_H,HYPSTAR_121222,2021-10-05/2021-10-04,20230904T1140,090,38.8,,HYPERNETS_W_GAIT_L2B_REF_20230904T1140_20260601T1644_090_v2.1.nc
GAIT 121222 pre-recal,primary,True,GAIT_H,HYPSTAR_121222,2021-10-05/2021-10-04,20230908T0840,090,51.8,,HYPERNETS_W_GAIT_L2B_REF_20230908T0840_20260601T1708_090_v2.1.nc
GAIT 121222 pre-recal,primary,True,GAIT_H,HYPSTAR_121222,2021-10-05/2021-10-04,20240627T1241,090,27.8,,HYPERNETS_W_GAIT_L2B_REF_20240627T1241_20260601T1909_090_v2.1.nc
GAIT 121222 pre-recal,primary,True,GAIT_H,HYPSTAR_121222,2021-10-05/2021-10-04,20240730T0830,090,44.6,,HYPERNETS_W_GAIT_L2B_REF_20240730T0830_20260601T2117_090_v2.1.nc
GAIT 121222 pre-recal,primary,True,GAIT_H,HYPSTAR_121222,2021-10-05/2021-10-04,20240808T1045,090,30.6,,HYPERNETS_W_GAIT_L2B_REF_20240808T1045_20260601T2219_090_v2.1.nc
GAIT 121222 pre-recal,primary,True,GAIT_H,HYPSTAR_121222,2021-10-05/2021-10-04,20240811T0830,090,46.9,,HYPERNETS_W_GAIT_L2B_REF_20240811T0830_20260601T2238_090_v2.1.nc
GAIT 121222 pre-recal,primary,True,GAIT_H,HYPSTAR_121222,2021-10-05/2021-10-04,20240830T0915,090,45.0,,HYPERNETS_W_GAIT_L2B_REF_20240830T0915_20260602T0047_090_v2.1.nc
GAIT 121222 pre-recal,spare,True,GAIT_H,HYPSTAR_121222,2021-10-05/2021-10-04,20230729T0920,090,36.8,,HYPERNETS_W_GAIT_L2B_REF_20230729T0920_20260601T1313_090_v2.1.nc
GAIT 121222 pre-recal,spare,True,GAIT_H,HYPSTAR_121222,2021-10-05/2021-10-04,20230907T1300,090,45.8,,HYPERNETS_W_GAIT_L2B_REF_20230907T1300_20260601T1704_090_v2.1.nc
GAIT 121222 pre-recal,spare,True,GAIT_H,HYPSTAR_121222,2021-10-05/2021-10-04,20231012T1220,090,55.8,,HYPERNETS_W_GAIT_L2B_REF_20231012T1220_20260601T1759_090_v2.1.nc
MAFR 121231,primary,False,MAFR_H,HYPSTAR_121231,2021-10-05/2021-10-04,20240724T1231,270,26.2,,HYPERNETS_W_MAFR_L2B_REF_20240724T1231_20260527T2319_270_v2.1.nc
MAFR 121231,primary,False,MAFR_H,HYPSTAR_121231,2021-10-05/2021-10-04,20240805T0946,270,41.3,,HYPERNETS_W_MAFR_L2B_REF_20240805T0946_20260528T0038_270_v2.1.nc
MAFR 121231,primary,False,MAFR_H,HYPSTAR_121231,2021-10-05/2021-10-04,20240811T0900,270,49.5,,HYPERNETS_W_MAFR_L2B_REF_20240811T0900_20260528T0117_270_v2.1.nc
MAFR 121231,primary,False,MAFR_H,HYPSTAR_121231,2021-10-05/2021-10-04,20240907T1230,270,40.3,,HYPERNETS_W_MAFR_L2B_REF_20240907T1230_20260528T0418_270_v2.1.nc
MAFR 121231,primary,False,MAFR_H,HYPSTAR_121231,2021-10-05/2021-10-04,20240919T1245,270,45.7,,HYPERNETS_W_MAFR_L2B_REF_20240919T1245_20260528T0539_270_v2.1.nc
MAFR 121231,primary,False,MAFR_H,HYPSTAR_121231,2021-10-05/2021-10-04,20241004T1045,270,52.2,,HYPERNETS_W_MAFR_L2B_REF_20241004T1045_20260528T0717_270_v2.1.nc
MAFR 121231,primary,False,MAFR_H,HYPSTAR_121231,2021-10-05/2021-10-04,20241022T0900,270,68.0,,HYPERNETS_W_MAFR_L2B_REF_20241022T0900_20260528T0915_270_v2.1.nc
MAFR 121231,primary,False,MAFR_H,HYPSTAR_121231,2021-10-05/2021-10-04,20241102T1300,270,62.8,,HYPERNETS_W_MAFR_L2B_REF_20241102T1300_20260528T1032_270_v2.1.nc
MAFR 121231,primary,False,MAFR_H,HYPSTAR_121231,2021-10-05/2021-10-04,20241216T1045,270,70.8,,HYPERNETS_W_MAFR_L2B_REF_20241216T1045_20260528T1507_270_v2.1.nc
MAFR 121231,primary,False,MAFR_H,HYPSTAR_121231,2021-10-05/2021-10-04,20241220T1145,270,69.0,,HYPERNETS_W_MAFR_L2B_REF_20241220T1145_20260528T1531_270_v2.1.nc
MAFR 121231,primary,False,MAFR_H,HYPSTAR_121231,2021-10-05/2021-10-04,20250117T1100,270,68.1,,HYPERNETS_W_MAFR_L2B_REF_20250117T1100_20260528T1816_270_v2.1.nc
MAFR 121231,primary,False,MAFR_H,HYPSTAR_121231,2021-10-05/2021-10-04,20250221T1145,270,56.3,,HYPERNETS_W_MAFR_L2B_REF_20250221T1145_20260528T2156_270_v2.1.nc
MAFR 121231,primary,False,MAFR_H,HYPSTAR_121231,2021-10-05/2021-10-04,20250329T0900,270,58.4,,HYPERNETS_W_MAFR_L2B_REF_20250329T0900_20260529T0140_270_v2.1.nc
MAFR 121231,primary,False,MAFR_H,HYPSTAR_121231,2021-10-05/2021-10-04,20250401T1145,270,41.0,,HYPERNETS_W_MAFR_L2B_REF_20250401T1145_20260529T0159_270_v2.1.nc
MAFR 121231,primary,False,MAFR_H,HYPSTAR_121231,2021-10-05/2021-10-04,20250616T1145,270,22.5,,HYPERNETS_W_MAFR_L2B_REF_20250616T1145_20260529T0924_270_v2.1.nc
MAFR 121231,primary,False,MAFR_H,HYPSTAR_121231,2021-10-05/2021-10-04,20250929T0930,270,57.5,,HYPERNETS_W_MAFR_L2B_REF_20250929T0930_20260529T1933_270_v2.1.nc
MAFR 121231,primary,False,MAFR_H,HYPSTAR_121231,2021-10-05/2021-10-04,20260212T1115,270,60.7,,HYPERNETS_W_MAFR_L2B_REF_20260212T1115_20260530T0856_270_v2.1.nc
MAFR 121231,primary,False,MAFR_H,HYPSTAR_121231,2021-10-05/2021-10-04,20260319T1015,270,52.5,,HYPERNETS_W_MAFR_L2B_REF_20260319T1015_20260530T1229_270_v2.1.nc
MAFR 121231,primary,False,MAFR_H,HYPSTAR_121231,2021-10-05/2021-10-04,20260330T1245,270,42.5,,HYPERNETS_W_MAFR_L2B_REF_20260330T1245_20260530T1335_270_v2.1.nc
MAFR 121231,primary,False,MAFR_H,HYPSTAR_121231,2021-10-05/2021-10-04,20260401T0915,270,55.2,,HYPERNETS_W_MAFR_L2B_REF_20260401T0915_20260530T1344_270_v2.1.nc
MAFR 121231,primary,False,MAFR_H,HYPSTAR_121231,2021-10-05/2021-10-04,20260427T0915,270,46.9,,HYPERNETS_W_MAFR_L2B_REF_20260427T0915_20260530T1613_270_v2.1.nc
MAFR 121231,primary,False,MAFR_H,HYPSTAR_121231,2021-10-05/2021-10-04,20260507T1015,270,35.8,,HYPERNETS_W_MAFR_L2B_REF_20260507T1015_20260828T1158_270_v2.1.nc
MAFR 121231,spare,False,MAFR_H,HYPSTAR_121231,2021-10-05/2021-10-04,20240728T1100,270,30.3,,HYPERNETS_W_MAFR_L2B_REF_20240728T1100_20260527T2345_270_v2.1.nc
MAFR 121231,spare,False,MAFR_H,HYPSTAR_121231,2021-10-05/2021-10-04,20240909T1000,270,48.0,,HYPERNETS_W_MAFR_L2B_REF_20240909T1000_20260528T0430_270_v2.1.nc
MAFR 121231,spare,False,MAFR_H,HYPSTAR_121231,2021-10-05/2021-10-04,20240915T0845,270,59.8,,HYPERNETS_W_MAFR_L2B_REF_20240915T0845_20260528T0509_270_v2.1.nc
MAFR 121231,spare,False,MAFR_H,HYPSTAR_121231,2021-10-05/2021-10-04,20241013T1215,270,53.9,,HYPERNETS_W_MAFR_L2B_REF_20241013T1215_20260528T0816_270_v2.1.nc
MAFR 121231,spare,False,MAFR_H,HYPSTAR_121231,2021-10-05/2021-10-04,20250114T1215,270,66.7,,HYPERNETS_W_MAFR_L2B_REF_20250114T1215_20260528T1759_270_v2.1.nc
MAFR 121231,spare,False,MAFR_H,HYPSTAR_121231,2021-10-05/2021-10-04,20250220T1130,270,57.2,,HYPERNETS_W_MAFR_L2B_REF_20250220T1130_20260528T2149_270_v2.1.nc
MAFR 121231,spare,False,MAFR_H,HYPSTAR_121231,2021-10-05/2021-10-04,20250602T1215,270,23.5,,HYPERNETS_W_MAFR_L2B_REF_20250602T1215_20260529T0802_270_v2.1.nc
MAFR 121231,spare,False,MAFR_H,HYPSTAR_121231,2021-10-05/2021-10-04,20250820T1000,270,42.6,,HYPERNETS_W_MAFR_L2B_REF_20250820T1000_20260529T1546_270_v2.1.nc
MAFR 121231,spare,False,MAFR_H,HYPSTAR_121231,2021-10-05/2021-10-04,20251102T1115,270,60.8,,HYPERNETS_W_MAFR_L2B_REF_20251102T1115_20260529T2250_270_v2.1.nc
MAFR 121231,spare,False,MAFR_H,HYPSTAR_121231,2021-10-05/2021-10-04,20260319T0930,270,57.9,,HYPERNETS_W_MAFR_L2B_REF_20260319T0930_20260530T1228_270_v2.1.nc
MAFR 121231,spare,False,MAFR_H,HYPSTAR_121231,2021-10-05/2021-10-04,20260509T1045,270,32.0,,HYPERNETS_W_MAFR_L2B_REF_20260509T1045_20260828T1210_270_v2.1.nc
MAFR 122303,primary,False,MAFR_H,HYPSTAR_122303,2023-01-27/2023-01-25,20260522T1215,270,25.3,,HYPERNETS_W_MAFR_L2B_REF_20260522T1215_20260828T1341_270_v2.1.nc
MAFR 122303,primary,False,MAFR_H,HYPSTAR_122303,2023-01-27/2023-01-25,20260525T1015,270,32.5,,HYPERNETS_W_MAFR_L2B_REF_20260525T1015_20260828T1359_270_v2.1.nc
MAFR 122303,primary,False,MAFR_H,HYPSTAR_122303,2023-01-27/2023-01-25,20260527T1115,270,25.8,,HYPERNETS_W_MAFR_L2B_REF_20260527T1115_20260828T1411_270_v2.1.nc
MAFR 122303,primary,False,MAFR_H,HYPSTAR_122303,2023-01-27/2023-01-25,20260613T1100,270,25.6,,HYPERNETS_W_MAFR_L2B_REF_20260613T1100_20260828T1600_270_v2.1.nc
MAFR 122303,primary,False,MAFR_H,HYPSTAR_122303,2023-01-27/2023-01-25,20260622T1030,270,29.1,,HYPERNETS_W_MAFR_L2B_REF_20260622T1030_20260828T1656_270_v2.1.nc
MAFR 122303,primary,False,MAFR_H,HYPSTAR_122303,2023-01-27/2023-01-25,20260704T1130,270,23.9,,HYPERNETS_W_MAFR_L2B_REF_20260704T1130_20260828T1811_270_v2.1.nc
MAFR 122303,primary,False,MAFR_H,HYPSTAR_122303,2023-01-27/2023-01-25,20260724T1115,270,28.0,,HYPERNETS_W_MAFR_L2B_REF_20260724T1115_20260828T2008_270_v2.1.nc
MAFR 122303,primary,False,MAFR_H,HYPSTAR_122303,2023-01-27/2023-01-25,20260728T1045,270,31.7,,HYPERNETS_W_MAFR_L2B_REF_20260728T1045_20260828T2031_270_v2.1.nc
MAFR 122303,spare,False,MAFR_H,HYPSTAR_122303,2023-01-27/2023-01-25,20260531T1145,270,23.8,,HYPERNETS_W_MAFR_L2B_REF_20260531T1145_20260828T1437_270_v2.1.nc
MAFR 122303,spare,False,MAFR_H,HYPSTAR_122303,2023-01-27/2023-01-25,20260613T0930,270,37.9,,HYPERNETS_W_MAFR_L2B_REF_20260613T0930_20260828T1559_270_v2.1.nc
MAFR 122303,spare,False,MAFR_H,HYPSTAR_122303,2023-01-27/2023-01-25,20260615T1130,270,23.2,,HYPERNETS_W_MAFR_L2B_REF_20260615T1130_20260828T1613_270_v2.1.nc
MAFR 122303,spare,False,MAFR_H,HYPSTAR_122303,2023-01-27/2023-01-25,20260730T1200,270,27.2,,HYPERNETS_W_MAFR_L2B_REF_20260730T1200_20260828T2043_270_v2.1.nc
THFR 122302,primary,False,THFR_H,HYPSTAR_122302,2023-01-27/2023-01-25,20250609T0800,270,49.8,,HYPERNETS_W_THFR_L2B_REF_20250609T0800_20260527T2237_270_v2.1.nc
THFR 122302,primary,False,THFR_H,HYPSTAR_122302,2023-01-27/2023-01-25,20250616T1000,270,29.3,,HYPERNETS_W_THFR_L2B_REF_20250616T1000_20260527T2331_270_v2.1.nc
THFR 122302,primary,False,THFR_H,HYPSTAR_122302,2023-01-27/2023-01-25,20250731T0830,270,48.8,,HYPERNETS_W_THFR_L2B_REF_20250731T0830_20260528T0508_270_v2.1.nc
THFR 122302,primary,False,THFR_H,HYPSTAR_122302,2023-01-27/2023-01-25,20250804T1000,270,35.0,,HYPERNETS_W_THFR_L2B_REF_20250804T1000_20260528T0540_270_v2.1.nc
THFR 122302,primary,False,THFR_H,HYPSTAR_122302,2023-01-27/2023-01-25,20250806T0800,270,55.1,,HYPERNETS_W_THFR_L2B_REF_20250806T0800_20260528T0554_270_v2.1.nc
THFR 122302,primary,False,THFR_H,HYPSTAR_122302,2023-01-27/2023-01-25,20250807T0830,270,49.9,,HYPERNETS_W_THFR_L2B_REF_20250807T0830_20260528T0602_270_v2.1.nc
THFR 122302,primary,False,THFR_H,HYPSTAR_122302,2023-01-27/2023-01-25,20250908T0900,270,51.8,,HYPERNETS_W_THFR_L2B_REF_20250908T0900_20260528T1005_270_v2.1.nc
THFR 122302,primary,False,THFR_H,HYPSTAR_122302,2023-01-27/2023-01-25,20250927T0915,270,54.9,,HYPERNETS_W_THFR_L2B_REF_20250927T0915_20260528T1227_270_v2.1.nc
THFR 122302,primary,False,THFR_H,HYPSTAR_122302,2023-01-27/2023-01-25,20251003T1130,270,47.6,,HYPERNETS_W_THFR_L2B_REF_20251003T1130_20260528T1315_270_v2.1.nc
THFR 122302,primary,False,THFR_H,HYPSTAR_122302,2023-01-27/2023-01-25,20251011T0945,270,55.9,,HYPERNETS_W_THFR_L2B_REF_20251011T0945_20260528T1415_270_v2.1.nc
THFR 122302,primary,False,THFR_H,HYPSTAR_122302,2023-01-27/2023-01-25,20251118T1215,270,63.7,,HYPERNETS_W_THFR_L2B_REF_20251118T1215_20260528T1854_270_v2.1.nc
THFR 122302,primary,False,THFR_H,HYPSTAR_122302,2023-01-27/2023-01-25,20251229T1200,270,66.7,,HYPERNETS_W_THFR_L2B_REF_20251229T1200_20260528T2345_270_v2.1.nc
THFR 122302,primary,False,THFR_H,HYPSTAR_122302,2023-01-27/2023-01-25,20260128T0915,270,71.8,,HYPERNETS_W_THFR_L2B_REF_20260128T0915_20260529T0310_270_v2.1.nc
THFR 122302,primary,False,THFR_H,HYPSTAR_122302,2023-01-27/2023-01-25,20260215T1315,270,58.7,,HYPERNETS_W_THFR_L2B_REF_20260215T1315_20260529T0524_270_v2.1.nc
THFR 122302,primary,False,THFR_H,HYPSTAR_122302,2023-01-27/2023-01-25,20260301T0930,270,60.7,,HYPERNETS_W_THFR_L2B_REF_20260301T0930_20260529T0706_270_v2.1.nc
THFR 122302,primary,False,THFR_H,HYPSTAR_122302,2023-01-27/2023-01-25,20260301T1045,270,53.4,,HYPERNETS_W_THFR_L2B_REF_20260301T1045_20260529T0707_270_v2.1.nc
THFR 122302,primary,False,THFR_H,HYPSTAR_122302,2023-01-27/2023-01-25,20260415T0745,270,61.3,,HYPERNETS_W_THFR_L2B_REF_20260415T0745_20260529T1245_270_v2.1.nc
THFR 122302,primary,False,THFR_H,HYPSTAR_122302,2023-01-27/2023-01-25,20260427T0930,270,40.7,,HYPERNETS_W_THFR_L2B_REF_20260427T0930_20260529T1417_270_v2.1.nc
THFR 122302,primary,False,THFR_H,HYPSTAR_122302,2023-01-27/2023-01-25,20260511T0715,270,60.6,,HYPERNETS_W_THFR_L2B_REF_20260511T0715_20260828T1240_270_v2.1.nc
THFR 122302,primary,False,THFR_H,HYPSTAR_122302,2023-01-27/2023-01-25,20260714T1245,270,24.7,,HYPERNETS_W_THFR_L2B_REF_20260714T1245_20260828T2114_270_v2.1.nc
THFR 122302,spare,False,THFR_H,HYPSTAR_122302,2023-01-27/2023-01-25,20250621T1030,270,25.3,,HYPERNETS_W_THFR_L2B_REF_20250621T1030_20260528T0009_270_v2.1.nc
THFR 122302,spare,False,THFR_H,HYPSTAR_122302,2023-01-27/2023-01-25,20250710T1030,270,26.8,,HYPERNETS_W_THFR_L2B_REF_20250710T1030_20260528T0233_270_v2.1.nc
THFR 122302,spare,False,THFR_H,HYPSTAR_122302,2023-01-27/2023-01-25,20250807T1000,270,35.6,,HYPERNETS_W_THFR_L2B_REF_20250807T1000_20260528T0603_270_v2.1.nc
THFR 122302,spare,False,THFR_H,HYPSTAR_122302,2023-01-27/2023-01-25,20250906T1230,270,38.7,,HYPERNETS_W_THFR_L2B_REF_20250906T1230_20260528T0953_270_v2.1.nc
THFR 122302,spare,False,THFR_H,HYPSTAR_122302,2023-01-27/2023-01-25,20251129T0900,270,73.7,,HYPERNETS_W_THFR_L2B_REF_20251129T0900_20260528T2013_270_v2.1.nc
THFR 122302,spare,False,THFR_H,HYPSTAR_122302,2023-01-27/2023-01-25,20260408T1130,270,36.3,,HYPERNETS_W_THFR_L2B_REF_20260408T1130_20260529T1154_270_v2.1.nc
THFR 122302,spare,False,THFR_H,HYPSTAR_122302,2023-01-27/2023-01-25,20260513T0815,270,49.5,,HYPERNETS_W_THFR_L2B_REF_20260513T0815_20260828T1259_270_v2.1.nc
THFR 122302,spare,False,THFR_H,HYPSTAR_122302,2023-01-27/2023-01-25,20260529T0900,270,39.7,,HYPERNETS_W_THFR_L2B_REF_20260529T0900_20260828T1519_270_v2.1.nc
THFR 122302,spare,False,THFR_H,HYPSTAR_122302,2023-01-27/2023-01-25,20260624T0730,270,55.5,,HYPERNETS_W_THFR_L2B_REF_20260624T0730_20260828T1839_270_v2.1.nc
THFR 122302,spare,False,THFR_H,HYPSTAR_122302,2023-01-27/2023-01-25,20260708T0730,270,56.6,,HYPERNETS_W_THFR_L2B_REF_20260708T0730_20260828T2025_270_v2.1.nc
VEIT 122304 post-recal,primary,False,VEIT_H,HYPSTAR_122304,2024-11-08/2024-11-12,20250812T0630,090,66.0,,HYPERNETS_W_VEIT_L2B_REF_20250812T0630_20260602T0831_090_v2.1.nc
VEIT 122304 post-recal,primary,False,VEIT_H,HYPSTAR_122304,2024-11-08/2024-11-12,20250825T1015,090,36.7,,HYPERNETS_W_VEIT_L2B_REF_20250825T1015_20260602T1003_090_v2.1.nc
VEIT 122304 post-recal,primary,False,VEIT_H,HYPSTAR_122304,2024-11-08/2024-11-12,20250828T0815,090,51.6,,HYPERNETS_W_VEIT_L2B_REF_20250828T0815_20260602T1022_090_v2.1.nc
VEIT 122304 post-recal,primary,False,VEIT_H,HYPSTAR_122304,2024-11-08/2024-11-12,20250905T1100,090,38.7,,HYPERNETS_W_VEIT_L2B_REF_20250905T1100_20260602T1119_090_v2.1.nc
VEIT 122304 post-recal,primary,False,VEIT_H,HYPSTAR_122304,2024-11-08/2024-11-12,20250908T1415,090,57.2,,HYPERNETS_W_VEIT_L2B_REF_20250908T1415_20260602T1142_090_v2.1.nc
VEIT 122304 post-recal,primary,False,VEIT_H,HYPSTAR_122304,2024-11-08/2024-11-12,20250913T0645,090,69.8,,HYPERNETS_W_VEIT_L2B_REF_20250913T0645_20260602T1209_090_v2.1.nc
VEIT 122304 post-recal,primary,False,VEIT_H,HYPSTAR_122304,2024-11-08/2024-11-12,20251007T1400,090,65.5,,HYPERNETS_W_VEIT_L2B_REF_20251007T1400_20260602T1459_090_v2.1.nc
VEIT 122304 post-recal,primary,False,VEIT_H,HYPSTAR_122304,2024-11-08/2024-11-12,20251008T1215,090,54.4,,HYPERNETS_W_VEIT_L2B_REF_20251008T1215_20260602T1505_090_v2.1.nc
VEIT 122304 post-recal,primary,False,VEIT_H,HYPSTAR_122304,2024-11-08/2024-11-12,20251109T1330,090,71.9,,HYPERNETS_W_VEIT_L2B_REF_20251109T1330_20260602T1847_090_v2.1.nc
VEIT 122304 post-recal,primary,False,VEIT_H,HYPSTAR_122304,2024-11-08/2024-11-12,20260111T1000,090,69.2,,HYPERNETS_W_VEIT_L2B_REF_20260111T1000_20260603T0138_090_v2.1.nc
VEIT 122304 post-recal,primary,False,VEIT_H,HYPSTAR_122304,2024-11-08/2024-11-12,20260201T1030,090,63.4,,HYPERNETS_W_VEIT_L2B_REF_20260201T1030_20260603T0355_090_v2.1.nc
VEIT 122304 post-recal,primary,False,VEIT_H,HYPSTAR_122304,2024-11-08/2024-11-12,20260215T1100,090,58.1,,HYPERNETS_W_VEIT_L2B_REF_20260215T1100_20260603T0528_090_v2.1.nc
VEIT 122304 post-recal,primary,False,VEIT_H,HYPSTAR_122304,2024-11-08/2024-11-12,20260325T0745,090,63.0,,HYPERNETS_W_VEIT_L2B_REF_20260325T0745_20260603T0947_090_v2.1.nc
VEIT 122304 post-recal,primary,False,VEIT_H,HYPSTAR_122304,2024-11-08/2024-11-12,20260404T0930,090,45.2,,HYPERNETS_W_VEIT_L2B_REF_20260404T0930_20260603T1056_090_v2.1.nc
VEIT 122304 post-recal,primary,False,VEIT_H,HYPSTAR_122304,2024-11-08/2024-11-12,20260424T0715,090,58.4,,HYPERNETS_W_VEIT_L2B_REF_20260424T0715_20260603T1313_090_v2.1.nc
VEIT 122304 post-recal,primary,False,VEIT_H,HYPSTAR_122304,2024-11-08/2024-11-12,20260502T0645,090,61.6,,HYPERNETS_W_VEIT_L2B_REF_20260502T0645_20260828T1130_090_v2.1.nc
VEIT 122304 post-recal,primary,False,VEIT_H,HYPSTAR_122304,2024-11-08/2024-11-12,20260619T1430,090,45.9,,HYPERNETS_W_VEIT_L2B_REF_20260619T1430_20260828T1739_090_v2.1.nc
VEIT 122304 post-recal,primary,False,VEIT_H,HYPSTAR_122304,2024-11-08/2024-11-12,20260620T0630,090,59.7,,HYPERNETS_W_VEIT_L2B_REF_20260620T0630_20260828T1740_090_v2.1.nc
VEIT 122304 post-recal,primary,False,VEIT_H,HYPSTAR_122304,2024-11-08/2024-11-12,20260622T1030,090,23.3,,HYPERNETS_W_VEIT_L2B_REF_20260622T1030_20260828T1756_090_v2.1.nc
VEIT 122304 post-recal,primary,False,VEIT_H,HYPSTAR_122304,2024-11-08/2024-11-12,20260705T0700,090,55.4,,HYPERNETS_W_VEIT_L2B_REF_20260705T0700_20260828T1924_090_v2.1.nc
VEIT 122304 post-recal,spare,False,VEIT_H,HYPSTAR_122304,2024-11-08/2024-11-12,20251002T1030,090,49.4,,HYPERNETS_W_VEIT_L2B_REF_20251002T1030_20260602T1422_090_v2.1.nc
VEIT 122304 post-recal,spare,False,VEIT_H,HYPSTAR_122304,2024-11-08/2024-11-12,20251221T1215,090,70.5,,HYPERNETS_W_VEIT_L2B_REF_20251221T1215_20260602T2324_090_v2.1.nc
VEIT 122304 post-recal,spare,False,VEIT_H,HYPSTAR_122304,2024-11-08/2024-11-12,20260121T0930,090,69.7,,HYPERNETS_W_VEIT_L2B_REF_20260121T0930_20260603T0242_090_v2.1.nc
VEIT 122304 post-recal,spare,False,VEIT_H,HYPSTAR_122304,2024-11-08/2024-11-12,20260305T1345,090,60.7,,HYPERNETS_W_VEIT_L2B_REF_20260305T1345_20260603T0731_090_v2.1.nc
VEIT 122304 post-recal,spare,False,VEIT_H,HYPSTAR_122304,2024-11-08/2024-11-12,20260321T1300,090,50.5,,HYPERNETS_W_VEIT_L2B_REF_20260321T1300_20260603T0922_090_v2.1.nc
VEIT 122304 post-recal,spare,False,VEIT_H,HYPSTAR_122304,2024-11-08/2024-11-12,20260406T1030,090,39.7,,HYPERNETS_W_VEIT_L2B_REF_20260406T1030_20260603T1111_090_v2.1.nc
VEIT 122304 post-recal,spare,False,VEIT_H,HYPSTAR_122304,2024-11-08/2024-11-12,20260524T1230,090,30.1,,HYPERNETS_W_VEIT_L2B_REF_20260524T1230_20260828T1423_090_v2.1.nc
VEIT 122304 post-recal,spare,False,VEIT_H,HYPSTAR_122304,2024-11-08/2024-11-12,20260530T0800,090,44.4,,HYPERNETS_W_VEIT_L2B_REF_20260530T0800_20260828T1510_090_v2.1.nc
VEIT 122304 post-recal,spare,False,VEIT_H,HYPSTAR_122304,2024-11-08/2024-11-12,20260701T0630,090,60.3,,HYPERNETS_W_VEIT_L2B_REF_20260701T0630_20260828T1856_090_v2.1.nc
VEIT 122304 post-recal,spare,False,VEIT_H,HYPSTAR_122304,2024-11-08/2024-11-12,20260712T0845,090,38.2,,HYPERNETS_W_VEIT_L2B_REF_20260712T0845_20260828T2013_090_v2.1.nc
VEIT 122304 pre-recal,primary,False,VEIT_H,HYPSTAR_122304,2023-01-27/2023-01-25,20230424T0900,090,42.1,,HYPERNETS_W_VEIT_L2B_REF_20230424T0900_20260603T1652_090_v2.1.nc
VEIT 122304 pre-recal,primary,False,VEIT_H,HYPSTAR_122304,2023-01-27/2023-01-25,20230428T0740,270,53.2,,HYPERNETS_W_VEIT_L2B_REF_20230428T0740_20260603T1712_270_v2.1.nc
VEIT 122304 pre-recal,primary,False,VEIT_H,HYPSTAR_122304,2023-01-27/2023-01-25,20230508T1540,270,63.1,,HYPERNETS_W_VEIT_L2B_REF_20230508T1540_20260603T1812_270_v2.1.nc
VEIT 122304 pre-recal,primary,False,VEIT_H,HYPSTAR_122304,2023-01-27/2023-01-25,20230522T0840,270,38.7,,HYPERNETS_W_VEIT_L2B_REF_20230522T0840_20260603T1923_270_v2.1.nc
VEIT 122304 pre-recal,primary,False,VEIT_H,HYPSTAR_122304,2023-01-27/2023-01-25,20230523T0640,270,58.9,,HYPERNETS_W_VEIT_L2B_REF_20230523T0640_20260603T1927_270_v2.1.nc
VEIT 122304 pre-recal,primary,False,VEIT_H,HYPSTAR_122304,2023-01-27/2023-01-25,20230604T1020,270,24.7,,HYPERNETS_W_VEIT_L2B_REF_20230604T1020_20260603T2045_270_v2.1.nc
VEIT 122304 pre-recal,primary,False,VEIT_H,HYPSTAR_122304,2023-01-27/2023-01-25,20230610T0600,270,64.8,,HYPERNETS_W_VEIT_L2B_REF_20230610T0600_20260603T2118_270_v2.1.nc
VEIT 122304 pre-recal,primary,False,VEIT_H,HYPSTAR_122304,2023-01-27/2023-01-25,20230626T1420,270,44.0,,HYPERNETS_W_VEIT_L2B_REF_20230626T1420_20260603T2300_270_v2.1.nc
VEIT 122304 pre-recal,primary,False,VEIT_H,HYPSTAR_122304,2023-01-27/2023-01-25,20231014T1220,090,56.8,,HYPERNETS_W_VEIT_L2B_REF_20231014T1220_20260604T1002_090_v2.1.nc
VEIT 122304 pre-recal,primary,False,VEIT_H,HYPSTAR_122304,2023-01-27/2023-01-25,20231022T0940,090,58.6,,HYPERNETS_W_VEIT_L2B_REF_20231022T0940_20260604T1044_090_v2.1.nc
VEIT 122304 pre-recal,primary,False,VEIT_H,HYPSTAR_122304,2023-01-27/2023-01-25,20231031T0900,090,64.5,,HYPERNETS_W_VEIT_L2B_REF_20231031T0900_20260604T1133_090_v2.1.nc
VEIT 122304 pre-recal,primary,False,VEIT_H,HYPSTAR_122304,2023-01-27/2023-01-25,20231125T1040,090,66.1,,HYPERNETS_W_VEIT_L2B_REF_20231125T1040_20260604T1350_090_v2.1.nc
VEIT 122304 pre-recal,primary,False,VEIT_H,HYPSTAR_122304,2023-01-27/2023-01-25,20231207T1300,090,73.2,,HYPERNETS_W_VEIT_L2B_REF_20231207T1300_20260604T1452_090_v2.1.nc
VEIT 122304 pre-recal,primary,False,VEIT_H,HYPSTAR_122304,2023-01-27/2023-01-25,20240129T1400,090,72.8,,HYPERNETS_W_VEIT_L2B_REF_20240129T1400_20260604T1916_090_v2.1.nc
VEIT 122304 pre-recal,primary,False,VEIT_H,HYPSTAR_122304,2023-01-27/2023-01-25,20240224T1120,090,54.8,,HYPERNETS_W_VEIT_L2B_REF_20240224T1120_20260604T2142_090_v2.1.nc
VEIT 122304 pre-recal,primary,False,VEIT_H,HYPSTAR_122304,2023-01-27/2023-01-25,20240225T1500,090,73.2,,HYPERNETS_W_VEIT_L2B_REF_20240225T1500_20260604T2150_090_v2.1.nc
VEIT 122304 pre-recal,primary,False,VEIT_H,HYPSTAR_122304,2023-01-27/2023-01-25,20240320T0720,090,68.5,,HYPERNETS_W_VEIT_L2B_REF_20240320T0720_20260605T0006_090_v2.1.nc
VEIT 122304 pre-recal,primary,False,VEIT_H,HYPSTAR_122304,2023-01-27/2023-01-25,20240321T0720,090,68.2,,HYPERNETS_W_VEIT_L2B_REF_20240321T0720_20260605T0011_090_v2.1.nc
VEIT 122304 pre-recal,primary,False,VEIT_H,HYPSTAR_122304,2023-01-27/2023-01-25,20240322T1320,090,52.2,,HYPERNETS_W_VEIT_L2B_REF_20240322T1320_20260605T0019_090_v2.1.nc
VEIT 122304 pre-recal,primary,False,VEIT_H,HYPSTAR_122304,2023-01-27/2023-01-25,20240528T1340,090,39.5,,HYPERNETS_W_VEIT_L2B_REF_20240528T1340_20260605T0631_090_v2.1.nc
VEIT 122304 pre-recal,spare,False,VEIT_H,HYPSTAR_122304,2023-01-27/2023-01-25,20230601T1000,270,26.9,,HYPERNETS_W_VEIT_L2B_REF_20230601T1000_20260603T2025_270_v2.1.nc
VEIT 122304 pre-recal,spare,False,VEIT_H,HYPSTAR_122304,2023-01-27/2023-01-25,20230607T0620,270,61.4,,HYPERNETS_W_VEIT_L2B_REF_20230607T0620_20260603T2059_270_v2.1.nc
VEIT 122304 pre-recal,spare,False,VEIT_H,HYPSTAR_122304,2023-01-27/2023-01-25,20231016T1420,090,71.2,,HYPERNETS_W_VEIT_L2B_REF_20231016T1420_20260604T1015_090_v2.1.nc
VEIT 122304 pre-recal,spare,False,VEIT_H,HYPSTAR_122304,2023-01-27/2023-01-25,20231113T0920,090,66.6,,HYPERNETS_W_VEIT_L2B_REF_20231113T0920_20260604T1246_090_v2.1.nc
VEIT 122304 pre-recal,spare,False,VEIT_H,HYPSTAR_122304,2023-01-27/2023-01-25,20231211T0940,090,70.7,,HYPERNETS_W_VEIT_L2B_REF_20231211T0940_20260604T1510_090_v2.1.nc
VEIT 122304 pre-recal,spare,False,VEIT_H,HYPSTAR_122304,2023-01-27/2023-01-25,20240123T1340,090,72.2,,HYPERNETS_W_VEIT_L2B_REF_20240123T1340_20260604T1846_090_v2.1.nc
VEIT 122304 pre-recal,spare,False,VEIT_H,HYPSTAR_122304,2023-01-27/2023-01-25,20240202T1320,090,67.7,,HYPERNETS_W_VEIT_L2B_REF_20240202T1320_20260604T1937_090_v2.1.nc
VEIT 122304 pre-recal,spare,False,VEIT_H,HYPSTAR_122304,2023-01-27/2023-01-25,20240213T1020,090,60.4,,HYPERNETS_W_VEIT_L2B_REF_20240213T1020_20260604T2037_090_v2.1.nc
VEIT 122304 pre-recal,spare,False,VEIT_H,HYPSTAR_122304,2023-01-27/2023-01-25,20240321T1120,090,44.8,,HYPERNETS_W_VEIT_L2B_REF_20240321T1120_20260605T0013_090_v2.1.nc
VEIT 122304 pre-recal,spare,False,VEIT_H,HYPSTAR_122304,2023-01-27/2023-01-25,20240518T0700,090,56.0,,HYPERNETS_W_VEIT_L2B_REF_20240518T0700_20260605T0534_090_v2.1.nc
VEIT 122305,primary,False,VEIT_H,HYPSTAR_122305,2023-01-27/2023-01-25,20240622T1245,090,29.1,,HYPERNETS_W_VEIT_L2B_REF_20240622T1245_20260605T0927_090_v2.1.nc
VEIT 122305,primary,False,VEIT_H,HYPSTAR_122305,2023-01-27/2023-01-25,20240721T1400,090,42.1,,HYPERNETS_W_VEIT_L2B_REF_20240721T1400_20260605T1319_090_v2.1.nc
VEIT 122305,primary,False,VEIT_H,HYPSTAR_122305,2023-01-27/2023-01-25,20240731T0615,090,66.6,,HYPERNETS_W_VEIT_L2B_REF_20240731T0615_20260605T1434_090_v2.1.nc
VEIT 122305,primary,False,VEIT_H,HYPSTAR_122305,2023-01-27/2023-01-25,20240831T1215,090,39.7,,HYPERNETS_W_VEIT_L2B_REF_20240831T1215_20260605T1848_090_v2.1.nc
VEIT 122305,primary,False,VEIT_H,HYPSTAR_122305,2023-01-27/2023-01-25,20240902T0830,090,50.7,,HYPERNETS_W_VEIT_L2B_REF_20240902T0830_20260605T1902_090_v2.1.nc
VEIT 122305,primary,False,VEIT_H,HYPSTAR_122305,2023-01-27/2023-01-25,20241012T1245,090,58.5,,HYPERNETS_W_VEIT_L2B_REF_20241012T1245_20260606T0026_090_v2.1.nc
VEIT 122305,primary,False,VEIT_H,HYPSTAR_122305,2023-01-27/2023-01-25,20241021T0815,090,66.4,,HYPERNETS_W_VEIT_L2B_REF_20241021T0815_20260606T0134_090_v2.1.nc
VEIT 122305,primary,False,VEIT_H,HYPSTAR_122305,2023-01-27/2023-01-25,20241106T1245,090,66.7,,HYPERNETS_W_VEIT_L2B_REF_20241106T1245_20260606T0338_090_v2.1.nc
VEIT 122305,primary,False,VEIT_H,HYPSTAR_122305,2023-01-27/2023-01-25,20241224T1045,090,68.9,,HYPERNETS_W_VEIT_L2B_REF_20241224T1045_20260606T0853_090_v2.1.nc
VEIT 122305,primary,False,VEIT_H,HYPSTAR_122305,2023-01-27/2023-01-25,20250112T1245,090,69.8,,HYPERNETS_W_VEIT_L2B_REF_20250112T1245_20260606T1102_090_v2.1.nc
VEIT 122305,primary,False,VEIT_H,HYPSTAR_122305,2023-01-27/2023-01-25,20250217T1245,090,60.1,,HYPERNETS_W_VEIT_L2B_REF_20250217T1245_20260601T1235_090_v2.1.nc
VEIT 122305,primary,False,VEIT_H,HYPSTAR_122305,2023-01-27/2023-01-25,20250221T1415,090,67.9,,HYPERNETS_W_VEIT_L2B_REF_20250221T1415_20260601T1304_090_v2.1.nc
VEIT 122305,primary,False,VEIT_H,HYPSTAR_122305,2023-01-27/2023-01-25,20250307T0745,090,69.3,,HYPERNETS_W_VEIT_L2B_REF_20250307T0745_20260601T1433_090_v2.1.nc
VEIT 122305,primary,False,VEIT_H,HYPSTAR_122305,2023-01-27/2023-01-25,20250316T1115,090,46.8,,HYPERNETS_W_VEIT_L2B_REF_20250316T1115_20260601T1535_090_v2.1.nc
VEIT 122305,primary,False,VEIT_H,HYPSTAR_122305,2023-01-27/2023-01-25,20250407T1345,090,50.8,,HYPERNETS_W_VEIT_L2B_REF_20250407T1345_20260601T1807_090_v2.1.nc
VEIT 122305,primary,False,VEIT_H,HYPSTAR_122305,2023-01-27/2023-01-25,20250428T0600,090,70.3,,HYPERNETS_W_VEIT_L2B_REF_20250428T0600_20260601T2028_090_v2.1.nc
VEIT 122305,primary,False,VEIT_H,HYPSTAR_122305,2023-01-27/2023-01-25,20250502T1315,090,40.4,,HYPERNETS_W_VEIT_L2B_REF_20250502T1315_20260601T2102_090_v2.1.nc
VEIT 122305,primary,False,VEIT_H,HYPSTAR_122305,2023-01-27/2023-01-25,20250517T0630,090,61.4,,HYPERNETS_W_VEIT_L2B_REF_20250517T0630_20260601T2241_090_v2.1.nc
VEIT 122305,primary,False,VEIT_H,HYPSTAR_122305,2023-01-27/2023-01-25,20250613T0615,090,62.1,,HYPERNETS_W_VEIT_L2B_REF_20250613T0615_20260602T0148_090_v2.1.nc
VEIT 122305,primary,False,VEIT_H,HYPSTAR_122305,2023-01-27/2023-01-25,20250622T0745,090,46.6,,HYPERNETS_W_VEIT_L2B_REF_20250622T0745_20260602T0252_090_v2.1.nc
VEIT 122305,spare,False,VEIT_H,HYPSTAR_122305,2023-01-27/2023-01-25,20240715T1245,090,30.3,,HYPERNETS_W_VEIT_L2B_REF_20240715T1245_20260605T1230_090_v2.1.nc
VEIT 122305,spare,False,VEIT_H,HYPSTAR_122305,2023-01-27/2023-01-25,20240826T1145,090,36.0,,HYPERNETS_W_VEIT_L2B_REF_20240826T1145_20260605T1807_090_v2.1.nc
VEIT 122305,spare,False,VEIT_H,HYPSTAR_122305,2023-01-27/2023-01-25,20240828T1600,090,71.2,,HYPERNETS_W_VEIT_L2B_REF_20240828T1600_20260605T1827_090_v2.1.nc
VEIT 122305,spare,False,VEIT_H,HYPSTAR_122305,2023-01-27/2023-01-25,20240904T1430,090,58.3,,HYPERNETS_W_VEIT_L2B_REF_20240904T1430_20260605T1922_090_v2.1.nc
VEIT 122305,spare,False,VEIT_H,HYPSTAR_122305,2023-01-27/2023-01-25,20240921T1445,090,66.6,,HYPERNETS_W_VEIT_L2B_REF_20240921T1445_20260605T2140_090_v2.1.nc
VEIT 122305,spare,False,VEIT_H,HYPSTAR_122305,2023-01-27/2023-01-25,20241030T0745,090,72.7,,HYPERNETS_W_VEIT_L2B_REF_20241030T0745_20260606T0241_090_v2.1.nc
VEIT 122305,spare,False,VEIT_H,HYPSTAR_122305,2023-01-27/2023-01-25,20250222T0930,090,60.7,,HYPERNETS_W_VEIT_L2B_REF_20250222T0930_20260601T1307_090_v2.1.nc
VEIT 122305,spare,False,VEIT_H,HYPSTAR_122305,2023-01-27/2023-01-25,20250227T1000,090,56.4,,HYPERNETS_W_VEIT_L2B_REF_20250227T1000_20260601T1340_090_v2.1.nc
VEIT 122305,spare,False,VEIT_H,HYPSTAR_122305,2023-01-27/2023-01-25,20250427T1015,090,33.1,,HYPERNETS_W_VEIT_L2B_REF_20250427T1015_20260601T2024_090_v2.1.nc
VEIT 122305,spare,False,VEIT_H,HYPSTAR_122305,2023-01-27/2023-01-25,20250502T1100,090,29.8,,HYPERNETS_W_VEIT_L2B_REF_20250502T1100_20260601T2101_090_v2.1.nc
